OBJECTID,Local Government Areas 2021 code,Local Government Areas 2021 name,Area in square kilometres,State and Territory 2021 code,State and Territory 2021 name,Lone person households (no.) (Data year: 2021),Group households (no.) (Data year: 2021),Family households (no.) (Data year: 2021),Total households (excluding visitor only and other non-classifiable households) (no.) (Data year: 2021),Average household size (no. of persons) (Data year: 2021),Couple families with children under 15 and/or dependent students (no.) (Data year: 2021),Couple families with non-dependent children only (no.) (Data year: 2021),Couple families without children (no.) (Data year: 2021),One parent families with children under 15 and/or dependent students (no.) (Data year: 2021),One parent families with non-dependent children only (no.) (Data year: 2021),Other families (no.) (Data year: 2021),Total families (no.) (Data year: 2021),Average family size (no. of persons) (Data year: 2021),Social marital status:Married in a registered marriage (no.) (Data year: 2021),Social marital status:Married in a de facto marriage (no.) (Data year: 2021),Social marital status:Not married (no.) (Data year: 2021),Registered marital status:Married (%) (Data year: 2021),Registered marital status:Never married (%) (Data year: 2021),Registered marital status:Widowed (%) (Data year: 2021),Registered marital status:Divorced (%) (Data year: 2021),Registered marital status:Separated (%) (Data year: 2021),Average number of children per family (for families with children) (no.) (Data year: 2021),Persons who did not provide child care (%) (Data year: 2021),Persons who cared for own child/children (%) (Data year: 2021),Persons who cared for other child/children (%) (Data year: 2021),Persons who cared for own or other child/children (%) (Data year: 2021),Unpaid child care not stated (%) (Data year: 2021),Persons who provided unpaid assistance to a person with a disability (%) (Data year: 2021),Persons undertaking voluntary work for an organisation or group (%) (Data year: 2021),Dwelling structure:Separate house (no.) (Data year: 2021),"Dwelling structure:Semi-detached, row or terrace house, townhouse etc. (no.) (Data year: 2021)",Dwelling structure:Flat or apartment (no.) (Data year: 2021),Dwelling structure:Other type of dwelling (no.) (Data year: 2021),Dwelling structure not stated (no.) (Data year: 2021),Total occupied private dwellings  (excluding visitor only and other non-classifiable households) (no.) (Data year: 2021),Occupied private dwellings:Owned outright (no.) (Data year: 2021),Occupied private dwellings:Owned with a mortgage (no.) (Data year: 2021),Occupied private dwellings:Rented (no.) (Data year: 2021),Occupied private dwellings:Other tenure type (no.) (Data year: 2021),Occupied private dwellings:Tenure type not stated (no.) (Data year: 2021),Occupied private dwellings:Owned outright (%) (Data year: 2021),Occupied private dwellings:Owned with a mortgage (%) (Data year: 2021),Occupied private dwellings:Rented (%) (Data year: 2021),Occupied private dwellings:Other tenure type (%) (Data year: 2021),Occupied private dwellings:Tenure type not stated (%) (Data year: 2021),Housing suitability:Dwellings with extra bedrooms needed (no.) (Data year: 2021),Housing suitability:Dwellings with bedrooms spare (no.) (Data year: 2021),Housing suitability:Dwellings with no bedrooms needed or spare (no.) (Data year: 2021),Count of homeless persons (no.) (Data year: 2021),"Homeless persons per 10,000 persons (rate) (Data year: 2021)",Median weekly household rental payment ($) (Data year: 2021),Median monthly household mortgage payment ($) (Data year: 2021),Households where mortgage repayments are less than or equal to 30% of imputed household income (no.) (Data year: 2021),Households where mortgage repayments are more than 30% of imputed household income (no.) (Data year: 2021),Households where rent payments are less than or equal to 30% of imputed household income (no.) (Data year: 2021),Households where rent payments are more than 30% of imputed household income (no.) (Data year: 2021),Households where mortgage repayments are less than or equal to 30% of imputed household income (%) (Data year: 2021),Households where mortgage repayments are more than 30% of imputed household income (%) (Data year: 2021),Households where rent payments are less than or equal to 30% of imputed household income (%) (Data year: 2021),Households where rent payments are more than 30% of imputed household income (%) (Data year: 2021),SEIFA Index of relative socio-economic disadvantage (IRSD):Rank within Australia (decile) (Data year: 2021),SEIFA Index of relative socio-economic advantage and disadvantage (IRSAD):Rank within Australia (decile) (Data year: 2021),SEIFA Index of education and occupation (IEO):Rank within Australia (decile) (Data year: 2021),SEIFA Index of economic resources (IER):Rank within Australia (decile) (Data year: 2021),SEIFA Index of relative socio-economic disadvantage (IRSD):Rank within State or Territory (decile) (Data year: 2021),SEIFA Index of relative socio-economic advantage and disadvantage (IRSAD):Rank within State or Territory (decile) (Data year: 2021),SEIFA Index of education and occupation (IEO):Rank within State or Territory (decile) (Data year: 2021),SEIFA Index of economic resources (IER):Rank within State or Territory (decile) (Data year: 2021),Households assigned to IHAD quartile 1 (most disadvantaged) (%) (Data year: 2021),Households assigned to IHAD quartile 2 (%) (Data year: 2021),Households assigned to IHAD quartile 3 (%) (Data year: 2021),Households assigned to IHAD quartile 4 (most advantaged) (%) (Data year: 2021),Census - Count of occupided private dwellings in scope for IHAD (Data year: 2021),Census - SEIFA Australia quartile ranking - index of relative socio-economic advantage and disadvantage (IRSAD) (Data year: 2021),Census - Percent of total dwellings out of scope for IHAD (%) (Data year: 2021),Persons who made a gift or donation deduction (no.) (Data year: 2022),Median value of gift and donation deductions ($) (Data year: 2022),Used one method of travel to work:Train (no.) (Data year: 2021),Used one method of travel to work:Tram (no.) (Data year: 2021),Used one method of travel to work:Bus (no.) (Data year: 2021),Used one method of travel to work:Ferry (no.) (Data year: 2021),Used one method of travel to work:Car (as driver) (no.) (Data year: 2021),Used one method of travel to work:Car (as passenger) (no.) (Data year: 2021),Used one method of travel to work:Taxi or ride-share service (no.) (Data year: 2021),Used one method of travel to work:Truck (no.) (Data year: 2021),Used one method of travel to work:Motor bike/scooter (no.) (Data year: 2021),Used one method of travel to work:Bicycle (no.) (Data year: 2021),Used one method of travel to work:Other (no.) (Data year: 2021),Used one method of travel to work:Walked only (no.) (Data year: 2021),Used one method of travel to work:Total persons (no.) (Data year: 2021),Used more than one method of travel to work:Total persons (no.) (Data year: 2021),"People who travelled to work using at least one form of public transport (train, tram, bus, ferry) (no.) (Data year: 2021)",People who travelled to work by car (as a driver or passenger) as at least one of their methods of travel (no.) (Data year: 2021),People who worked from home (no.) (Data year: 2021),People who were employed but did not go to work (no.) (Data year: 2021),Method of travel to work not stated (no.) (Data year: 2021),Total persons employed aged 15 years and over (no.) (Data year: 2021),Households with no motor vehicles (no.) (Data year: 2021),Households with one motor vehicle (no.) (Data year: 2021),Households with two motor vehicles (no.) (Data year: 2021),Households with three motor vehicles (no.) (Data year: 2021),Households with four or more motor vehicles (no.) (Data year: 2021),globalid,Shape__Area,Shape__Length
1,10050,Albury,305.6386,1,New South Wales,7002,820,14360,22182,2.3,4723,939,6024,1876,833,223,14613,2.9,17989,4979,17877,43.8,36.5,6,10,3.8,1.8,66.2,19.4,7.3,6.2,0.9,13.4,15.8,17855,3878,325,74,49,22182,6791,7071,7489,468,359,30.6,31.9,33.8,2.1,1.6,474,17706,3041,168,30,270,1473,5611,731,4513,2339,79.4,10.3,60.3,31.2,5,5,6,4,4,5,6,3,33.3,26.5,21.7,18.4,22080,2,13.2,9979,100,13,3,92,9,18494,1196,65,142,86,211,71,714,21098,162,151,19841,2392,2565,131,26344,1626,8453,8061,2444,1241,8ff80bde-ad65-4345-b290-b1c2e68867ac,0.0305604098057302,1.32176762431458
2,10180,Armidale Regional,7809.4406,1,New South Wales,3399,443,6793,10636,2.3,2171,369,3066,815,371,100,6896,2.9,8736,2320,8644,42.2,40.8,5.7,8.2,3.2,1.9,66.7,16.5,5.6,10.5,0.7,12.5,20,8967,1108,468,55,33,10636,3680,2824,3696,262,174,34.6,26.6,34.7,2.5,1.6,283,8428,1463,150,52,285,1436,2213,303,2047,1306,78.4,10.7,55.4,35.3,6,7,9,3,6,7,8,2,30.1,25.4,24,20.5,10590,3,18.3,3806,200,3,,45,,6412,572,25,94,70,70,73,470,7841,102,84,7081,2888,1846,87,12765,774,4140,3676,1239,629,96560d24-beb3-455c-9c4e-3846088d1a9e,0.732824737156079,6.03458271577016
3,10250,Ballina,484.9692,1,New South Wales,5155,668,12451,18281,2.4,3619,947,5890,1315,826,160,12754,2.8,16262,4360,14455,46.1,32,7.3,11.3,3.3,1.8,68.8,17.6,6.7,6.2,0.7,13.6,17.3,13126,3776,921,397,64,18281,7553,4944,4871,575,332,41.3,27,26.6,3.1,1.8,394,14483,2582,129,28,420,1950,3561,790,2343,2036,72,16,48.1,41.8,8,8,8,8,8,8,8,8,28,29.3,22.3,20.4,18185,4,12.9,6483,185,8,,64,,12260,737,8,184,71,225,88,576,14215,154,115,13141,3467,2826,114,20775,878,6659,7041,2203,1191,10621ce4-41ea-4b06-ae31-019fe1964973,0.0448434369468487,1.51112127170985
4,10300,Balranald,21690.7493,1,New South Wales,208,21,503,733,2.5,164,39,237,47,27,5,518,3,694,175,538,49.2,32.3,7,7.8,3.9,2.1,62.2,16.1,5.5,15.7,0.6,11.5,21.4,660,25,12,10,26,733,309,186,176,50,15,42.2,25.4,24,6.8,2,23,548,113,11,48,200,1083,128,19,112,40,68.8,10.2,63.6,22.7,4,4,3,4,4,3,3,3,39,24.6,24.8,11.8,731,2,33.1,177,183,,,4,,598,54,,10,,4,13,94,780,6,4,659,117,63,,973,42,229,265,109,72,75a80ada-b0ae-4e97-a488-78f9169b09bc,2.11552808722536,11.4899119511329
5,10470,Bathurst Regional,3817.8645,1,New South Wales,4406,538,10999,15942,2.5,3709,754,4538,1402,677,168,11242,2.9,13741,3915,13011,43.6,37.9,5.3,9.3,3.9,1.9,64.8,19,7.2,8.1,0.9,12.5,14.9,13526,1633,699,41,39,15942,5419,5232,4827,246,208,34,32.8,30.3,1.5,1.3,321,12882,1991,158,36,320,1733,4051,562,2933,1448,77.4,10.7,60.8,30,7,7,7,7,7,7,6,7,27.7,25.9,25.1,21.3,15872,3,14,6956,120,9,,53,4,13402,1100,60,189,60,50,67,647,15633,132,91,14629,2396,2195,92,20457,925,5381,5866,2186,1361,b7a34fc0-79a9-4d1d-aab1-e3fda4496d8b,0.370148777416034,5.39511407526543
6,10500,Bayside (NSW),50.6204,1,New South Wales,16347,4206,44280,64833,2.5,16004,3942,17955,3652,3180,1227,45959,2.9,59436,15661,62478,44.5,40.2,4.5,7.8,3,1.7,71.9,18.3,2.8,6.8,0.2,9.9,8.3,22373,7970,33875,462,157,64833,16862,18766,27318,901,987,26,28.9,42.1,1.4,1.5,5634,36288,20699,863,49,500,2468,12512,4344,15471,9805,66.7,23.1,56.6,35.9,7,9,9,4,8,9,9,3,23.8,26.3,26.4,23.5,64423,4,13.9,27984,190,4807,20,1522,5,28586,2579,186,448,605,378,513,2246,41892,3038,9065,32205,28934,10830,435,85131,9392,29979,17491,4562,2291,4a161e4e-bb1a-487f-88ff-4aa8e7e5ce58,0.00493713955120256,0.576414859777446
7,10550,Bega Valley,6278.5013,1,New South Wales,4511,384,9738,14630,2.2,2454,633,5351,851,567,90,9945,2.7,12696,3872,10282,47.2,30.4,7.1,11.9,3.5,1.8,70,15.1,6.5,7.6,0.8,13.5,21.9,12340,1267,700,241,73,14630,7164,3846,3017,353,251,49,26.3,20.6,2.4,1.7,352,11594,2065,151,42,310,1516,2788,578,1563,1160,72.5,15,51.8,38.4,6,5,6,6,6,5,6,6,32.2,32.5,22.9,12.5,14575,2,22.7,3983,150,,,41,6,9431,606,12,202,60,61,87,696,11199,98,61,10128,1885,1636,158,14975,588,5258,5698,1900,935,b6e6e3ba-c90d-4fd2-b988-bcf0d6f5ecc6,0.634170324692604,6.14082057609557
8,10600,Bellingen,1600.4338,1,New South Wales,1502,199,3482,5185,2.3,934,233,1718,442,230,41,3594,2.8,4240,1430,4062,43.1,32.9,6.5,13.3,4.2,1.8,67.4,16.9,6.5,7.9,1.2,14.3,22.2,4721,198,157,87,22,5185,2489,1388,1136,93,80,48,26.8,21.9,1.8,1.5,134,3944,849,48,36,340,1517,973,229,464,537,70.1,16.5,40.8,47.3,6,6,8,6,6,6,8,5,30.4,29.9,22.8,16.7,5166,3,19.2,1654,187,,,12,,3111,197,,64,34,37,21,242,3727,39,22,3348,976,580,43,5365,180,1901,1991,666,365,f0d8889d-cfaf-4cbb-a97a-5bde9dd79949,0.150235002870886,2.31147779771911
9,10650,Berrigan,2065.8878,1,New South Wales,1065,70,2235,3373,2.2,575,150,1232,187,102,29,2278,2.7,3129,709,2288,51.2,25.7,8.6,10.4,4.1,1.9,67.8,14.8,6.2,10.5,0.7,12.9,22.4,3041,239,34,24,30,3373,1569,945,658,95,107,46.5,28,19.5,2.8,3.2,53,2806,348,7,8,210,1207,720,118,410,183,76.2,12.5,62.3,27.8,5,4,3,5,4,3,2,4,39.5,28.2,20.1,12.1,3351,2,21.3,1325,100,,,6,,2255,147,,50,10,16,17,169,2662,41,8,2435,389,324,34,3454,122,1181,1263,457,252,75020dbb-ccd0-4d69-ac2e-8f2d8b47f212,0.205817890297567,2.91769996684886
10,10750,Blacktown,238.8471,1,New South Wales,19260,3208,98872,121337,3.1,48604,9971,26633,10376,6866,1719,104171,3.3,149309,19531,116853,52.6,33.8,4.1,6.3,3.2,1.9,64.1,25.3,3.6,6.6,0.3,9.9,8.8,98390,14480,8158,98,213,121337,24568,52012,41592,1301,1862,20.2,42.9,34.3,1.1,1.5,6804,87548,22311,1604,40,400,2383,37359,9378,25118,12953,71.8,18,60.4,31.1,6,8,8,9,6,8,8,9,22.5,20.7,22,34.8,120533,4,10,67904,169,4291,19,1505,11,69985,6123,293,1037,413,201,852,1231,85954,4895,10020,78730,57975,25253,849,174929,8045,43133,46060,14648,7523,e1bba5dc-90f2-4df6-be5b-47da0f04e111,0.0232385342424095,0.741290550227582
11,10800,Bland,8557.6536,1,New South Wales,676,38,1436,2151,2.3,464,90,672,129,75,12,1443,2.9,1952,430,1447,50.5,30.3,8.1,7.7,3.4,2,63.1,18.6,7.3,10.3,0.8,12.3,24.1,1968,90,44,21,34,2151,1014,574,388,122,50,47.1,26.7,18,5.7,2.3,34,1732,230,26,45,200,1083,439,53,262,59,76.5,9.2,67.5,15.2,7,6,5,7,7,6,5,7,37.3,24.2,24.9,13.7,2127,3,31.5,848,248,,,103,,1381,154,,33,13,3,31,167,1891,24,115,1559,388,213,33,2545,89,663,770,351,220,bc8c5bc4-271b-44f7-9cc0-0b1c273e7907,0.834081970328953,5.65858788765292
12,10850,Blayney,1524.647,1,New South Wales,708,46,2011,2763,2.5,672,164,864,201,106,35,2044,3,2635,676,2002,49.2,31.3,5.9,10,3.6,1.9,65.1,20.7,6.1,7.1,1,13.8,18.2,2628,82,22,13,8,2763,1108,959,600,59,33,40.1,34.7,21.7,2.1,1.2,51,2248,346,6,8,270,1517,721,104,373,158,75.2,10.8,62.2,26.3,6,6,5,9,7,6,5,9,29.1,25.4,25.6,19.8,2753,3,15.3,1222,130,,,16,,2233,128,,49,17,7,18,123,2596,29,18,2391,516,343,23,3503,77,789,1059,496,302,5a7f0a53-bf04-4987-b340-b2ad483045a4,0.14809141903379,2.28606621339244
13,10900,Blue Mountains,1431.1442,1,New South Wales,8142,752,21637,30528,2.4,7434,1750,9393,2031,1259,213,22072,2.9,29464,7299,23494,48.2,33,5.1,10.7,3,1.8,69.7,20.9,5.2,3.7,0.5,13.8,19.4,28125,1339,943,47,71,30528,12483,11848,5435,460,303,40.9,38.8,17.8,1.5,1,444,25096,3886,121,16,400,2035,9200,1578,2592,2429,77.7,13.3,47.7,44.7,9,9,9,9,9,8,9,9,18.5,26.2,25.6,29.7,30461,4,13.6,15335,200,451,,30,3,14203,789,31,274,87,75,140,595,16683,337,695,15225,13278,5858,137,36295,1786,11315,11405,3669,2052,17ebf37a-ecae-4550-be50-da5ecac11fec,0.139172971469634,3.09787950379781
14,10950,Bogan,14599.8996,1,New South Wales,278,22,624,923,2.4,209,57,262,59,35,20,638,3,762,272,696,44,36.5,8.4,7.2,3.9,2,65.1,19.3,5.3,10.3,0.2,11.6,19.5,840,47,6,11,22,923,370,229,252,40,36,40.1,24.8,27.3,4.3,3.9,13,719,125,4,16,200,1083,171,12,173,39,74.7,5.2,68.7,15.5,5,5,5,6,4,4,4,6,37.8,22,24.2,14.9,917,2,30,364,150,,,53,,656,75,,21,6,3,12,78,906,16,61,747,151,100,25,1199,48,278,310,147,95,b721eb6f-7c97-4cfb-bfd6-705ef6fb4b29,1.38661461573838,7.41067738370892
15,11150,Bourke,41598.3722,1,New South Wales,243,12,513,774,2.5,194,27,193,66,43,16,535,3.1,564,240,627,40.6,43.8,5.7,6.1,3.5,2,59.7,16.1,4.3,19.6,0.5,9.3,15.1,717,10,15,7,23,774,246,168,264,46,49,31.8,21.7,34.1,5.9,6.3,20,520,135,3,12,180,912,120,15,196,25,71.4,8.9,74.2,9.5,3,6,8,3,3,6,7,2,36.9,22.4,25.9,13.9,746,3,43.8,250,161,,,,,529,63,,21,4,,18,112,750,15,3,611,127,76,12,992,74,257,231,100,64,67ebf563-d468-42d8-9d04-258ccc36c0c8,3.88597290706275,10.6190349265777
16,11200,Brewarrina,19162.0296,1,New South Wales,177,16,282,473,2.3,67,12,114,68,24,10,294,3,203,162,469,27.5,57.8,6,4.6,3.6,2,63.9,12.2,5.1,17.5,0.6,7.8,12.1,417,36,3,5,15,473,119,47,236,36,38,25.2,9.9,49.9,7.6,8,25,314,76,11,77,150,754,28,4,143,54,59.6,8.5,60.6,22.9,1,1,4,1,1,1,3,1,58.3,15.7,18.4,7.4,472,1,36.5,73,120,,,,,212,23,,4,6,,8,90,348,9,,245,52,32,8,446,88,165,108,38,35,2f65291a-0d02-4a7d-a789-af2ff1a1b3b5,1.78796378978359,9.88993546752901
17,11250,Broken Hill,170.1153,1,New South Wales,2713,162,4429,7308,2.2,1062,353,1935,684,379,89,4505,2.8,4800,1720,6151,37.8,39.2,8.2,10.7,4.2,1.8,68,15.1,6.6,9.4,0.8,13,13.3,6910,177,186,8,25,7308,3071,2195,1742,140,159,42,30,23.8,1.9,2.2,154,5732,1059,33,19,220,867,1748,142,1051,515,79.6,6.5,60.3,29.6,2,2,2,2,1,1,1,1,45.2,26.9,18.8,9,7270,1,24.2,1843,120,,,8,,5038,473,12,37,45,28,25,267,5956,41,20,5553,298,837,42,7172,700,3068,2366,718,297,22a1ef27-d8c8-410a-bfd4-b637fc45f117,0.0162258192067384,0.610208145840146
18,11300,Burwood,7.1282,1,New South Wales,3214,1526,9402,14137,2.7,3222,912,3865,805,634,387,9816,2.9,13105,2709,16774,43.7,42.4,4.5,6.9,2.5,1.7,75.5,15,2.5,6.9,0.2,9.2,9.7,4871,2152,6944,96,77,14137,3751,3199,6649,301,243,26.5,22.6,47,2.1,1.7,1810,7200,4608,649,162,500,2500,1976,830,3540,2558,61.8,25.9,53.2,38.5,5,9,10,2,5,9,9,1,26.1,25,25.6,23.3,14032,4,13.4,5626,200,1935,,321,,4675,469,27,76,90,52,88,629,8363,1086,3290,5348,6715,2528,69,18768,3302,6033,3184,875,449,cfb9c70e-2d8c-4a1c-8341-fdba52d11216,0.000694723517881357,0.11916527814494
19,11350,Byron,565.8027,1,New South Wales,3439,1146,8297,12875,2.5,2687,582,3609,1046,537,94,8547,2.8,9013,4485,12183,35.1,45,4,12.8,3.1,1.7,64.9,18,5.7,10.6,0.8,11.1,19.5,10293,1375,773,353,76,12875,4832,3621,3907,283,232,37.5,28.1,30.3,2.2,1.8,535,8691,2884,246,67,520,2167,2311,770,1514,1960,63.8,21.3,38.8,50.2,8,9,9,8,8,8,9,8,20.9,26.9,27.9,24.3,12805,4,24.7,4527,240,,,35,,8014,416,10,111,77,337,105,641,9745,110,56,8526,4424,2303,148,16724,418,4425,4990,1740,1026,7f1f110e-08c3-45ec-9c93-2b34b183921c,0.0521959776610856,1.5592983893132
20,11400,Cabonne,6022.3496,1,New South Wales,1188,73,3654,4913,2.6,1305,285,1666,267,164,30,3721,3,5377,1005,3331,54.3,27.5,6.6,8.6,3,2,64.1,19.4,7.3,8,1.1,12.8,21.7,4599,69,55,185,8,4913,2187,1693,767,189,83,44.5,34.5,15.6,3.8,1.7,99,4029,533,16,12,250,1625,1219,210,477,179,72,12.4,62.2,23.3,8,8,8,10,8,8,7,9,28.5,22.7,25.4,23.3,4898,3,17,2012,120,,,14,,4197,219,3,98,36,5,40,248,4867,51,20,4461,1026,527,54,6525,116,1173,1993,900,651,b492f362-90e9-4856-b719-98b6369a55f0,0.582059950240364,6.71622612148118
21,11450,Camden,201.5278,1,New South Wales,5160,592,31422,37171,3.1,15613,2783,9378,3206,1488,304,32776,3.3,45827,9230,29839,53.7,32.5,3.4,7,3.3,2,60.7,30.2,4.5,4.1,0.6,10.8,9.1,34397,2192,365,153,62,37171,7422,19586,9214,566,383,20,52.7,24.8,1.5,1,740,30990,4037,136,11,500,2500,14216,3587,5474,2981,72.6,18.3,59.4,32.4,9,9,8,10,9,9,8,10,14.6,18.6,28.4,38.4,37015,4,6.5,22715,150,531,3,131,7,28634,1646,38,676,149,69,243,375,32503,813,1262,30916,17073,8868,226,59482,843,9286,16894,5933,3865,ccf984b4-0128-400e-b221-80698b456d13,0.0196679022537865,0.781939032252249
22,11500,Campbelltown (NSW),311.4117,1,New South Wales,11367,1368,44638,57368,2.9,18604,4660,13328,5900,3623,798,46917,3.2,61573,10850,55713,47.9,35.8,4.5,7.8,4,1.9,65.5,23,4.3,6.7,0.4,11.5,8.2,44903,8701,3674,16,71,57368,13095,22920,19456,1054,843,22.8,40,33.9,1.8,1.5,2956,41892,10267,812,46,380,2100,15629,4858,11072,6672,68.2,21.2,56.9,34.3,3,5,6,5,3,5,6,5,27.9,25.2,22.3,24.6,57029,2,9.7,28339,180,2252,,387,5,32179,2906,119,494,213,76,336,704,39675,1871,4243,36135,18689,12207,344,72788,4395,21338,20515,6671,3566,0456b4e8-5202-45c2-8859-41133c53d7db,0.0304183427115277,0.992641695286971
23,11520,Canada Bay,19.9239,1,New South Wales,8514,1551,24450,34512,2.5,9084,1863,10462,1773,1377,484,25052,2.9,34751,7652,27993,49.9,35.2,4.7,7.9,2.4,1.7,70.9,20.7,3.3,4.9,0.2,11.1,12.3,12769,3307,18011,373,48,34512,10731,9920,13062,437,367,31.1,28.7,37.8,1.3,1.1,1658,22032,9768,257,29,560,3000,6672,2251,7998,4146,67.3,22.7,61.2,31.7,10,10,10,9,9,10,10,9,17.1,21.9,28.9,32.1,34367,4,12.2,16594,220,1318,6,597,97,13559,968,54,176,172,164,222,844,18181,936,2836,14893,21683,5338,181,46315,3547,15664,11034,2620,1250,586f0183-173f-440f-9897-fbdba09938c9,0.00194089491333216,0.438232040681325
24,11570,Canterbury-Bankstown,110.2374,1,New South Wales,24868,4283,87885,117031,2.9,37146,10310,25833,9561,7792,1963,92604,3.3,130333,14896,128362,49.4,33.5,5.1,8.3,3.7,2,69.1,19.9,2.8,8,0.2,11,7.7,64393,18398,33403,586,251,117031,33376,35046,44598,1847,2154,28.5,29.9,38.1,1.6,1.8,12597,68267,31826,2706,73,400,2167,22098,8959,21517,19071,63.1,25.6,48.2,42.8,2,7,8,3,1,7,8,2,31.2,24.3,21.9,22.6,116057,3,13,49380,200,4283,17,1035,3,48383,4153,223,786,426,265,753,2027,62353,3409,8217,54094,43131,23857,848,133597,13355,45613,36390,12281,7054,4262b791-319d-4328-97c7-10a28cfb899d,0.0107476703929024,0.710778006903495
25,11600,Carrathool,18934.4853,1,New South Wales,277,35,656,965,2.5,239,41,280,64,32,12,670,3,805,306,717,45.2,38,5.9,7.2,3.3,1.9,61.8,18.7,6.1,12.8,0.4,9.3,17.9,911,,23,20,16,965,369,194,270,103,34,38.2,20.1,28,10.7,3.5,19,749,135,7,23,200,867,142,15,181,37,73.2,7.7,67,13.7,5,6,5,5,5,5,5,5,33.7,26.4,26,13.5,961,3,26.6,379,72,,,25,,839,100,,25,5,4,19,112,1136,15,27,950,212,85,11,1468,53,254,361,155,112,abf0573a-5204-44a8-bb63-45464a539b9e,1.83949538303705,11.0103988865211
26,11650,Central Coast (NSW),1681.0059,1,New South Wales,35866,3845,92003,131713,2.5,30111,7792,37532,11089,7103,1228,94861,2.9,118204,30852,112632,44.6,33.7,6.6,11.2,4,1.8,68.2,20.1,5.2,6.1,0.5,12.5,12.1,103225,15743,11486,983,280,131713,45475,44753,36168,3301,2012,34.5,34,27.5,2.5,1.5,2951,103378,19792,802,23,400,2000,33323,6582,17981,15177,74.5,14.7,49.7,42,7,7,7,8,7,7,7,7,29.5,27.7,22.3,20.5,131133,3,14.2,56805,120,1126,9,849,24,74408,4924,75,1192,451,273,580,1934,85838,1937,3382,80700,38433,23942,684,150834,8428,49354,47282,15539,9222,5bb20dc7-3605-4709-8a0c-8b6470e9d64c,0.162751102313905,5.26114666875877
27,11700,Central Darling,53492.193,1,New South Wales,236,15,337,591,2.3,69,23,158,64,34,9,358,2.9,316,174,573,31.6,49.5,5.3,10.1,3.7,1.9,64.4,8.9,3.8,22.7,0.3,7.7,14.5,480,21,6,7,73,591,227,46,217,62,32,38.4,7.8,36.7,10.5,5.4,38,397,101,16,80,153,650,27,8,134,44,58.7,17.4,61.8,20.3,1,1,5,1,1,1,4,1,57.9,17.9,17.6,6.7,580,1,46,102,190,,,,,216,26,,8,3,,13,85,349,4,4,244,121,27,11,510,88,224,137,58,50,aeb2f32f-ad32-4a98-a45d-3498ee968435,5.09757746690866,16.1989595993077
28,11720,Cessnock,1965.1593,1,New South Wales,5497,565,16496,22556,2.6,5288,1433,6372,2493,1281,240,17108,3,19313,6435,19413,42,38.2,5.3,10.2,4.3,1.9,62.4,21,7.5,8.3,0.9,13.1,9.6,20413,1731,300,59,50,22556,7112,8678,6150,307,311,31.5,38.5,27.3,1.4,1.4,742,17321,3447,193,30,340,1647,6551,1099,3162,2453,75.5,12.7,51.4,39.9,3,3,1,6,2,2,1,5,32.1,29,24.6,14.3,22466,1,13,10211,105,11,,54,15,16740,939,14,309,72,36,96,381,18669,177,132,17842,3528,4599,139,27120,990,7155,8473,3407,2214,8ba8ca08-2240-48fb-827f-2d651f281ba7,0.189449688591139,2.98220593378245
29,11730,Clarence Valley,10428.6804,1,New South Wales,6054,693,14188,20932,2.3,3494,1041,7172,1639,970,234,14550,2.8,17957,4998,16356,44.5,32.4,7.3,11.8,4,1.8,67.9,14.8,6.7,9.8,0.8,14.2,15.7,18018,1345,916,560,89,20932,9464,5729,4968,340,433,45.2,27.4,23.7,1.6,2.1,550,16229,3142,203,37,310,1378,4145,807,2310,2155,72.4,14.1,46.5,43.4,3,3,3,4,3,2,1,3,39.1,29.9,20.3,10.8,20834,1,20.3,6099,101,5,,59,,12834,922,18,241,69,168,95,762,15167,169,118,13905,2089,2175,187,19770,994,7767,7739,2651,1347,b6ae5b24-2596-4ad4-9b12-53d7b40da338,0.972005782396081,7.20568439585164
30,11750,Cobar,45575.3512,1,New South Wales,472,33,905,1409,2.3,306,64,385,99,52,16,925,2.9,1044,413,1053,41.4,39.4,5.7,9.4,4,1.9,60.3,18,5.3,16.1,0.3,10.1,14.1,1270,44,68,20,9,1409,503,382,448,45,34,35.7,27.1,31.8,3.2,2.4,31,1130,169,4,9,200,1096,287,29,345,42,75.1,7.6,77,9.4,5,4,3,5,4,4,2,4,36.4,25.7,25,12.6,1407,2,39.8,437,180,,,15,,1173,71,4,23,3,9,4,120,1437,12,18,1252,160,220,8,1844,93,488,500,187,106,3cea1aff-e22c-4ba2-afd4-d6784f14cac2,4.34373576024973,13.6851359533945
31,11800,Coffs Harbour,1173.7435,1,New South Wales,8195,1050,20524,29774,2.4,6193,1504,9277,2517,1454,271,21216,2.9,26301,7151,24632,45,33.3,6.4,11.4,3.9,1.8,67.6,18,6.5,7,0.9,13.1,15.1,22545,3508,3078,521,127,29774,11107,8819,8752,580,515,37.3,29.6,29.4,1.9,1.7,934,22863,4576,359,45,375,1733,6522,1239,3973,3978,74,14,45.4,45.5,5,6,6,6,5,6,6,5,31.4,28.7,22.3,17.5,29610,3,14.7,11777,100,10,,211,4,22480,1865,47,285,198,208,136,788,26244,239,279,24574,3643,3715,212,34050,1590,11034,11016,3611,2005,fac66ac7-153d-4726-a410-1e3cfc243317,0.109945439683543,2.55729262331171
32,12000,Coolamon,2430.9037,1,New South Wales,450,44,1160,1649,2.5,361,85,565,111,44,11,1170,3,1641,338,1184,51,29.3,7.4,8.2,4.1,2.1,65.6,18.6,7.9,6.8,1,15,25.8,1600,23,13,10,6,1649,745,544,266,66,39,45.2,33,16.1,4,2.4,32,1331,200,3,7,210,1300,408,50,168,59,75,9.2,63.2,22.2,6,5,5,8,6,5,5,8,34.7,24.7,23.9,16.5,1643,2,17,652,100,,,9,,1259,101,,29,6,4,18,105,1519,15,9,1373,268,157,22,1982,61,482,592,298,186,7eb286ca-f556-421e-9312-7b0fe23ba8a7,0.238980517124673,2.75871224696058
33,12150,Coonamble,9916.0535,1,New South Wales,420,42,837,1303,2.4,230,48,349,145,72,15,868,2.9,909,325,1136,37.7,43.5,7.1,7.4,4.4,2,62.6,16,6.4,14.6,0.5,11,17.6,1216,23,43,3,10,1303,503,292,386,69,52,38.6,22.4,29.6,5.3,4,45,989,195,6,16,190,867,225,32,252,76,77.1,11,65.3,19.7,1,2,4,2,1,1,3,1,45.3,21.4,20.8,12.6,1297,1,29,285,200,,,3,,876,64,,10,8,,16,105,1082,9,3,949,175,100,16,1386,106,456,410,170,112,41b5f7da-2817-4b9d-acf9-1b4cc2f42c4d,0.935258481154051,5.70290505756261
34,12160,Cootamundra-Gundagai Regional,3981.4172,1,New South Wales,1419,89,2984,4490,2.3,829,192,1520,286,162,40,3026,2.8,4087,908,3219,49.2,29.9,8.4,9.1,3.4,1.9,67.7,15.9,7.2,8.5,0.7,13.7,20.5,4150,214,83,31,17,4490,2116,1136,978,163,96,47.1,25.3,21.8,3.6,2.1,93,3714,474,21,18,220,1170,881,90,586,277,77.6,7.9,59.9,28.3,4,3,4,4,3,3,3,3,42.6,25.7,19.8,11.9,4467,2,18.9,1802,85,,,38,,2920,259,,66,15,14,27,218,3553,30,42,3201,467,393,51,4497,310,1597,1565,577,352,37962274-d8c6-4b4b-af4e-b549149d4de6,0.392439130642288,5.27439420054471
35,12350,Cowra,2808.7821,1,New South Wales,1641,131,3309,5081,2.3,875,251,1608,387,195,61,3376,2.8,4282,1084,3922,45.1,32.7,7.8,10.5,3.9,1.9,68.8,15.4,6.4,8.7,0.6,13.5,18,4678,278,90,24,11,5081,2225,1355,1274,125,105,43.8,26.7,25.1,2.5,2.1,106,4128,596,36,28,230,1200,1025,128,742,386,75.6,9.4,58.2,30.3,3,2,3,3,2,2,2,2,42.6,26,20.5,10.7,5057,1,19.3,1813,52,,,9,3,3406,247,4,82,24,11,42,237,4060,31,11,3684,565,452,52,5158,308,1787,1806,690,384,1ff9d816-89d0-4734-875f-f603a4d4c0d2,0.273452199880467,4.30511524672205
36,12380,Cumberland,72.7496,1,New South Wales,13989,4187,53494,71666,3,24388,5707,16062,4979,4129,1424,56688,3.3,84302,7169,81907,52.1,33.6,4.2,6.9,3.3,1.9,68.5,19.9,2.7,8.8,0.2,9.6,7.2,37257,10796,23184,189,242,71666,16770,21095,31067,1145,1589,23.4,29.4,43.3,1.6,2.2,9629,38589,20480,2216,94,415,2167,13372,5206,16846,11296,63.4,24.7,54.2,36.4,2,6,8,2,1,6,8,1,29.9,24.4,22.4,23.2,70900,3,14.8,31039,200,5399,10,635,4,30957,3110,197,481,259,184,539,1492,43274,3551,9242,35305,25660,12907,639,86028,8904,29161,21135,6748,3911,a22d6e75-5a6c-448b-9c76-2b0675fbe89e,0.00708653262609005,0.516181969027185
37,12390,Dubbo Regional,7534.5251,1,New South Wales,5256,650,13367,19279,2.5,4600,927,5425,1762,811,225,13749,3,16771,4619,15685,44.5,37.4,5.9,8.5,3.7,1.9,61.3,19.5,7.3,11.1,0.9,11.6,14.2,16444,1502,1159,100,70,19279,5850,6544,6074,451,358,30.3,33.9,31.5,2.3,1.9,554,15197,2567,241,44,300,1517,5024,624,3830,1594,76.8,9.5,63.1,26.2,6,6,6,6,6,6,5,6,29.8,25.2,25,19.9,19159,3,16,7060,135,,,106,5,17514,1582,72,263,114,91,102,611,20453,190,147,19275,2246,2324,172,25386,1038,6608,7268,2546,1472,44ef734b-d6a2-4577-9d76-21b9906b9232,0.722387283105036,5.62963636367342
38,12700,Dungog,2249.9983,1,New South Wales,865,51,2662,3578,2.5,839,281,1267,212,137,28,2759,2.9,3767,909,2500,51.9,29.2,5.4,10.1,3.3,1.9,66.5,19.7,7.8,5.2,0.8,14.4,19.5,3469,55,8,32,16,3578,1497,1393,536,89,72,41.8,38.9,15,2.5,2,83,2869,466,9,9,300,1820,990,201,282,173,71.1,14.4,52.6,32.3,8,7,6,9,8,7,5,9,27.3,27,27.2,18.7,3565,3,15.5,1579,120,4,,,,2490,118,,62,22,3,24,107,2839,20,10,2625,897,620,34,4403,87,916,1430,608,472,fab80a3b-ce02-4697-a2ac-08b2d5e49456,0.215545150465914,2.6278297693423
39,12730,Edward River,8883.4463,1,New South Wales,1112,81,2138,3331,2.2,626,135,1055,190,112,35,2160,2.8,2755,809,2422,45.6,33,7.4,10.2,3.8,1.9,66.8,15.3,6.7,10.2,1.1,12.7,20.7,2998,281,16,10,18,3331,1352,979,827,97,74,40.6,29.4,24.8,2.9,2.2,50,2777,345,28,33,220,1083,770,80,473,248,78.7,8.2,57.2,30,5,4,5,4,4,4,4,3,38.6,25.6,22.2,13.5,3317,2,21.9,1257,75,,,4,,2558,159,4,37,17,27,19,167,2980,31,4,2742,423,303,42,3773,176,1176,1251,445,221,3e593d7f-6bb9-4485-9584-fdf15c9bc280,0.878986535417425,5.92887422075272
40,12750,Eurobodalla,3428.1695,1,New South Wales,5135,420,11045,16603,2.2,2346,723,6400,1059,667,120,11318,2.6,14695,3950,11904,47.8,28.5,7.8,12.1,3.8,1.8,72.6,12.7,6.1,8,0.7,13.4,17.4,13873,1379,974,322,51,16603,8193,3954,3730,400,325,49.3,23.8,22.5,2.4,2,348,13569,2014,113,27,325,1517,2840,647,1833,1517,71.8,16.4,49.1,40.7,6,5,5,6,6,4,5,5,34.3,32.8,22,10.9,16514,2,32.9,6142,100,4,3,64,5,9724,675,10,214,52,95,65,452,11358,98,97,10492,1771,1717,149,15097,713,6364,6255,1949,1020,4506a803-ef66-4556-b2d0-7982680d45c1,0.342431228213172,4.59512186788966
41,12850,Fairfield,101.5072,1,New South Wales,10680,1388,48853,60918,3.2,18843,7754,13091,6457,5758,1229,53134,3.3,72078,6704,80450,46.5,34.7,5.8,9,3.9,2,74.1,15.6,2.9,7.2,0.2,11.5,5.4,43987,7598,8970,173,191,60918,19160,16454,23182,945,1181,31.5,27,38.1,1.6,1.9,7402,35390,15989,1571,76,390,2000,10274,4179,9949,11237,62.4,25.4,42.9,48.5,1,2,4,2,1,1,3,1,40.2,23.8,19.7,16.3,60397,1,10.7,26086,135,1192,4,396,6,30321,2774,79,617,96,98,329,814,36729,1504,2698,34049,14971,10215,413,63831,6337,20587,19144,8331,5333,94d7f9bc-f433-4c3c-9580-6b11fda8e8c6,0.00989007265343389,0.652562024602059
42,12870,Federation,5684.9253,1,New South Wales,1667,123,3440,5231,2.2,904,237,1839,284,192,30,3490,2.8,4645,1218,3644,49.1,27.6,8.5,10.7,4.2,1.9,69.6,15.1,6.7,7.9,0.6,12.7,17.9,4610,532,27,51,15,5231,2416,1507,1062,144,106,46.2,28.8,20.3,2.8,2,70,4399,527,12,10,250,1300,1137,155,627,316,75.4,10.3,59,29.8,5,3,2,5,5,3,1,4,40.4,28.4,20.7,10.5,5207,2,20.5,2339,73,4,,4,,3681,219,5,64,19,34,34,232,4299,47,10,3948,515,554,54,5466,249,1918,1958,636,372,555e0235-2262-4ba8-8c6e-73237cdfb276,0.564731764193766,6.27295618320177
43,12900,Forbes,4710.128,1,New South Wales,1115,82,2370,3563,2.4,714,146,1096,279,150,31,2414,2.9,3069,760,2653,46.6,33.5,7.3,8.7,4,2,65.3,17.9,6.5,9.2,1.1,12.6,18.5,3192,156,162,44,6,3563,1349,1059,957,122,90,37.9,29.7,26.9,3.4,2.5,73,2885,410,33,35,230,1283,817,100,566,253,77.1,9.4,59.1,26.4,5,5,5,5,5,4,5,4,38.7,24.2,21.8,15.3,3540,2,19.1,976,130,,,19,,2766,198,5,56,18,14,30,178,3293,32,27,2989,454,321,54,4150,183,1228,1289,500,276,611ddc47-9e95-44bf-8d5f-e6b3f8d9fb5a,0.456608601359676,5.12684090143275
44,12930,Georges River,38.3375,1,New South Wales,11070,2064,39262,52401,2.8,15589,4334,14273,3247,2803,904,41152,3,60208,7482,52489,52.1,32.7,5.1,7.5,2.7,1.7,71.5,19.6,3.4,5.3,0.2,11.1,9.9,27051,5995,18946,308,93,52401,17215,16241,17438,820,687,32.9,31,33.3,1.6,1.3,4152,33439,13098,513,34,450,2474,10624,3880,10128,5919,65.4,23.9,58.1,33.9,8,9,9,7,8,9,9,7,22.4,23.9,24.2,29.5,52111,4,10.8,24206,200,4611,7,458,4,21099,1852,80,250,200,96,317,1691,30681,2340,7202,23703,25773,11370,295,70462,6460,21408,16051,5078,2633,bcaf99e6-3559-4b59-bb7c-66fd80dd798c,0.00373993125276684,0.566678252295532
45,12950,Gilgandra,4831.5057,1,New South Wales,478,34,1084,1598,2.3,306,62,512,145,65,20,1102,2.8,1425,291,1181,48.6,31.9,7.5,8.5,3.5,1.9,61.9,16.6,8,12.6,1,13.2,21.5,1482,42,51,22,5,1598,654,401,382,101,55,40.9,25.1,23.9,6.3,3.4,38,1236,218,11,25,200,1083,278,55,229,101,69.3,13.7,59.9,26.4,3,3,4,3,2,2,3,2,40.7,25,20.5,13.4,1584,1,26,444,100,,,16,,1010,67,,33,14,7,21,119,1274,11,13,1089,316,164,24,1792,99,487,577,258,131,8fb88c84-df9f-4de9-9215-c641806e61e9,0.459248564031441,3.8780519383578
46,13010,Glen Innes Severn,5479.977,1,New South Wales,1292,98,2243,3628,2.1,523,142,1179,253,143,32,2271,2.7,2848,759,2792,44.2,32,8.1,11.7,4.1,1.8,68.9,13.4,5.1,12.3,0.4,13,19.3,3347,158,76,34,11,3628,1666,876,889,106,95,45.9,24.1,24.5,2.9,2.6,76,2901,505,33,37,220,1083,629,122,455,336,71.8,13.9,51.2,37.8,2,2,3,2,1,1,2,1,46.8,25.4,18.3,9.6,3608,1,21.8,728,120,,,5,,1976,183,9,69,28,10,26,186,2485,31,10,2184,497,285,39,3336,241,1375,1186,474,279,2e29524a-b327-4835-9589-40771a0507fe,0.510574837637705,4.83865423691355
47,13310,Goulburn Mulwaree,3220.0796,1,New South Wales,3665,318,8062,12045,2.4,2509,650,3552,913,537,107,8268,2.9,10357,2853,9677,44.3,35.4,6.5,10.1,3.7,1.9,65.8,18,6.8,8.5,0.8,13.3,13.8,10534,1036,355,94,25,12045,4256,3896,3476,216,199,35.3,32.3,28.9,1.8,1.7,246,9667,1627,87,27,320,1733,3012,503,1984,1167,77.3,12.9,57.1,33.6,5,5,4,6,5,4,3,6,32.5,26.6,24.8,16.1,11982,2,18.7,5121,120,9,,38,,9702,806,34,173,43,32,56,447,11339,97,78,10606,1291,1514,101,14350,727,4065,4194,1756,1097,bb562a6c-6e16-4536-b63b-e9d8e94d3058,0.317481934222542,4.79309004335945
48,13340,Greater Hume Shire,5749.3875,1,New South Wales,1000,71,2858,3936,2.5,955,236,1309,251,138,18,2913,3,4095,802,2836,52.7,28.9,5.9,8.8,3.7,2,63.7,18.4,7.3,9.5,0.9,14.1,24,3828,77,4,10,16,3936,1693,1398,603,145,96,43,35.5,15.3,3.7,2.4,85,3198,469,59,54,220,1300,1058,151,386,144,75.7,10.8,64,23.9,7,6,6,9,7,6,6,8,30.3,24.6,26.2,18.9,3914,3,19.1,1727,100,,,11,,3118,171,,81,30,13,28,224,3684,32,14,3322,788,428,61,5001,108,1058,1468,728,503,694cc49c-c788-4152-af22-8d1b79bf35f5,0.572906561905256,5.60911440413722
49,13450,Griffith,1639.1732,1,New South Wales,2278,265,6725,9266,2.7,2473,673,2665,644,401,112,6964,3.1,9650,1822,7966,51,33.8,5.9,6.1,3.1,1.9,64.8,18.6,6.7,9.2,0.7,11.4,13.3,7785,428,928,85,45,9266,3107,2699,2997,254,207,33.5,29.1,32.3,2.7,2.2,441,6921,1440,229,84,290,1473,2082,283,1999,687,77.1,10.5,66.7,22.9,5,5,4,6,5,5,3,5,31.1,25.7,25.8,17.2,9216,2,14.9,6243,60,,,18,10,9931,1216,36,99,51,41,81,378,11859,89,49,11224,726,909,103,13690,458,2868,3428,1383,940,ba578391-661c-438d-810c-3cbe2532c9a3,0.160517455830359,2.32908629240075
50,13550,Gunnedah,4987.0295,1,New South Wales,1301,143,3257,4697,2.5,1137,238,1306,378,195,66,3323,3,4023,1240,3527,45.5,36.3,6.5,8,3.7,1.9,61.7,20.5,7.1,9.6,1.1,12,17.1,4224,356,83,22,7,4697,1583,1531,1343,162,93,33.7,32.6,28.6,3.4,2,102,3806,566,19,15,300,1476,1174,154,783,396,76.7,10.1,58.3,29.5,5,4,3,6,4,4,2,6,33.7,25.7,24.4,16.2,4671,2,20,1785,111,,,137,,3791,334,8,77,18,11,28,175,4582,47,157,4166,596,610,40,5873,228,1524,1760,690,413,53b2fb66-5d29-4802-b65b-b9c791e44db1,0.471213293979872,5.25284674114687
51,13660,Gwydir,9259.6544,1,New South Wales,573,45,1280,1898,2.3,345,87,653,110,85,19,1304,2.8,1805,320,1322,52,27.1,8.1,9,3.8,2,69.1,14.6,6,9.8,0.6,14.1,23.6,1821,27,9,23,15,1898,971,402,344,128,55,51.2,21.2,18.1,6.7,2.9,31,1455,272,10,20,200,997,270,65,195,79,67.2,16.2,56.7,23,4,4,6,5,3,3,6,4,44,23.9,19.8,12,1881,2,23,368,110,,,3,,1063,74,,37,14,5,31,122,1358,15,9,1150,424,148,15,1952,68,626,665,293,190,b65425b0-b223-47b9-be22-316b6eb4d4bd,0.862318650460566,6.72311948464304
52,13800,Hawkesbury,2775.1378,1,New South Wales,5019,493,17549,23060,2.8,6608,2024,6724,1706,1199,188,18453,3.1,24640,5729,19949,48.3,34.6,4.7,9.2,3.2,1.9,68.1,21.3,5,5.1,0.5,11.6,13,20015,2198,660,121,68,23060,7406,9424,5536,414,271,32.1,40.9,24,1.8,1.2,561,18356,3211,239,36,400,2200,6748,1630,2919,2110,71.6,17.3,52.7,38.1,8,9,7,10,8,8,7,9,22.3,24.4,27.1,26.2,22983,4,10,11309,120,211,3,32,6,16881,987,16,754,114,54,128,552,19729,374,476,18174,8440,4686,130,33364,884,6100,8434,3813,3579,97fe0aa1-2c6a-4b73-bbb3-5224c2763837,0.268763594517623,3.91064528679853
53,13850,Hay,11325.9324,1,New South Wales,380,25,728,1134,2.2,198,55,355,71,58,10,742,2.8,925,240,837,47.2,34.1,7,8.1,3.4,1.8,65.8,13.5,6.8,13.4,0.3,12.9,22.1,1037,80,12,3,5,1134,488,246,299,62,38,43,21.7,26.4,5.5,3.4,18,897,126,6,21,175,894,186,17,193,65,75.6,6.9,64.5,21.7,4,3,3,3,3,3,1,2,44.9,23.8,21.8,9.5,1118,2,27.6,273,137,,,,,820,70,,17,6,11,13,112,1055,,,894,138,73,20,1286,67,398,387,149,94,2dfef0d0-cbd6-40b5-a9ea-e6a12da4abff,1.10932057575519,7.53504312862277
54,13910,Hilltops,7140.8865,1,New South Wales,2290,175,4938,7403,2.4,1495,353,2294,548,276,73,5032,2.9,6547,1579,5588,47.5,32.1,7.1,9.4,3.9,2,67.1,17.4,6.3,8.7,0.7,13.8,17.6,6742,448,137,56,31,7403,3142,2048,1733,274,203,42.4,27.7,23.4,3.7,2.7,151,5971,902,65,34,250,1213,1547,233,962,546,75.5,11.4,55.5,31.5,4,4,4,5,3,3,4,4,39.6,24.7,22.4,13.4,7347,2,20.3,2611,100,,,8,3,5276,387,10,138,28,10,69,378,6316,45,18,5701,984,622,87,8050,390,2446,2612,1081,697,64e119d1-3415-4be2-ab16-025231b7bfce,0.699703040185341,6.64865134565627
55,14000,Hornsby,455.0374,1,New South Wales,9546,936,41149,51629,2.8,19336,4096,14013,2866,1976,424,42716,3.1,67413,6808,41884,58.2,28.1,5.1,6.5,2.1,1.8,67.2,25,4,3.6,0.3,11.4,17.5,35868,4292,11283,119,65,51629,17518,20421,11947,1312,434,33.9,39.6,23.1,2.5,0.8,1860,37788,10357,171,11,495,2600,14990,3496,7114,4000,73.4,17.1,59.5,33.5,10,10,10,10,10,9,10,10,13.5,18,23.5,45,51489,4,8,27798,225,2220,4,344,3,22507,1570,45,328,181,103,276,1590,29167,1524,3899,24883,35090,8804,221,74803,3448,19706,19087,5684,3275,af7aa697-6462-4678-8760-f2f40a62e3ad,0.0441932929147697,2.47648848207718
56,14100,Hunters Hill,5.7169,1,New South Wales,1126,73,3475,4670,2.6,1516,282,1318,247,140,39,3540,3.1,5415,744,3759,53.1,30.2,6.7,7.9,2,1.9,66.8,20.7,5.2,7,0.2,12.8,19.7,2891,731,1024,7,10,4670,1884,1476,1163,109,42,40.3,31.6,24.9,2.3,0.9,71,3533,905,7,5,540,4000,981,325,586,495,66.5,22,50.4,42.6,10,10,10,10,10,10,10,10,15.5,16.5,23.4,44.5,4661,4,12.4,2760,360,4,,108,25,1887,117,5,21,17,12,25,138,2363,53,184,2033,3041,745,16,6220,373,1539,1849,557,317,6a3ab105-d860-4c5e-bed0-383284117b8d,0.000556825960757124,0.218158020571003
57,14170,Inner West,35.2115,1,New South Wales,22451,5558,46078,74091,2.3,16581,2611,20331,3810,2587,981,46892,2.8,52938,25284,63887,37.1,48.5,3.6,8.2,2.5,1.6,72.9,19.3,2.5,5,0.2,10.3,14.8,21357,20072,31418,1084,152,74091,18517,21456,32485,949,683,25,29,43.8,1.3,0.9,3187,42753,25406,2545,141,500,3000,16500,3245,20348,9917,76.9,15.1,62.6,30.5,10,10,10,7,9,10,10,6,19.7,19,29.6,31.7,73833,4,13.6,39576,248,3339,165,1640,87,21050,1576,232,237,629,1157,432,3487,34021,2207,7205,23268,53838,11849,291,102207,12955,38423,17208,3385,1308,096f45e6-ddd2-48b6-b91a-48a1440b7d35,0.00343160112652185,0.427888136592344
58,14220,Inverell,9404.7564,1,New South Wales,1934,181,4513,6626,2.4,1264,313,2075,594,289,81,4607,2.9,5677,1483,5226,46.1,33.8,7,9.1,4,1.9,65.4,16.5,7,10.1,1,13.3,16.5,6007,476,63,50,33,6626,2583,1866,1811,184,181,39,28.2,27.3,2.8,2.7,179,5177,893,56,31,260,1210,1438,207,1020,577,77.1,11.1,56.3,31.9,2,2,2,3,2,2,1,2,42,25.8,20.6,11.6,6573,1,19.2,1547,142,,,13,,4573,423,14,97,57,13,39,261,5477,49,16,5039,844,633,73,7070,394,2236,2342,918,557,54fca99c-328a-48e9-b3e5-5cc8841d7ed1,0.874347251082327,6.93110388599034
59,14300,Junee,2030.0222,1,New South Wales,585,62,1452,2103,2.4,430,130,655,172,73,22,1485,2.9,1939,449,1651,45.5,37.2,5.3,8.2,3.8,1.9,57,15.3,5.8,21.4,0.6,11.1,16.4,1977,35,68,14,5,2103,824,654,525,48,56,39.2,31.1,25,2.3,2.7,58,1690,239,47,73,260,1257,522,49,322,149,79.8,7.5,61.3,28.4,3,3,3,5,2,2,2,4,35.7,25.3,23,16,2093,1,17.1,724,160,,,9,,1618,176,,31,9,,18,90,1950,16,14,1808,320,209,21,2514,111,657,733,330,211,643c652d-38c9-4dad-96f3-e403c8de2c9c,0.200008070623426,2.62956172320451
60,14350,Kempsey,3375.6704,1,New South Wales,3282,371,7705,11352,2.4,1811,597,3705,1060,630,152,7952,2.8,9204,2842,9760,40.9,35.5,7.4,11.7,4.5,1.9,67.6,14,6.3,11.4,0.7,14.2,13.8,10220,294,664,142,38,11352,5146,3036,2725,183,264,45.3,26.7,24,1.6,2.3,427,8646,1750,195,62,300,1301,2214,450,1196,1231,72.9,14.8,43.9,45.2,2,2,2,3,1,1,1,1,41.5,29.4,19.1,9.9,11279,1,21.1,2593,148,,,36,,7020,559,12,172,38,39,46,404,8341,64,52,7641,1002,1156,107,10665,594,4098,4018,1524,862,daa0e8dc-c92c-4dc4-8736-a071e9ea933d,0.318647794534172,3.9170003371841
61,14400,Kiama,257.6638,1,New South Wales,1957,164,6490,8612,2.5,2114,527,3255,414,290,68,6662,2.8,9803,1807,5790,56.4,26.3,6.2,8.8,2.4,1.9,67.8,18,7.9,5.2,0.9,13,20.6,6555,1230,756,52,20,8612,4089,2617,1532,277,107,47.5,30.4,17.8,3.2,1.2,112,7190,987,64,28,485,2194,1968,353,810,579,75.2,13.5,52.9,37.8,10,9,9,10,10,9,9,10,18.5,26.7,27,27.7,8590,4,20.3,4459,151,31,,9,,5137,250,,80,21,26,33,239,5830,50,68,5427,2796,1496,35,10213,297,2700,3660,1144,725,c4fae5c7-668a-4189-adbe-83c40e9f3a8a,0.0253445705216109,1.04249388796734
62,14500,Ku-ring-gai,85.4093,1,New South Wales,7065,569,34227,41864,2.9,16810,2805,11493,2647,1266,304,35318,3.1,56649,4811,33058,60.7,27.1,5.1,5.4,1.8,1.8,66.4,26.2,4.3,2.9,0.2,12.1,20.4,28718,1624,11365,121,37,41864,16829,15594,8275,842,318,40.2,37.2,19.8,2,0.8,1026,32482,6892,52,4,630,3500,10316,3516,4744,2913,66.2,22.5,57.3,35.2,10,10,10,10,10,10,10,10,8.4,15.9,24.1,51.6,41764,4,9,24482,350,1368,,205,,14880,1131,33,127,106,107,211,782,18954,735,2215,16442,32127,6613,153,58583,1806,14861,17499,5020,2372,80bd994d-5f4b-4ecf-8e77-43a8e71ecdc3,0.00830912434048514,0.503529273526948
63,14550,Kyogle,3584.1829,1,New South Wales,1208,129,2405,3736,2.2,557,161,1256,263,198,36,2472,2.7,2945,921,2981,42.6,33,6.7,13.7,4.1,1.9,69.7,13.4,5.6,10.4,0.8,14.6,20.3,3553,14,95,59,20,3736,1852,948,721,146,80,49.6,25.4,19.3,3.9,2.1,147,2760,659,24,26,250,1224,663,148,340,302,69.9,15.6,47.2,41.9,2,2,4,3,2,2,4,2,41.7,28.4,20.3,9.6,3715,1,20.8,1026,104,,,21,,2003,146,,48,24,8,19,202,2473,18,24,2171,645,330,46,3518,138,1440,1338,480,267,ee144337-abee-44cb-820a-124097d21be5,0.330688510678101,4.01329578306307
64,14600,Lachlan,14968.2539,1,New South Wales,674,35,1475,2191,2.4,500,94,637,152,85,30,1502,3,1896,515,1594,47.2,34,7.7,7.3,3.7,2,61.7,18.2,7.6,12,0.6,13.1,23.8,2067,42,58,9,19,2191,920,514,601,115,44,42,23.5,27.4,5.2,2,51,1740,261,26,43,180,878,374,47,395,106,72.8,9.1,65.7,17.6,3,4,6,3,3,3,5,3,42.5,22.5,21.8,13.2,2182,2,27.5,494,137,,,18,,1588,124,5,44,9,6,28,159,1984,28,24,1743,328,160,22,2526,131,726,766,330,203,8d3ddf50-381d-4434-83b1-286369a85f87,1.44295938592768,8.79108071375323
65,14650,Lake Macquarie,648.6393,1,New South Wales,20010,1984,58685,80677,2.5,19405,5204,24349,6442,4085,769,60257,2.9,77901,18646,65170,47.7,32.5,6.5,9.9,3.3,1.8,66.4,20.3,7.9,4.6,0.8,14,13.2,68750,7813,3589,406,116,80677,29944,29304,18733,1697,1001,37.1,36.3,23.2,2.1,1.2,1683,63923,11612,380,18,375,1950,22682,3557,10040,6938,77.4,12.1,53.6,37,7,7,7,8,8,7,7,8,27.9,26.8,23.3,22.1,80401,3,9.6,37166,120,142,5,444,5,54550,3309,60,797,392,229,297,1059,61293,681,892,58459,19933,15133,367,97411,4137,26527,31837,10803,6458,3b93644e-5206-42ad-b3e9-a58d51ed8e47,0.0626109197469304,3.0507100054844
66,14700,Lane Cove,10.4789,1,New South Wales,4163,578,10682,15420,2.4,4586,562,4352,800,397,136,10827,2.9,15200,3593,11306,50.8,36.1,3.4,7.3,2.4,1.7,67.8,24.5,3.5,4,0.3,10.4,17.9,5832,801,8750,19,19,15420,4294,5042,5736,237,116,27.8,32.7,37.2,1.5,0.8,559,9695,4661,76,20,540,2980,3707,871,3862,1556,73.5,17.3,67.3,27.1,10,10,10,10,10,10,10,10,11.1,17,30.7,41.2,15376,4,11.3,8780,300,172,,542,6,4946,409,28,40,96,98,80,674,7093,322,1005,5489,12160,2217,51,21836,1467,7494,4862,1015,459,3f613564-ca80-4d4b-9684-b62d5350b899,0.00102051471503728,0.249661060285076
67,14750,Leeton,1167.1876,1,New South Wales,1114,99,2756,3961,2.5,909,221,1167,328,160,39,2819,3,3624,890,3171,46,35.9,6.6,7.8,3.7,1.9,64.6,17.9,7.4,9.4,0.7,11.9,16.4,3451,113,324,50,22,3961,1431,1278,1103,74,73,36.1,32.3,27.8,1.9,1.8,106,3151,524,31,27,250,1300,989,122,722,287,77.4,9.5,65.5,26,3,3,2,5,3,2,1,5,37.2,24.7,23.1,15.2,3939,2,16.2,1972,100,6,,3,,3624,342,4,47,17,25,28,184,4275,48,15,4007,358,357,35,5073,187,1235,1435,629,393,254320be-cf12-4ee8-889d-2772879d7a10,0.114609552845195,2.02801195548355
68,14850,Lismore,1287.7042,1,New South Wales,5212,798,11150,17154,2.4,3219,891,4668,1566,909,184,11434,2.9,12956,4360,15422,38.9,40,5.5,11.9,3.8,1.8,66.8,17.5,6.9,7.9,0.9,14,17.7,14325,1703,816,268,49,17154,6454,5441,4652,346,273,37.6,31.7,27.1,2,1.6,528,12879,2952,245,55,310,1517,4109,755,2333,1922,75.5,13.9,50.2,41.3,5,5,7,4,4,4,6,3,30.5,28.6,23.2,17.7,17095,2,13.6,5922,159,,,58,3,12229,910,29,192,96,78,72,551,14216,143,88,13282,2863,2708,119,20045,914,6256,6290,2220,1184,fb6a32b1-517d-4e90-932d-03518f340369,0.118961620104983,2.50860325077232
69,14870,Lithgow,4512.2561,1,New South Wales,2831,203,5280,8319,2.3,1441,451,2382,598,432,85,5397,2.8,6688,1710,6877,43.3,34.4,7,11.4,4,1.8,68.4,15.5,6.5,8.9,0.8,13.2,14.5,7455,643,133,64,28,8319,3484,2459,2008,191,177,41.9,29.6,24.1,2.3,2.1,182,6667,1097,30,14,270,1500,1844,306,1101,711,75,12.4,54.8,35.4,3,3,2,3,2,2,1,3,39.4,26.9,22.1,11.6,8262,1,19.3,3367,107,14,,10,,5256,319,11,86,23,20,28,317,6075,53,45,5619,1037,1072,69,8304,670,2955,2702,1110,718,30259a50-1596-486d-aabd-653f152861e1,0.436718444273083,5.07060610131445
70,14900,Liverpool,305.7401,1,New South Wales,11919,1314,56085,69314,3.2,26221,6952,14346,6594,4450,908,59471,3.4,84154,9945,74218,50.2,34.3,4.4,7.3,3.8,2,67.6,21.9,3.2,7,0.3,10.9,7.1,50658,7098,11301,38,212,69314,15937,26804,24377,965,1235,23,38.7,35.2,1.4,1.8,5008,46808,14861,1025,44,400,2200,17709,6170,12249,10041,66.1,23,50.2,41.2,3,7,8,7,2,7,7,7,27.1,21.8,23.7,27.4,68772,3,11.7,35722,185,1424,,555,10,38560,3142,111,698,168,145,519,1357,46687,1735,3349,42808,26219,14840,472,89955,5364,21811,24894,9837,6164,8c66dd2c-9810-4465-89d4-62544b554914,0.0298133355408936,1.34684359939194
71,14920,Liverpool Plains,5082.2398,1,New South Wales,876,76,1892,2848,2.3,533,136,885,211,126,44,1936,2.8,2413,642,2226,45,33.4,7.3,10.3,4.1,1.9,65.3,15.9,5.7,12.3,0.8,13.4,19.1,2719,66,34,13,11,2848,1253,706,691,120,76,44,24.8,24.3,4.2,2.7,66,2259,367,3,4,230,1133,507,81,402,202,71.8,11.5,58.2,29.2,2,2,2,3,2,1,1,2,43.3,25,20.2,11.3,2829,1,23.4,773,119,,,14,,1806,87,,59,6,5,19,157,2151,15,18,1917,493,356,26,3044,160,922,1015,417,275,246d0df8-93d4-4342-ad5d-c32ee80f6e73,0.482733789715439,4.91981403323446
72,14950,Lockhart,2895.8049,1,New South Wales,323,33,849,1202,2.5,273,54,398,69,59,9,868,3,1221,208,862,51.5,28,7.4,8.7,4.4,2.1,65.1,18.1,7.4,8.5,0.6,15.4,29.3,1158,8,17,5,17,1202,591,351,180,48,30,49.2,29.2,15,4,2.5,31,958,137,,,200,1192,258,39,119,37,73.5,11.1,66.1,20.6,5,5,7,7,5,5,7,7,31.3,27.3,24.1,17.3,1196,2,15.8,411,100,,,7,,837,43,,31,,3,12,101,1045,17,6,896,238,103,13,1410,54,316,437,204,170,d7439c86-0a5a-4e5a-abf6-b7538fc768fb,0.28707977176191,2.77637882840767
73,15050,Maitland,391.5089,1,New South Wales,7256,811,24585,32648,2.7,9095,2012,9222,3069,1490,350,25244,3,30924,8970,26328,46.2,36.1,4.9,9.1,3.8,1.9,63.6,23.6,7.4,4.5,1,13.1,11.1,28499,3138,752,214,52,32648,9133,12750,9734,672,356,28,39.1,29.8,2.1,1.1,707,26598,3932,168,19,370,1829,9989,1368,5373,3452,78.3,10.7,55.2,35.5,6,6,5,8,6,6,4,8,26.6,26,25.7,21.7,32538,3,8.2,16691,111,140,,119,6,25551,1564,32,290,138,66,163,472,28532,364,429,27409,7369,6889,126,43280,1484,10088,13278,4737,2716,47478506-d697-4330-8a26-32115c199464,0.0376538113619063,1.21058714700835
74,15240,Mid-Coast,10053.8633,1,New South Wales,12219,1110,26332,39654,2.2,5632,1899,14434,2780,1853,366,26965,2.7,35173,8094,30114,47.5,27.6,8.4,12.3,4.1,1.8,72.3,13.4,5.8,7.9,0.6,14.1,15.7,32628,3480,2758,662,130,39654,19088,9485,8908,1199,971,48.1,23.9,22.5,3,2.4,916,31821,5119,300,31,315,1500,6750,1519,3947,4062,71.2,16,44.3,45.6,3,3,3,4,3,2,2,3,40,30.8,19.4,9.8,39420,1,21.9,10523,113,4,4,106,5,21712,1597,38,452,137,108,153,1211,25526,251,160,23546,4055,3814,373,34019,2009,15635,14040,4562,2500,540a942a-21ed-4a8b-8195-6759b7c69e19,0.959687031008798,6.89603504703891
75,15270,Mid-Western Regional,8752.2589,1,New South Wales,2724,267,6641,9638,2.4,2204,482,3000,654,374,86,6800,2.9,8629,2524,7097,46.9,33,6.5,9.6,3.9,1.9,65.3,19.5,6.1,8.2,0.8,11.9,16.1,8811,609,84,110,25,9638,3749,3108,2351,211,216,38.9,32.2,24.4,2.2,2.2,197,7737,1200,43,17,330,1733,2363,370,1327,786,76,11.9,56.4,33.4,5,5,4,7,5,5,3,7,31.1,26.9,25.7,16.3,9582,2,21.9,3187,139,,,28,5,7378,553,15,120,43,28,44,436,8635,115,41,8045,1201,1390,88,11426,418,2887,3635,1515,964,387ec7c7-6738-4c30-9cce-1e42cdaf5b77,0.840688114367822,7.04078783743172
76,15300,Moree Plains,17902.7033,1,New South Wales,1185,128,2729,4042,2.5,862,195,1141,360,205,62,2822,3,3237,1061,3388,41.4,41.5,6,7,4,1.9,57.1,14.8,5.6,21.6,0.8,10.3,14.7,3433,443,77,47,43,4042,1298,987,1388,232,129,32.1,24.4,34.3,5.7,3.2,146,3016,567,64,48,210,1300,743,79,842,299,75.3,8,60.7,21.5,3,4,4,3,3,3,4,2,38,23.3,22.9,15.6,3996,2,35.9,1337,145,,,21,5,3496,291,10,81,16,17,36,252,4225,37,34,3826,530,354,55,5199,320,1355,1384,503,339,bbc9eea8-5e19-4195-bd7a-6f0e76c11f32,1.66173384368813,9.2614047103686
77,15350,Mosman,8.6503,1,New South Wales,3658,261,7620,11544,2.3,2976,407,3382,577,285,95,7723,2.9,10878,2499,8357,50.2,33.3,5.2,9.2,2.1,1.8,70.7,21.2,4.3,3.7,0.2,11.6,20.3,4028,1389,6001,96,29,11544,4422,2980,3822,207,112,38.3,25.8,33.1,1.8,1,242,7720,3137,39,14,590,3870,1980,645,2214,1363,66.4,21.6,57.9,35.7,10,10,10,10,10,10,10,10,13.4,19,30.5,37.2,11517,4,14.1,6570,436,10,,419,41,2809,215,15,14,66,50,76,434,4147,190,629,3109,8321,1448,47,14153,1283,5409,3542,820,372,a1387377-f191-45ad-8fca-5e5557deafb9,0.000842540190205909,0.216078495138323
78,15520,Murray River,11863.0162,1,New South Wales,1341,98,3434,4875,2.4,1048,213,1828,242,121,31,3493,2.8,4929,1151,3139,53.6,26.4,7.4,9.4,3.3,1.9,68.3,16.2,5.7,9,0.8,12.3,18.2,4337,406,34,62,34,4875,2266,1360,911,219,123,46.5,27.9,18.7,4.5,2.5,82,4085,462,19,15,260,1408,1017,140,541,243,74.8,10.3,59.4,26.7,7,7,5,8,7,7,5,8,35.9,27.5,20.4,16.2,4848,3,22.6,1605,100,,,19,,3585,227,12,51,25,37,31,228,4212,45,25,3853,754,559,75,5646,214,1556,1921,680,388,f146e118-8e6c-4740-ad73-a81e70fbbb6f,1.17599134405555,11.6945636971545
79,15560,Murrumbidgee,6880.7902,1,New South Wales,413,25,857,1291,2.3,250,56,422,70,61,11,872,2.8,1124,311,942,48.1,33,6.5,9.2,3.3,1.9,66.2,16.2,6.2,10.6,0.9,12.9,23.3,1210,19,44,10,7,1291,517,318,296,114,48,40,24.6,22.9,8.8,3.7,22,1041,123,5,15,190,869,249,29,200,41,78.3,9.1,67.6,13.9,6,5,5,6,6,5,5,6,37.4,24.4,24.6,13,1281,2,22.3,630,60,,,5,,991,65,,31,10,9,24,127,1256,18,5,1069,248,113,11,1644,52,411,465,194,140,07d533c7-58d0-48aa-abeb-6c044c5d5b85,0.679012693648019,5.74745522450367
80,15650,Muswellbrook,3404.8841,1,New South Wales,1712,164,4131,6001,2.5,1415,298,1643,554,253,60,4222,3,4844,1726,4823,41.7,39.3,5.2,9.4,4.4,1.9,63.3,21,5.9,9.1,0.7,11.2,12.1,5292,595,58,33,31,6001,1717,1987,2051,161,90,28.6,33.1,34.2,2.7,1.5,135,4840,730,43,26,300,1517,1530,182,1205,629,77,9.2,58.8,30.7,3,2,1,4,2,2,1,4,34.2,26.3,26.5,13.1,5964,1,18.6,3423,100,3,,11,,4883,329,,44,36,17,44,213,5579,32,20,5246,687,1006,46,7359,336,2079,2187,813,480,ebe68685-decf-4ea3-8062-3b7b794a9cbb,0.326501003967223,3.9922287265927
81,15700,Nambucca Valley,1491.3431,1,New South Wales,2737,263,5264,8265,2.2,1250,393,2638,630,405,89,5401,2.8,6595,1835,6802,42.4,31.7,8.2,13.4,4.2,1.8,70.6,14.1,6.2,8.3,0.9,14.8,16.9,7117,524,393,166,60,8265,3989,2031,1902,159,191,48.3,24.6,23,1.9,2.3,246,6323,1285,80,39,300,1368,1445,328,791,890,71.1,16.1,41.6,46.8,2,2,3,3,1,1,2,2,42.1,29.8,18.1,10,8201,1,18.1,2083,130,4,,13,,4548,332,3,106,23,19,36,215,5301,50,27,4926,880,743,106,7085,469,3382,2799,905,506,394ac738-49b1-446b-a4da-6216d9cd9053,0.14039768177463,2.06651605240529
82,15750,Narrabri,13014.9937,1,New South Wales,1316,132,3126,4574,2.4,1002,238,1391,327,198,45,3196,2.9,4027,1112,3450,46.4,35.5,6.9,7.3,3.8,1.9,63.3,17.8,6.4,11.7,0.8,11.7,17.4,4114,384,31,33,14,4574,1596,1337,1332,207,105,34.9,29.2,29.1,4.5,2.3,112,3652,584,47,36,250,1343,1030,102,801,358,77,7.6,60.1,26.9,4,4,3,5,4,3,2,4,37.1,24.3,24,14.6,4547,2,24.2,1400,130,,,99,6,3769,266,3,79,8,26,26,233,4503,71,139,4097,632,529,41,5782,227,1421,1698,704,421,2835b24d-0ab6-4af2-998f-d3a6d352b04c,1.2211743282719,6.25964774718152
83,15800,Narrandera,4116.3458,1,New South Wales,685,51,1405,2141,2.3,414,85,626,191,86,27,1422,2.9,1758,425,1653,44.6,34.7,8.4,7.6,4.7,2,64.9,17.3,7.1,9.9,0.9,13.2,21.2,2014,44,53,14,8,2141,874,621,523,69,47,40.8,29,24.4,3.2,2.2,53,1743,243,14,25,200,1000,477,63,318,145,76.8,10.1,60.8,27.7,2,3,3,3,2,2,2,2,42.4,24.5,20.4,12.5,2120,1,21.4,915,190,,,6,,1557,119,,27,11,,15,137,1876,9,6,1691,255,183,15,2334,136,737,725,285,204,63727dcc-4ce4-4c22-bb0a-5bfb6e3b0fc3,0.404575529381418,3.96593262252936
84,15850,Narromine,5261.5165,1,New South Wales,649,54,1522,2221,2.5,479,111,647,188,98,29,1551,3,1979,437,1761,46.5,33.9,7.8,8.5,3.5,2,61,16.6,7,14.1,1.2,12.1,19.7,2072,85,42,10,12,2221,938,640,533,75,44,42.2,28.8,24,3.4,2,48,1764,281,16,25,240,1200,465,75,298,154,72.7,11.7,55.9,28.9,4,4,5,5,4,3,4,5,37.7,23.8,22.3,15.9,2211,2,22.4,551,167,,,7,,1720,108,,44,11,9,22,154,2083,26,7,1854,345,166,36,2647,116,737,774,319,239,6ea488dd-387e-4a65-a723-4c78cf054eed,0.503371589212747,4.15463659517144
85,15900,Newcastle,186.7255,1,New South Wales,19486,4588,42051,66129,2.4,14285,2853,17347,4637,2804,871,42799,2.9,50285,17599,59151,38.7,43.3,5.3,9.7,3,1.8,68.8,18.6,6.4,5.6,0.6,12.1,13.9,45617,10724,9410,244,131,66129,19333,20818,24204,1002,759,29.2,31.5,36.6,1.5,1.1,1736,47285,14015,1073,64,400,1987,16338,2375,13856,8154,78.5,11.4,57.2,33.7,8,9,9,5,8,8,8,4,26,26.3,23.8,23.8,65865,4,11.7,31194,150,156,61,826,40,43475,2583,119,348,422,813,312,2252,51423,849,1506,46715,20111,13393,284,86062,5416,25170,24399,6868,3483,e0baad71-c629-4019-a481-9776d8f4f96e,0.0179920212463003,1.26906945667676
86,15950,North Sydney,10.491,1,New South Wales,12490,1630,18279,32395,2,5476,621,9878,1447,610,369,18403,2.6,21942,9607,23542,40.4,43.6,3.4,10.1,2.5,1.6,74.7,17.3,3.1,4.7,0.2,9,16.8,3593,4121,24535,75,78,32395,8275,6597,16824,476,240,25.5,20.4,51.9,1.5,0.7,1113,17605,12758,327,48,580,3000,4872,1169,11311,4589,73.9,17.7,67.2,27.3,10,10,10,6,10,10,10,5,14.5,19.7,39.6,26.2,32309,4,17.2,16289,285,909,3,933,83,6613,557,69,48,179,196,166,2035,11784,651,2512,7360,25071,3589,86,41183,6081,18176,6504,976,353,bb02df8d-1e5b-478a-98a6-f89a011b5faa,0.00102175803885984,0.265366756765884
87,15990,Northern Beaches,254.2072,1,New South Wales,21056,2990,70330,94377,2.7,30432,5714,26993,5292,3296,713,72448,3,101919,23170,75456,50.8,33.6,4.9,8.4,2.3,1.8,67.3,23.9,4.4,4,0.3,11.1,16.9,54040,8299,31478,388,177,94377,32841,32976,25365,2262,938,34.8,34.9,26.9,2.4,1,3097,64780,22717,448,17,625,3124,23744,5644,13984,9451,72,17.1,55.1,37.3,10,10,10,10,10,10,9,10,14.9,21,25.2,38.9,94080,4,10.5,49772,234,66,9,3321,248,44891,2969,121,755,936,749,580,3197,57842,1464,4655,48813,59959,16500,451,136223,6126,34394,35922,10793,6233,568d94f1-12f6-4e34-b1c4-13603c7ff453,0.0247185298471777,1.96465093590566
88,16100,Oberon,3625.047,1,New South Wales,587,46,1402,2038,2.3,382,123,705,129,93,9,1432,2.8,1881,490,1436,47.5,31.8,6.5,10.1,4,1.9,64,15.2,6.6,13.7,0.5,11.8,13.9,1914,82,26,9,12,2038,854,658,419,62,43,41.9,32.3,20.6,3,2.1,49,1657,238,,,280,1560,470,96,262,110,71.4,14.6,62.5,26.3,5,5,4,8,5,4,4,8,30.3,28,25.4,16.5,2030,2,28.2,682,137,,,6,,1593,96,,35,4,3,12,97,1854,25,14,1714,314,236,32,2452,60,588,784,334,229,6a7747dc-79c3-4dc5-b87a-09d3c41503be,0.353273718970286,4.84099775230156
89,16150,Orange,284.2159,1,New South Wales,4669,515,10996,16183,2.5,3980,702,4331,1381,622,168,11184,3,13959,3740,12751,44.9,36.6,5.7,9.4,3.4,1.9,63.9,21.5,7.3,6.3,1,11.8,15.2,13966,1556,557,54,51,16183,4983,5454,5269,218,253,30.8,33.7,32.6,1.3,1.6,321,13035,2065,108,25,330,1700,4329,547,3178,1547,79.4,10,60.3,29.4,7,7,7,7,7,7,7,6,29.3,24.8,23.9,22.1,16099,3,13.9,8014,120,3,,81,4,13831,1175,70,164,45,66,76,519,16036,138,130,15128,2132,2043,94,20446,985,5801,6180,1984,962,85c0faf3-6287-466b-aebf-37638aea945d,0.0275221749275261,0.962256223338688
90,16200,Parkes,5957.6137,1,New South Wales,1683,127,3587,5401,2.4,1128,257,1524,477,228,45,3668,3,4492,1222,4276,44.3,35.3,7.3,9.2,3.9,2,65,18.8,7.2,8.1,1,13,18.1,4842,191,292,38,41,5401,1987,1662,1490,156,104,36.8,30.8,27.6,2.9,1.9,134,4298,708,22,15,250,1300,1322,132,949,391,79.5,7.9,63.7,26.2,3,3,3,3,3,3,3,3,38.8,24.1,23.1,14.1,5369,2,19.8,1828,118,,,23,3,4116,329,17,56,32,16,25,279,4908,38,30,4486,662,556,38,6197,344,1880,1902,686,486,e4cc54c9-a197-4924-afce-4466402347db,0.574062181253794,4.30285636824612
91,16260,Parramatta,83.8303,1,New South Wales,20742,4627,66741,92109,2.6,29334,5065,24427,5297,3641,1368,69127,3,101385,15081,78974,53.4,33.6,3.6,6.9,2.6,1.7,68.1,23,2.7,6,0.2,9.1,11.2,35872,12253,43561,189,232,92109,19552,27669,42206,1550,1137,21.2,30,45.8,1.7,1.2,7262,53492,28510,814,32,450,2383,18373,6624,26280,13115,66.4,23.9,62.3,31.1,9,10,10,6,9,9,9,5,18.5,21.7,28.5,31.3,91609,4,14.1,40672,200,3856,9,1633,33,35882,2938,163,373,401,299,553,2413,48553,3672,8837,40167,54036,16250,524,123037,10829,42203,27726,6872,3158,db9b269f-5de1-4b37-9e9a-ae847affa478,0.00816172499298773,0.569111282032382
92,16350,Penrith,404.7021,1,New South Wales,15971,1939,55491,73398,2.8,22171,5606,17948,6997,4273,905,57893,3.1,72928,17523,67880,45.5,37.9,4.4,8.5,3.8,1.9,64.9,23.1,4.6,6.9,0.5,11,8.6,57474,8934,6712,179,104,73398,18157,28931,24497,882,933,24.7,39.4,33.4,1.2,1.3,2468,55967,12022,791,36,400,2167,21164,4847,14072,8524,73.2,16.8,57.4,34.8,6,8,6,8,7,7,6,8,24.9,26.3,24.6,24.2,73000,3,10.2,39836,120,1384,3,388,10,48887,3523,139,1417,326,133,431,1145,57793,1787,3147,53486,26816,15285,415,102094,4778,24684,26845,9664,6440,a3c4517a-4483-437d-a5b7-742e99483059,0.0393861280613237,1.06886935191876
93,16380,Port Macquarie-Hastings,3682.3915,1,New South Wales,10035,1031,23785,34848,2.3,6468,1595,12061,2467,1500,270,24361,2.8,32106,7590,26462,47.9,29.1,7.6,11.6,3.8,1.8,71,16.3,6.3,5.6,0.8,14,16.6,26385,4645,3343,374,102,34848,14800,9177,9045,946,887,42.5,26.3,26,2.7,2.5,684,28055,4471,293,34,375,1733,6913,1299,4086,4149,75.3,14.2,45.2,45.9,6,6,6,6,6,6,6,6,33.6,30.6,20.2,15.6,34703,3,13.4,13246,100,12,,130,7,23253,1696,43,366,200,127,121,878,26830,274,255,25218,4397,3917,171,35597,1874,13493,12540,3980,2147,cabb6740-29ae-4583-9faf-bba19ab760e2,0.349254002596354,3.90729837731064
94,16400,Port Stephens,858.4357,1,New South Wales,7503,694,20670,28868,2.4,5990,1685,9863,2176,1336,223,21270,2.8,27907,6557,22278,48.9,29.9,6.5,11,3.7,1.9,69.1,17.5,6.9,5.9,0.7,13.7,13.9,23362,3911,1038,452,96,28868,11897,8821,7164,584,395,41.2,30.6,24.8,2,1.4,594,23715,3347,183,25,370,1733,6443,1248,3524,2926,73,14.1,49.2,40.8,6,5,4,8,6,5,4,7,30.9,30.1,23.3,15.7,28749,2,19.5,12466,100,5,3,127,3,17361,1098,14,319,87,74,118,557,19762,228,231,18665,5614,5181,194,30986,1142,10359,10917,3694,2373,6fefb39d-5274-4184-88ec-146e9404f43f,0.0825711409524956,2.96504079506826
95,16490,Queanbeyan-Palerang Regional,5319.0075,1,New South Wales,5819,503,16785,23100,2.6,6763,1415,6601,1505,817,222,17312,3,23149,5999,17426,49.6,34.8,3.7,8.8,3.1,1.8,64.8,22.1,6.7,5.5,0.8,12.2,16.5,17078,3262,2661,61,41,23100,6443,10045,6100,264,252,27.9,43.5,26.4,1.1,1.1,629,17780,3734,190,30,355,2167,8142,952,4150,1489,81.1,9.5,68,24.4,10,9,9,10,9,9,8,10,17.7,21.3,25.8,35.1,23014,4,13.3,13676,160,4,3,275,3,23812,1661,49,320,240,121,126,692,27307,388,439,25836,3615,3369,117,34789,797,7095,9090,3496,2382,4e45c981-01c2-40da-85a8-7b2f103376db,0.527897748270334,6.09416448543655
96,16550,Randwick,36.331,1,New South Wales,14505,3873,33050,51433,2.4,12549,2314,13402,2744,1981,704,33700,2.9,40503,15399,45359,39.1,46.9,4.2,7.4,2.4,1.7,70.4,19.4,3.1,6.8,0.2,10.2,13.7,13790,8601,28527,443,74,51433,13848,12215,23875,880,614,26.9,23.7,46.4,1.7,1.2,2088,30581,16630,868,65,550,3033,8608,2247,14280,7611,70.5,18.4,59.8,31.9,10,10,10,7,9,9,10,7,21.2,20.6,28.8,29.4,51235,4,14.6,26358,240,136,341,2546,3,18700,1529,144,317,646,685,315,2805,28181,1353,4147,20728,31221,8035,284,69077,8149,23746,14048,3334,1454,b547b6cc-5002-4c56-a32e-9d2d061e667a,0.00354329425545075,0.472235125384502
97,16610,Richmond Valley,3047.3748,1,New South Wales,2578,256,5989,8825,2.4,1603,497,2770,737,457,96,6165,2.9,7348,2235,7294,42.6,35,7.1,11.3,4,1.9,67,15.6,6.4,10.3,0.7,14.2,14,7455,819,326,197,32,8825,3570,2633,2253,170,208,40.5,29.8,25.5,1.9,2.4,257,6755,1398,108,45,295,1341,1953,360,1096,934,74.2,13.7,48.6,41.5,2,2,1,4,2,1,1,3,41.5,28.8,19.6,10.2,8779,1,17.9,2903,120,,,16,4,5860,452,5,135,57,59,38,290,6909,62,22,6368,889,1178,82,9119,466,3201,3115,1205,643,e513b8ae-2863-48a4-82ab-e0daad60a53d,0.282332100430722,3.43195855772665
98,16700,Ryde,40.4746,1,New South Wales,12976,2159,33907,49040,2.5,13650,2791,13496,2452,1856,744,34985,2.9,49966,9318,41268,50.1,36.4,4.3,6.9,2.2,1.7,70.6,21.3,3.1,4.8,0.2,10.1,12.7,20016,6956,21854,124,93,49040,12762,14497,20370,885,522,26,29.6,41.5,1.8,1.1,2730,29232,15595,360,28,460,2600,9777,3292,11847,7245,67.4,22.7,58.2,35.6,10,10,10,8,9,9,9,8,18.8,20.8,28.1,32.3,48817,4,12.4,23057,200,1626,12,1329,29,19009,1387,69,208,223,153,268,1493,25816,1565,4337,21022,30137,7812,237,65564,6111,23137,13988,3538,1686,b4d908e6-d806-449a-836d-c54c1698a06d,0.00394040427863729,0.384066746400366
99,16900,Shellharbour,147.4208,1,New South Wales,5942,586,21014,27543,2.6,7067,2191,8097,2451,1594,289,21682,3,27433,6791,23334,47,34.2,5.8,9.4,3.6,1.8,66.4,21.2,6.5,5.2,0.7,13.5,9.7,21963,3931,1300,312,39,27543,9337,10105,7363,370,360,33.9,36.7,26.7,1.3,1.3,610,22055,3693,163,21,420,2114,7483,1538,3823,2873,74.1,15.2,51.9,39,6,6,4,8,6,6,4,8,29.7,26.8,23.8,19.8,27417,3,8.3,14228,100,104,,156,7,19838,1121,21,272,100,63,155,318,22150,251,389,21184,6389,5576,153,34522,1397,8764,10717,3810,2502,42758017-bace-4adc-8d98-9e9add565a60,0.0144842867221087,0.998827330962503
100,16950,Shoalhaven,4567.2011,1,New South Wales,12150,1169,29348,42667,2.3,7649,2107,15027,2930,1943,383,30043,2.8,38929,9877,32034,47.6,30.5,7.1,11.1,3.7,1.8,69.4,15.8,6.6,7.5,0.8,13.5,15.4,37225,3469,865,852,252,42667,19052,11551,10335,985,744,44.7,27.1,24.2,2.3,1.7,806,35180,4973,429,39,350,1733,8299,1876,5030,4375,71.8,16.2,48.7,42.3,6,5,5,7,6,5,5,6,33.6,29.7,22.4,14.3,42495,2,27.7,15876,108,16,,58,12,26961,1942,44,478,189,210,234,1170,31317,314,152,29186,5305,5049,302,42293,1863,16055,16005,5106,2936,14dadb0b-fc4e-4d90-bb92-e654362b47f4,0.451483938212277,5.47172184939002
101,17000,Singleton,4892.7168,1,New South Wales,1901,184,6360,8443,2.7,2405,647,2480,639,333,73,6568,3.1,8575,2231,6489,47.8,36.4,4.4,8.1,3.2,1.9,62.6,21.9,7.7,6.9,0.9,12.5,14.7,7479,615,231,94,16,8443,2669,3442,2092,133,105,31.6,40.8,24.8,1.6,1.2,193,6797,1072,93,37,338,1917,2643,370,1218,651,76.8,10.7,58.2,31.1,7,7,3,9,7,6,2,9,25.1,24.5,29.4,20.9,8411,3,14.5,4770,146,3,,22,,7301,426,10,137,42,12,77,507,8541,73,43,7793,1530,1903,57,12105,299,2206,3359,1489,999,24cc94d9-eca4-4278-92ce-23f4b13c46e5,0.470305862475016,4.6607298649095
102,17040,Snowy Monaro Regional,15164.7904,1,New South Wales,2386,358,5291,8043,2.4,1701,368,2546,443,274,52,5391,2.8,6898,2159,6162,44.9,37.2,5.2,9.6,3.3,1.8,67.4,17.1,5.6,9.3,0.6,11.1,20.7,6995,385,551,60,61,8043,3232,2501,1920,242,140,40.2,31.1,23.9,3,1.7,253,6309,1112,123,45,300,1500,1921,279,1093,574,76.8,11.2,56.9,29.9,8,8,7,8,8,8,7,8,27.2,27.4,26.6,18.8,8005,3,34.7,3008,145,13,,32,3,6591,545,12,92,40,31,89,713,8163,134,96,7262,1485,1193,90,11068,317,2480,2993,1273,839,1f94b1e4-beb3-44a8-bfda-f01aa1fb3322,1.52339233494786,7.74920298418603
103,17080,Snowy Valleys,8958.9215,1,New South Wales,1668,97,3905,5671,2.4,1180,277,1839,388,241,48,3963,2.9,5023,1416,4048,47.2,32.6,6.9,9.5,3.8,1.9,66.1,16.9,6.9,9.3,0.7,12.3,19.9,5188,359,58,35,33,5671,2458,1605,1371,146,97,43.3,28.3,24.2,2.6,1.7,123,4525,741,31,21,230,1300,1227,154,847,339,76.4,9.6,61.8,24.7,4,3,3,5,3,3,2,4,37.6,27.3,22.3,12.8,5653,2,20.1,1701,120,,,19,,4271,327,4,71,29,14,42,313,5090,55,29,4654,695,647,55,6549,257,1881,2065,883,497,9c81f9ea-2ccb-410a-94dd-1672bb552964,0.89256004249637,8.20235160887918
104,17100,Strathfield,14.0008,1,New South Wales,3224,1375,11147,15746,2.7,4475,1055,4258,755,644,360,11545,3,16786,2584,16842,48.9,39.8,3.3,5.7,2.3,1.7,73.3,17.6,2.7,6.3,0.1,9.3,9.6,5388,832,9366,93,67,15746,3384,4562,7278,287,235,21.5,29,46.2,1.8,1.5,2023,8133,5029,213,47,460,2300,2903,1142,4379,2276,63.6,25,60.2,31.3,8,10,10,4,8,9,9,3,18.8,23.4,27.3,30.5,15627,4,14.5,6751,205,1947,6,148,,7123,625,43,76,148,51,143,410,10713,1066,3094,8033,8279,2640,101,22795,2226,7155,4153,1233,671,a8f028b6-837f-4e41-8e97-06cfb6d1a0c5,0.00136437859600846,0.207187233798222
105,17150,Sutherland Shire,333.5806,1,New South Wales,18511,1779,63002,83292,2.7,25501,6475,23731,4823,3573,651,64749,3.1,92786,17557,66335,52.2,32.1,5.2,8.1,2.5,1.8,67.8,22.9,5.2,3.8,0.3,12.2,13.6,50676,11559,20656,285,115,83292,30338,32302,18548,1299,805,36.4,38.8,22.3,1.6,1,1797,62536,16030,247,11,500,2620,23799,5393,10764,6391,73.7,16.7,58,34.5,10,10,9,10,10,9,9,10,18.3,22.9,23.9,35,83069,4,8.7,46374,150,2261,,174,14,46526,2714,71,793,329,264,452,1851,55452,1330,3466,50105,43638,16720,303,117444,4709,28058,32998,10296,6494,1d98f66f-9204-4742-b040-335a31539598,0.0325804051822161,2.46696280399544
106,17200,Sydney,26.6762,1,New South Wales,40160,11299,46287,97743,1.9,9728,1137,29833,2942,1666,1394,46705,2.4,41434,39008,88344,25.2,63,2,7.6,2.2,1.5,80.5,9.9,1.8,7.7,0.1,6.5,12.8,2081,17935,76760,541,425,97743,13747,18661,62678,1297,1362,14.1,19.1,64.1,1.3,1.4,6575,38859,48768,3589,167,550,2700,13274,3875,37663,20697,71.1,20.8,60.1,33,9,10,10,2,9,10,10,1,25.4,20.1,37.1,17.5,97264,4,21.6,40338,212,4552,562,3744,32,16297,1567,439,131,1001,2035,819,11722,42894,3449,12020,18587,66323,13786,441,126888,37727,45146,10921,1511,584,f3f72795-4ec9-4903-9d87-d46c24c80627,0.00259985102547944,0.41679090585804
107,17310,Tamworth Regional,9884.3505,1,New South Wales,6726,722,16167,23617,2.4,5194,1119,6825,2158,985,273,16549,2.9,20319,5479,19065,44.6,35.7,6.4,9.5,3.8,1.9,65.5,19.1,6.8,7.8,0.9,12.8,15.5,20808,2157,419,127,115,23617,7934,7382,7336,533,432,33.6,31.3,31.1,2.3,1.8,549,18856,3124,168,27,300,1517,5780,791,4186,2403,78.3,10.7,57.1,32.8,4,4,4,5,4,4,3,4,33.7,26.3,23.6,16.4,23488,2,15.3,8159,130,4,,62,4,17731,1518,39,389,153,63,138,717,20824,202,111,19440,3691,3751,176,28644,1395,8205,8694,3025,1880,4682c65c-eaca-4505-ac8c-f0b5b0b521ca,0.932488899527016,7.7252904359914
108,17350,Temora,2802.0159,1,New South Wales,756,27,1601,2393,2.3,454,122,779,147,98,28,1625,2.9,2242,425,1721,50.2,28.7,8.4,9.3,3.4,2,69.3,16.6,7.6,5.8,0.7,13.9,25.1,2203,140,13,32,7,2393,1140,592,541,66,51,47.6,24.7,22.6,2.8,2.1,41,1930,315,4,7,230,1100,456,53,317,157,77,9,58.6,29,5,4,4,5,5,4,3,5,40.9,24.8,20.6,13.9,2377,2,18.6,1175,215,,,9,,1710,112,,40,14,12,13,185,2096,22,16,1848,312,244,13,2685,149,795,823,349,232,350f42b1-8341-43d5-b41d-51c60b4a0314,0.274671137039604,3.03741739826296
109,17400,Tenterfield,7324.3072,1,New South Wales,1024,85,1772,2875,2.1,381,83,1030,179,105,15,1800,2.6,2375,554,2090,47.1,28.5,7.6,12.9,3.9,1.8,72,12.4,4.5,10.7,0.6,14.6,22.2,2724,24,66,37,17,2875,1541,595,523,116,97,53.6,20.7,18.2,4,3.4,80,2235,411,16,23,240,1083,432,92,254,191,72.6,15.5,48.6,36.5,2,2,4,2,1,1,3,1,46.7,26.8,18.1,8.4,2852,1,27.9,503,126,,,17,,1411,105,,47,11,11,21,116,1741,19,22,1532,442,193,42,2431,150,1073,954,384,218,ef861d11-a3da-402c-abf4-337216188b5f,0.677841796371922,6.59346566231398
110,17420,The Hills Shire,386.1583,1,New South Wales,7282,831,51702,59810,3.1,26446,5694,16298,3336,2117,408,54291,3.2,88500,7458,49006,61.3,27.6,3.7,5.3,2,1.9,65.2,27,4.4,3,0.3,10.9,13.7,48537,5313,5836,13,111,59810,18524,27584,12204,970,532,31,46.1,20.4,1.6,0.9,1230,49333,7250,209,11,580,3000,19473,5176,7630,3648,70.6,18.8,62.5,29.9,10,10,10,10,10,10,9,10,9.8,14.3,23.3,52.6,59610,4,7,36313,197,894,17,1031,,33085,2114,43,519,147,89,399,784,39125,1461,3152,36031,43723,11901,266,96477,1454,16978,26013,8922,5957,2dc59149-abed-40ba-ae8d-21d2eb52e232,0.0375057947030655,1.43997381429625
111,17550,Tweed,1307.7853,1,New South Wales,10812,1355,25436,37602,2.4,7578,1898,11692,2749,1908,360,26176,2.8,32779,8846,30848,44.8,31.9,7.3,12.4,3.6,1.8,68.1,17.4,6.1,7.6,0.8,13.3,14.3,24836,7107,4828,716,107,37602,15602,11364,9117,875,647,41.5,30.2,24.2,2.3,1.7,985,28458,6475,529,54,400,1872,7917,2003,3889,4287,69.7,17.6,42.7,47,6,7,7,7,7,7,7,7,32.5,29.7,20.6,17.2,37405,3,16.2,12887,120,12,,188,,25294,1631,27,395,195,311,179,1055,29300,305,309,27216,5888,4901,283,40678,2181,14526,13747,4214,2296,cf7c4717-a0c1-4734-8450-da37673dbc12,0.120371840908774,2.45937090143941
112,17620,Upper Hunter Shire,8096.0889,1,New South Wales,1581,153,3763,5499,2.4,1281,229,1755,324,196,36,3821,2.9,4926,1482,3916,47.3,33.3,6.4,9.6,3.5,1.9,66.9,18.9,6.1,7.5,0.5,11.1,16.5,4988,385,44,65,20,5499,2016,1758,1329,304,97,36.7,32,24.2,5.5,1.8,108,4473,667,22,15,270,1560,1336,181,777,369,76,10.3,58.5,27.8,5,5,3,7,5,4,2,7,33.7,26.6,24.3,15.3,5472,2,19.4,2335,100,,,10,,4311,279,,69,26,26,77,302,5111,56,18,4636,830,737,53,6784,239,1799,2069,834,466,ec983fcf-c197-4ce5-9f29-4e7f5f997ff8,0.77242143586227,7.33841575567228
113,17640,Upper Lachlan Shire,7127.3957,1,New South Wales,894,38,2312,3249,2.4,685,201,1205,148,106,28,2379,2.8,3346,769,2149,53.3,26.8,6.3,10.5,3.1,1.9,66.4,17.2,6.9,8.7,0.6,13.8,21.9,3138,60,13,19,17,3249,1620,1018,410,139,55,49.9,31.3,12.6,4.3,1.7,73,2641,365,11,13,277,1540,726,149,240,111,71.3,14.6,58.5,27.1,8,8,8,9,8,8,8,9,26.7,25.7,29.2,18.3,3234,4,29.5,1235,107,3,,8,,2243,129,,95,21,6,28,182,2709,34,15,2393,852,365,35,3997,81,818,1251,597,447,151b346c-ce95-4df9-b3c5-036c515efd5e,0.698920654133417,7.51696367681397
114,17650,Uralla,3226.5327,1,New South Wales,604,54,1630,2285,2.4,491,110,794,163,83,28,1666,2.8,2190,552,1660,49.4,30.8,6,10.6,3.2,1.9,66.7,18.4,6.5,7.4,0.9,15,23.3,2179,54,19,30,4,2285,971,786,403,93,28,42.5,34.4,17.6,4.1,1.2,37,1866,287,4,7,250,1333,618,81,237,117,78.6,10.3,58.8,29,6,6,8,7,7,6,7,7,30.6,25.8,24.8,18.9,2277,3,17.2,731,155,,,,,1413,73,,39,14,5,12,87,1654,11,8,1500,611,388,14,2688,76,668,907,361,242,d356e2e0-3e23-403f-824c-9ab1c46fd058,0.303198636636353,4.08540459235097
115,17750,Wagga Wagga,4824.4888,1,New South Wales,6859,946,16963,24776,2.5,6173,1168,6678,2062,941,251,17273,3,21713,5776,20066,44.8,38.6,5.3,7.9,3.4,1.9,65.1,20.3,7.2,6.4,0.9,12.4,16.1,21184,1180,2276,93,42,24776,7307,8449,8103,545,366,29.5,34.1,32.7,2.2,1.5,558,20006,3089,257,37,300,1517,6698,784,5085,2295,79.3,9.3,62.8,28.3,6,7,7,6,7,7,7,6,28.6,25.3,24.4,21.7,24661,3,12.7,10822,120,3,,162,13,22961,1812,58,206,147,136,264,1314,27076,272,238,25033,2783,2984,171,33283,1514,8510,9408,3227,1739,3d36c451-5bd0-484b-bbe8-5accaff8bf41,0.477504288538967,4.6142249966065
116,17850,Walcha,6261.0243,1,New South Wales,358,15,812,1183,2.2,224,46,468,48,26,10,820,2.7,1202,247,675,55.6,26.2,7,8.5,2.7,1.9,66.3,15.8,6.2,10.5,1.1,12,26.1,1122,3,39,10,6,1183,567,257,235,95,26,47.9,21.7,19.9,8,2.2,15,993,120,,,200,1056,174,42,128,61,67.7,16.3,54.5,26,7,7,8,7,7,7,7,7,35.8,27,21.3,15.6,1172,3,28.2,233,200,,,,,665,53,4,23,10,,13,93,858,6,3,725,390,105,14,1379,47,335,449,188,137,6d5735a7-4fc6-4c93-9d56-95a48b557fc7,0.592307578580858,5.18755358954312
117,17900,Walgett,22308.2528,1,New South Wales,621,63,980,1660,2.2,259,45,460,145,78,23,1012,2.9,1067,433,1421,35.3,42.1,6.5,11,5.4,1.9,57.2,11.7,4.1,26.5,0.4,10.4,14.8,1252,56,22,236,87,1660,688,245,515,165,45,41.4,14.8,31,9.9,2.7,85,1122,350,152,269,180,858,176,39,334,90,71.8,15.9,64.9,17.5,2,2,4,2,1,1,4,1,49.7,23.6,18,9.2,1653,1,42.3,386,180,,,5,,959,78,,16,7,11,28,170,1285,16,3,1056,227,121,17,1668,128,622,537,187,142,fb5640ff-606b-4daf-90e1-b7dcba017daf,2.08200890322541,9.79976671275809
118,17950,Warren,10753.7672,1,New South Wales,303,25,612,936,2.4,197,39,287,57,35,10,625,2.9,840,191,692,46.9,32.9,9.1,7.7,3.1,2,63.3,17.4,6.7,12.4,0.1,12.5,20.6,864,44,14,3,15,936,416,210,216,72,25,44.4,22.4,23.1,7.7,2.7,17,751,103,3,11,200,1045,152,25,134,39,72.4,11.9,62,18.1,4,5,6,5,4,5,6,4,37.9,23.9,24.4,14.5,932,2,23.9,209,184,,,3,,677,43,,16,6,,11,75,848,10,3,736,185,49,18,1106,57,290,319,149,98,da398f1b-7819-4538-9cbd-930d25a63821,1.01906488201803,7.78689282737222
119,18020,Warrumbungle Shire,12372.12,1,New South Wales,1114,79,2210,3400,2.3,600,144,1092,241,136,37,2252,2.8,2923,703,2609,46.3,30.6,8.5,10.5,4.1,1.9,65.1,14.3,5.3,14.7,0.6,13.5,21.7,3235,38,69,24,33,3400,1663,781,711,146,105,48.9,23,20.9,4.3,3.1,82,2691,446,33,35,200,922,575,92,447,165,73.6,11.8,62.9,23.2,2,3,5,3,2,2,4,2,44.2,24.5,20.3,11.1,3373,1,28.8,662,135,,,12,,1895,139,,83,29,8,28,256,2444,30,20,2057,606,282,35,3401,166,1160,1180,484,331,2b66306e-6653-4902-b46f-0b2f0c2302bd,1.17410404917291,8.24068221602869
120,18050,Waverley,9.3506,1,New South Wales,8216,2645,16587,27455,2.3,6408,706,7487,1322,598,258,16776,2.9,18716,10176,22898,35.8,51.1,3.5,7.6,2,1.8,69.7,20.1,3.2,6.9,0.2,9.3,16,4405,4969,17590,443,54,27455,6649,6542,13456,435,374,24.2,23.8,49,1.6,1.4,1008,15055,10100,370,55,670,3500,4366,1368,8163,4261,66.7,20.9,60.7,31.7,10,10,10,8,10,10,10,8,15.5,19.2,34.3,31.1,27345,4,16.8,14135,300,593,5,756,39,7615,527,91,121,499,365,174,1483,12272,950,2261,8343,21049,3774,179,38229,5100,13137,6825,1375,587,e217c437-d1e5-4037-8c58-3bd6abbc9ba1,0.00091131991621296,0.199179616931171
121,18100,Weddin,3414.8566,1,New South Wales,514,28,963,1500,2.2,249,60,508,65,59,27,975,2.8,1295,316,1073,48.2,28.1,8.9,10.3,4.2,1.9,70.1,14.3,7.2,7.7,0.7,14.4,24.2,1405,34,52,8,3,1500,769,369,274,62,33,51.3,24.6,18.3,4.1,2.2,25,1239,170,5,14,198,953,278,34,180,67,75.3,9.2,65.7,24.5,4,5,6,5,4,4,6,5,41.4,25.3,20.6,12.4,1494,2,19.9,559,50,,,,,803,65,,28,7,8,20,110,1036,14,,880,289,133,15,1487,83,489,500,248,159,72ab5a07-aa79-4845-bee4-8db7efadafe7,0.332745745000011,4.17107633320446
122,18200,Wentworth,26255.9338,1,New South Wales,631,41,1876,2546,2.5,615,150,878,156,83,25,1912,2.9,2542,663,1771,50.2,32.8,4.9,8.9,3.3,1.9,62.3,17.1,6.8,13.1,0.9,13.6,16,2348,105,33,49,14,2546,1004,847,500,90,101,39.4,33.3,19.6,3.5,4,76,1984,306,17,22,200,1300,654,82,297,140,77.2,9.7,59.4,28,5,5,5,6,5,5,5,6,35.1,24.8,23.4,16.7,2533,2,26.8,765,100,,,25,,2097,149,,22,11,10,23,146,2489,18,20,2268,397,240,34,3174,121,666,991,428,234,8c567bae-e35f-4583-9989-1202580248c5,2.54964667182185,11.2720742239068
123,18250,Willoughby,22.4257,1,New South Wales,6320,1067,20207,27599,2.6,9220,1334,7204,1705,896,347,20701,3,30021,5101,22039,53.7,33.2,4.2,6.8,2.1,1.7,67.6,25.2,3.2,3.9,0.3,10.3,16.3,12337,2145,13007,71,32,27599,8759,7397,10610,600,229,31.7,26.8,38.4,2.2,0.8,1662,16729,8287,150,20,571,3299,5043,1573,6275,3619,68.2,21.3,59.1,34.1,10,10,10,9,10,10,10,9,14.6,18.3,28.2,38.9,27495,4,11.8,14128,300,1162,,686,,7556,715,46,63,154,129,145,1637,12300,636,2413,8503,20316,3943,123,37312,3840,13091,7904,1809,698,7778809d-dc7b-42cf-adb6-583186903519,0.00218348438056637,0.351358303976603
124,18350,Wingecarribee,2689.3415,1,New South Wales,5280,430,14478,20184,2.4,4558,1063,7128,1093,873,157,14868,2.8,21067,4072,14827,52.4,27.7,6.7,10.2,3,1.9,69.9,18.1,5.8,5.6,0.6,12.5,18,18252,1288,464,146,35,20184,8994,6569,3891,469,256,44.6,32.5,19.3,2.3,1.3,335,17031,2046,78,15,430,2167,4670,1107,1872,1624,71.1,16.9,48.1,41.7,9,9,9,10,9,8,8,9,21.2,27.3,26.7,24.8,20110,4,14.8,7867,204,73,,73,3,13053,950,22,339,51,33,104,671,15374,171,213,14150,5592,2663,161,23960,665,6745,7766,2860,1886,f52cfff6-27f3-4b69-a862-37a303da8f86,0.263902869038247,3.36732535186334
125,18400,Wollondilly,2555.4341,1,New South Wales,2911,245,14163,17325,3,5938,1623,5310,1220,718,112,14922,3.2,20885,4572,14037,52.5,32.6,4.1,7.5,3.3,2,64,24.5,5.5,5.4,0.6,12.3,11.8,16388,615,168,106,47,17325,5332,8499,2808,469,218,30.8,49.1,16.2,2.7,1.3,353,14319,1901,109,20,415,2363,6070,1443,1484,1059,71.4,17,52.8,37.7,9,9,7,10,9,8,6,10,18.4,21,29.2,31.5,17263,4,8.7,9313,120,104,,13,,13960,834,5,601,55,15,86,354,16024,216,228,14995,6273,3887,125,26528,425,3688,6601,3178,3226,ef1e051d-1615-41e3-a9a5-327003056a0a,0.249664527098957,3.85033216052217
126,18450,Wollongong,684.3076,1,New South Wales,21265,3593,55796,80658,2.5,19683,5100,21898,5681,3940,841,57143,3,74178,18196,70768,44.6,37.6,5.8,8.9,3,1.8,68.9,20.1,5.5,5,0.4,13.1,13.2,55191,9827,14928,565,152,80658,27598,25777,24976,1303,998,34.2,32,31,1.6,1.2,2360,59754,15226,828,39,390,2167,19683,3598,13468,9278,76.4,14,53.9,37.1,7,8,8,7,8,8,8,6,28.6,25.2,22.6,23.6,80351,4,10.2,40567,135,719,6,707,9,47369,2900,105,584,325,416,352,1984,55478,978,2041,51042,26041,15206,321,98020,6764,28876,29052,9495,5487,ef951f79-a9fe-45da-9bf9-6996a31753b5,0.0670651889713554,2.15330908016642
127,18500,Woollahra,12.2584,1,New South Wales,6946,1353,13611,21907,2.3,4841,655,6407,1136,507,212,13761,2.8,17876,5601,17186,43.8,40.7,4.9,8.7,2,1.8,71.1,18.8,4.2,5.7,0.2,11.1,18.8,4894,4602,12170,192,50,21907,7740,5264,8071,557,264,35.3,24,36.8,2.5,1.2,445,14611,5787,231,45,695,3900,3390,1186,4574,2828,64.4,22.5,56.7,35,10,10,10,10,10,10,10,9,12.2,19.1,34,34.7,21849,4,17.8,12142,500,421,3,364,104,5597,518,62,43,161,159,161,1271,8863,425,1249,6268,16103,2705,134,28230,3150,10231,6224,1336,689,b8d71c1c-aee5-4aa9-bf82-509b73e97b09,0.00119428751986561,0.299721154378194
128,18710,Yass Valley,3995.017,1,New South Wales,1186,91,4653,5932,2.7,1833,429,1962,358,194,36,4813,3,6781,1560,4203,53.7,29.8,4.9,8.6,3,1.9,64.6,21.5,7.6,5.2,1,14,22.2,5594,201,86,11,38,5932,2053,2726,925,157,72,34.6,46,15.6,2.6,1.2,118,4863,646,16,9,350,2167,2140,295,580,242,78.5,10.8,62.7,26.2,10,10,9,10,9,9,9,10,15.7,19.7,26.9,37.7,5910,4,13.4,3430,190,,5,49,,5600,362,3,141,34,15,42,283,6532,97,93,6054,1423,907,40,9001,135,1369,2302,1153,908,177e7bfb-9965-4b85-b035-be01f7c05b44,0.394254371999978,3.98512885103632
129,19399,Unincorporated NSW,93208.9194,1,New South Wales,91,14,246,353,2.5,88,19,118,13,7,3,251,2.9,340,94,231,51.7,32.3,4.8,7.9,2.9,1.8,63.9,19.6,6,9.3,0.4,8.5,29.9,280,23,11,7,28,353,171,61,84,31,5,48.4,17.3,23.8,8.8,1.4,13,247,58,11,90,263,1300,31,16,52,13,50.8,26.2,61.9,15.5,9,9,8,9,9,8,8,9,28.3,29.2,26.6,15.9,353,4,35.5,75,172,,,,,137,20,,,7,57,9,97,333,13,,170,170,36,10,556,40,122,78,44,57,9694afa0-59e5-4851-a072-83a5457ee25a,8.77370599549431,19.3689593921036
130,19499,No usual address (NSW),,1,New South Wales,,,,,,,,,,,,,,,,,,,,,,,,,,,,,,,,,,,,,,,,,,,,,,,,,,,,,,,,,,,,,,,,,,,,,,,,,,,,,,,,,,,,,,,,,,,,,,,,,,,,,,,4ea073b6-d0ef-49f4-b29b-633205d70b3a,,
131,19799,Migratory - Offshore - Shipping (NSW),,1,New South Wales,,,,,,,,,,,,,,,,,,,,,,,,,,,,,,,,,,,,,,,,,,,,,,,,,,,,,,,,,,,,,,,,,,,,,,,,,,,,,,,,,,,,,,,,,,,,,,,,,,,,,,,a187e4d1-c06f-4519-b533-bee273b8850e,,
132,20110,Alpine,4788.157,2,Victoria,1528,131,3567,5222,2.3,1048,210,1894,268,155,38,3617,2.7,4833,1366,3497,49.4,31,6.8,9.9,3,1.8,69.3,16.8,5.5,7.7,0.7,12.3,24.1,4870,252,45,31,20,5222,2416,1558,996,133,119,46.3,29.8,19.1,2.5,2.3,87,4232,680,24,18,275,1473,1192,180,632,272,76.5,11.6,63.5,27.3,9,8,8,8,7,6,6,6,28.9,29.4,24.6,17,5201,3,28.4,1900,120,,,22,,3409,246,3,37,28,84,50,442,4332,37,30,3691,1093,803,61,6320,165,1610,2055,797,491,bd6abb11-bece-46cc-8387-1fc9246d4362,0.483800791783779,4.53221033497804
133,20260,Ararat,4211.1172,2,Victoria,1473,127,2939,4541,2.2,783,220,1434,296,184,54,2973,2.8,3753,1025,3464,44.2,35.7,6.8,9.1,4.2,1.8,64.4,14.5,6.3,14.1,0.6,12.9,19,4179,300,12,28,12,4541,2008,1305,981,142,102,44.2,28.7,21.6,3.1,2.2,91,3644,578,41,35,245,1083,1003,133,603,272,76.9,10.2,61.5,27.7,4,4,5,4,2,3,2,2,35.5,29.4,23,12.2,4510,2,18.1,1843,100,3,,22,,3027,290,9,31,8,24,18,304,3745,22,33,3343,620,530,52,4973,263,1505,1575,638,462,cc40841b-b4e2-4040-a2f6-ea2248adbdf7,0.428937463538205,3.9777569855002
134,20570,Ballarat,739.0321,2,Victoria,13525,1742,29393,44654,2.4,9855,1882,11872,3823,1907,444,29786,2.9,35830,10771,37075,42.2,38.6,5.8,9.5,3.8,1.9,66.5,20.3,6.7,5.7,0.8,14.2,15.3,37980,5344,1121,126,75,44654,14557,14741,14112,639,609,32.6,33,31.6,1.4,1.4,779,36112,5942,638,56,297,1477,11853,1471,8505,4458,80.4,10,60.3,31.6,6,7,8,4,4,5,6,3,29.9,26.8,22.9,20.4,44453,3,11.7,22955,100,142,4,287,15,32688,2550,166,215,86,307,138,1261,37862,512,674,35662,8231,6239,262,53104,2667,16726,16591,5240,2843,3454c014-db65-4035-86c1-887c893ea59f,0.0752963777445075,1.65178094222302
135,20660,Banyule,62.5402,2,Victoria,11903,1484,34279,47666,2.5,13542,2919,12696,2958,2159,503,34785,3,47199,10544,39062,48.6,35.6,5.2,7.9,2.7,1.8,67.8,22,6,3.7,0.5,14.6,14.4,36197,7746,3636,40,49,47666,17479,16725,12280,689,493,36.7,35.1,25.8,1.4,1,939,36623,8427,535,43,399,2167,12849,2240,7804,3445,76.8,13.4,63.6,28.1,10,10,10,9,9,9,9,8,19.4,22.8,24.3,33.5,47508,4,10.4,25453,150,1464,55,426,13,27371,1539,105,198,124,371,245,1411,33323,1121,2866,29564,21341,7940,191,63920,2773,17713,19078,5104,2524,49d2f636-bb38-4f54-bd2f-6ee7ff43abda,0.00639216971921996,0.582851774550009
136,20740,Bass Coast,865.8094,2,Victoria,5347,411,10909,16662,2.2,2867,696,5781,978,644,108,11074,2.7,14686,3753,11835,48.9,28.5,6.8,12,3.8,1.8,69.5,15.7,6.4,7.8,0.6,14.6,17.7,15225,961,257,183,36,16662,7786,4781,3436,311,355,46.7,28.7,20.6,1.9,2.1,240,13944,1779,66,16,300,1500,3461,716,1712,1381,72.4,15,49.8,40.2,7,6,7,7,5,4,4,5,32.6,31.5,22.1,13.8,16585,3,42.8,6682,100,8,,36,8,9677,620,3,111,31,119,73,536,11220,101,84,10389,2812,2186,173,16498,693,6251,6444,1982,988,eef941d7-92d5-4feb-bccc-5b3d1d31fb59,0.0894208955496651,2.90807978293273
137,20830,Baw Baw,4027.6287,2,Victoria,5467,427,15542,21441,2.5,5180,1233,6896,1557,800,184,15843,2.9,20853,5421,15930,49.3,32.1,5.7,9.4,3.4,1.9,65.9,19.8,7.3,6.2,0.8,14.3,16.5,19615,891,595,311,34,21441,8397,8295,4006,404,348,39.2,38.7,18.7,1.9,1.6,382,17870,2316,137,24,320,1600,6306,1031,2318,1328,76,12.4,57.9,33.2,7,7,7,9,6,5,4,7,26,27.2,26.6,20.2,21351,3,12.9,9565,100,129,,39,7,16642,1096,24,225,68,42,91,601,18967,268,305,17968,4145,3044,173,26602,684,6506,8446,3294,2219,ccf8ecba-0e20-44f2-8a57-d78eac39bf87,0.413041545938995,4.35965635463207
138,20910,Bayside (Vic.),37.2111,2,Victoria,9581,680,27673,37936,2.5,11816,1989,10418,2281,1201,250,27964,3,40539,7356,29369,52.6,30.9,5.6,8.4,2.5,1.8,67.2,22.1,6.3,4,0.5,14.5,17.4,23722,8612,5317,253,36,37936,15659,12792,8446,619,425,41.3,33.7,22.3,1.6,1.1,398,29887,6135,147,15,520,3000,9199,2086,5089,2696,71.9,16.3,60.3,31.9,10,10,10,10,10,10,10,10,14.6,20.8,23.9,40.7,37828,4,12.2,20830,240,1033,31,149,3,18002,1037,57,79,98,402,178,1007,22075,627,1716,19417,21709,5901,196,50508,1895,13841,15730,4121,1984,27736269-9cd3-4b4e-a554-9807fbd9d2c6,0.00381385523405697,0.329052267896934
139,21010,Benalla,2352.6398,2,Victoria,1999,160,3873,6033,2.2,898,294,2084,355,257,46,3939,2.7,5142,1291,4553,46.3,29.9,7.9,12,3.9,1.8,71.1,12.9,6.3,9.1,0.6,14.6,18.6,5391,583,6,43,15,6033,2662,1747,1316,124,175,44.1,29,21.8,2.1,2.9,104,4929,695,21,15,250,1300,1318,209,749,403,75.4,12,56.9,30.6,5,4,6,5,3,3,3,4,35.2,29.5,22.3,13,5995,2,16.9,2292,100,,,10,,3932,268,8,71,17,38,25,220,4590,41,20,4233,871,663,81,6251,311,1991,2138,876,558,bd3614ea-73a2-469b-9fda-02482b3955f1,0.23690502128693,2.81937610282307
140,21110,Boroondara,60.1776,2,Victoria,16223,2617,43878,62715,2.5,18794,3285,16248,3798,1740,748,44611,3,64137,11495,54598,49.9,37.6,4.6,6.1,1.9,1.8,70,20.5,5.6,3.5,0.3,14.3,18.6,34771,12501,15162,218,74,62715,24290,18643,18036,1153,591,38.7,29.7,28.8,1.8,0.9,1297,45801,13220,320,19,451,3000,12590,3778,11621,5108,67.5,20.3,64.4,28.3,10,10,10,10,10,10,10,10,12.7,19.6,27.6,40.1,62549,4,14.2,35265,250,1885,1097,432,18,29705,2021,114,96,174,806,271,2168,38786,1621,4761,32502,36499,9817,270,86987,4559,25120,23270,6207,3003,2e62055e-d903-4130-887c-946394af60c5,0.00615776562653991,0.481249917211949
141,21180,Brimbank,123.3991,2,Victoria,13077,2348,48529,63949,2.9,18011,5926,15455,5943,4511,1181,51032,3.1,68032,10030,71044,46.8,35.7,5.3,8.4,3.7,1.8,70,17.4,5,7.2,0.3,12.2,6.9,52121,8955,2731,87,61,63949,23130,21252,17067,1076,1430,36.2,33.2,26.7,1.7,2.2,4500,44428,12531,1528,79,346,1700,14823,4027,9536,5677,69.7,18.9,55.9,33.3,2,4,5,4,1,2,2,2,30.1,27.1,22.8,20,63416,2,11.8,31200,106,2483,22,554,14,47307,3994,283,491,157,182,412,620,56507,2652,5194,52854,14851,8504,458,82979,4468,21575,23000,8839,4856,28685037-bf6f-414a-8940-980b8ff513cd,0.0126148027711679,0.695486439714601
142,21270,Buloke,7998.247,2,Victoria,884,65,1606,2555,2.2,443,111,826,110,87,31,1613,2.8,2251,472,1847,48.2,30.1,8.7,9.5,3.5,1.9,69.4,14.3,5.8,10.3,0.4,15.4,33.1,2399,80,44,27,5,2555,1432,547,388,101,83,56,21.4,15.2,4,3.2,42,2094,297,4,6,158,734,429,49,287,55,78.4,9,74,14.2,5,5,7,4,3,3,4,3,40.9,26.6,21.4,11.2,2534,2,25.2,690,170,,,3,6,1539,66,4,33,6,13,31,279,1979,27,6,1633,420,200,37,2654,113,785,850,428,316,76bbaab4-6f12-48a5-a04e-070f0a59a492,0.798610322114655,5.49130419450807
143,21370,Campaspe,4519.073,2,Victoria,4455,352,10273,15079,2.4,2942,828,4892,1050,618,131,10459,2.9,13574,3479,11541,47.3,31.4,7.2,10,4.1,1.9,68,16.7,6.7,7.9,0.6,14,17,13593,1224,37,200,31,15079,6281,4764,3316,360,362,41.7,31.6,22,2.4,2.4,329,12069,1980,113,29,250,1300,3603,521,1969,967,75.6,10.9,59.4,29.2,4,4,4,5,3,3,1,4,36.5,26.3,23.4,13.8,14971,2,16.1,6106,80,5,,13,,11257,800,12,142,103,142,83,747,13317,108,37,12160,1999,1794,160,17368,719,4687,5492,2314,1543,8d6b0b68-71db-409c-b219-86255b6654f7,0.453666799096027,5.40826774813783
144,21450,Cardinia,1282.5671,2,Victoria,7656,886,31061,39607,2.8,13673,2398,10614,3335,1666,386,32066,3.1,41761,11061,32102,49.2,35.3,3.8,8.3,3.3,1.9,61.7,25.7,6.1,5.7,0.8,12.4,11.8,36059,3028,340,140,37,39607,9283,19841,9107,798,577,23.4,50.1,23,2,1.5,970,32130,4761,337,29,361,1868,14804,2988,5491,2859,74.6,15.1,60.3,31.4,8,8,8,10,7,7,6,9,18.4,25.4,29.1,27,39425,3,9.4,19625,100,779,,112,10,35089,2191,71,591,135,76,220,607,39883,992,1585,37955,11036,6527,272,58709,1006,11362,16664,6010,4064,2fa716e3-27eb-487f-a72a-e5b06fd79364,0.131704411857299,2.12660564253828
145,21610,Casey,409.4287,2,Victoria,17639,2776,92945,113365,3.1,45738,8808,27033,9092,5356,1308,97338,3.3,138444,23038,103560,52.9,33.5,3.8,6.9,3,1.9,63.5,25.2,5.3,5.4,0.6,11.7,8.8,102149,9995,1007,122,91,113365,25543,58123,26297,1683,1724,22.5,51.3,23.2,1.5,1.5,4715,87976,16150,1852,51,380,1950,41274,10642,15993,7858,71,18.3,60.8,29.9,7,8,8,9,5,6,6,9,17.7,24.6,27.3,30.4,112736,3,8.1,59829,120,2312,7,842,30,105956,7500,435,1402,314,185,867,975,120822,3582,5780,115925,31089,17296,770,173556,3333,30757,50007,17682,10038,f2c91496-f583-440f-b227-47fdb4d58b0a,0.0420556564045,1.21242610692484
146,21670,Central Goldfields,1532.7843,2,Victoria,2136,155,3483,5774,2.1,782,268,1734,404,282,60,3540,2.7,4265,1239,4740,41,32.9,9.1,12.6,4.5,1.8,71.2,13.3,6.2,8.5,0.7,14.9,16.3,5207,386,62,97,21,5774,2705,1575,1209,126,158,46.8,27.3,20.9,2.2,2.7,139,4605,762,24,18,235,1018,1202,185,603,448,76.3,11.7,49.9,37.1,2,1,1,2,1,1,1,1,47.1,28.9,17.1,7.1,5731,1,18.2,1826,60,4,,3,,3157,256,6,35,10,27,15,214,3735,22,17,3430,360,530,54,4693,325,2162,1967,726,464,6e772c55-1317-480a-be62-6e87975520de,0.155181575290044,2.52517193315252
147,21750,Colac Otway,3437.47,2,Victoria,2864,290,5690,8848,2.3,1748,406,2692,505,332,94,5774,2.9,7315,2209,7020,45,35.1,6.4,10,3.4,1.9,68.6,16.9,6.8,7,0.7,14.1,19.1,8063,637,36,81,24,8848,3819,2773,1889,181,185,43.2,31.3,21.3,2,2.1,186,7038,1241,95,42,265,1300,2105,359,1107,573,75.9,12.9,58.6,30.3,5,4,4,6,3,3,2,5,32.8,30.3,23.4,13.4,8795,2,29.4,3920,100,7,,14,,6518,560,28,51,29,71,70,596,7937,73,36,7148,1332,1216,77,10642,456,2980,3225,1217,777,d3771c9c-d328-459a-bdf8-13185bb081de,0.354757302847702,3.99196328763446
148,21830,Corangamite,4407.492,2,Victoria,1930,164,4251,6343,2.3,1241,330,2066,331,267,70,4309,2.9,5772,1392,4727,48.3,32,7.3,9,3.4,1.9,68.2,16.3,6.8,8.1,0.6,13.7,22.8,6053,239,12,23,15,6343,2919,1839,1132,310,145,46,29,17.8,4.9,2.3,117,5200,741,32,20,225,1083,1364,204,682,278,74.2,11.1,60.2,24.6,6,6,6,7,4,4,3,6,34.3,26.8,23.8,15.1,6307,3,20.1,2408,64,5,,11,,4402,259,,85,85,35,70,553,5502,44,13,4701,1279,648,104,7583,257,1844,2246,1073,798,c89c183d-c174-4a4a-8bbe-7fd9e0f1364e,0.453341920019739,5.72787365256498
149,21890,Darebin,53.4712,2,Victoria,18201,4215,37065,59488,2.4,13579,2663,14774,3145,2614,945,37717,2.9,43620,17829,55296,37.5,47.6,5,7.2,2.7,1.7,71.9,18.7,3.9,5.2,0.4,13,12.6,33636,16180,9283,341,44,59488,17502,17605,22711,831,842,29.4,29.6,38.2,1.4,1.4,2295,38502,16425,1029,70,381,2080,13529,2499,14315,6547,76.8,14.2,63,28.8,8,9,9,4,7,8,9,3,25.3,21.7,25.8,27.2,59221,4,13.4,29659,179,2211,1106,630,8,28663,1790,185,242,274,1890,313,1371,38679,2135,5757,31336,28459,9521,287,79087,7288,27373,17572,4343,2122,3bde0bbd-e621-46d1-a865-a71c03093fdf,0.00546522505101166,0.463812951558348
150,22110,East Gippsland,20939.5016,2,Victoria,6212,496,13063,19771,2.2,3190,922,7096,1198,728,151,13282,2.7,17389,4669,14170,48.3,29,7.4,11.3,4,1.8,70.6,14.1,6.1,8.6,0.7,14.6,19.2,17897,1340,168,297,68,19771,9685,5363,3863,399,459,49,27.1,19.5,2,2.3,367,16078,2427,214,44,268,1300,4004,666,2104,1278,74.7,12.4,54.5,33.1,4,4,5,4,3,2,2,3,36.5,30.6,21.5,11.3,19668,2,24.6,6374,100,4,,39,8,12140,885,19,164,46,100,134,693,14244,206,137,13217,2413,2109,217,19190,842,6664,7463,2769,1592,127d100e-f24e-4701-85ed-b7198d25986d,2.13024946255291,9.19356160239745
151,22170,Frankston,129.5981,2,Victoria,14700,1582,36737,53019,2.5,13119,3121,13185,4671,2911,570,37590,3,43611,14653,45952,41.2,38.8,5,11.1,3.9,1.8,65.4,21.4,6.4,6,0.8,13.5,10.5,42288,9090,1284,307,50,53019,14579,21907,14866,923,745,27.5,41.3,28,1.7,1.4,1061,41493,8172,785,57,356,1800,16619,3016,8197,5430,75.9,13.8,55.1,36.5,7,8,8,7,6,6,6,6,25.4,28.7,24.1,21.8,52775,3,10.4,24588,103,467,,429,25,39861,2463,116,419,164,202,241,759,45145,895,1508,42960,13702,8568,246,68545,3036,18780,20716,6399,3382,76f6ab70-783a-4fff-b26a-12568a6badf1,0.0133174754173524,0.505340316866683
152,22250,Gannawarra,3737.5979,2,Victoria,1447,100,2806,4359,2.2,730,218,1477,222,152,42,2842,2.8,3897,890,3136,49.2,29,8.5,9.6,3.8,1.9,69.7,14.4,6.6,8.7,0.6,14.5,22.9,4083,196,7,55,19,4359,2234,1083,785,136,119,51.3,24.8,18,3.1,2.7,77,3655,438,20,19,195,1000,837,104,499,185,77.3,9.6,63.6,23.6,4,3,3,4,2,1,1,2,42.7,26.8,20.8,9.8,4334,1,18.6,1138,100,,,9,,2824,164,,44,36,31,24,261,3408,34,15,3024,539,358,51,4391,202,1398,1529,649,469,7c2bae4c-bedc-491b-8a21-9b497f7b46a4,0.372444060960333,4.28281904556087
153,22310,Glen Eira,38.6908,2,Victoria,16293,2596,39078,57971,2.5,16510,2555,14727,3287,1851,658,39585,3,54064,12907,47963,47.2,38.4,4.6,7.4,2.3,1.8,68.4,22,5,4.1,0.4,13.4,15.4,27526,13778,16397,208,56,57971,18266,18615,19594,874,627,31.5,32.1,33.8,1.5,1.1,1639,39830,14436,561,38,436,2400,13743,2922,12200,6084,73.8,15.7,62.3,31.1,10,10,10,9,10,10,10,8,17.7,21.5,25.5,35.4,57765,4,12.8,29790,200,2571,384,422,8,29198,1781,154,164,217,586,302,1462,37248,1811,4965,31763,31611,8681,272,79628,4987,24884,20826,4564,2105,11c520ed-e7db-4306-8d36-1c305af97f71,0.00396346928482672,0.292677639026848
154,22410,Glenelg,6218.7884,2,Victoria,2588,205,5396,8190,2.2,1420,430,2739,523,301,67,5483,2.7,6992,2038,5985,46.5,32,7.1,10.8,3.6,1.8,70.5,15,6.6,7.4,0.6,14.2,20.1,7578,435,87,74,16,8190,3792,2483,1582,189,152,46.3,30.3,19.3,2.3,1.9,152,6718,974,99,50,220,1083,1930,238,985,423,77.7,9.6,62.3,26.7,4,3,3,4,2,1,1,3,37,28.3,23.3,11.4,8154,1,19.9,2939,100,4,,12,,5799,399,8,82,38,35,45,348,6756,60,24,6257,963,955,95,8834,370,2564,2973,1319,826,91fc3077-c094-4a39-b1a4-5163527fcdc9,0.636786136023602,4.79503760053437
155,22490,Golden Plains,2703.3899,2,Victoria,1369,117,6801,8287,2.9,2887,650,2638,455,293,50,6984,3.1,9842,2344,5814,54.3,31.6,3.7,7.5,3,2,62.4,24.8,6.6,5.5,0.8,15.1,16.3,8169,95,7,14,4,8287,3057,4409,593,126,102,36.9,53.2,7.2,1.5,1.2,166,6776,963,23,9,338,1733,3343,510,335,169,75.8,11.6,56.5,28.5,9,8,7,10,8,7,5,10,17.1,23.5,32,27.3,8263,4,12.2,5217,100,20,3,21,,7802,424,5,185,23,12,38,185,8716,104,88,8320,1996,1455,71,12341,81,1367,3404,1777,1559,a415f623-4b96-4018-b8bc-bbabf9b84944,0.276860027572184,3.60041037713176
156,22620,Greater Bendigo,2999.9717,2,Victoria,13374,1555,31673,46599,2.4,10620,2203,13134,3802,1995,521,32281,2.9,39866,11312,37877,44.4,36.4,5.7,9.8,3.7,1.9,66,19.9,7,6.3,0.7,14.5,15.3,42612,3291,436,162,95,46599,16172,16683,12514,589,643,34.7,35.8,26.9,1.3,1.4,1017,37764,5944,571,47,295,1417,13254,1694,7589,3854,79.4,10.2,60.6,30.8,6,6,7,6,4,4,5,4,29.3,27.1,23.9,19.7,46403,3,12.7,23753,80,73,5,358,15,35831,2619,69,362,148,326,168,1275,41240,447,619,38837,7675,6648,296,56299,2290,15823,17697,6341,3831,ca4d6fc4-a41c-4d28-b7f9-cb06c13c8a95,0.302658611926745,3.70065809733981
157,22670,Greater Dandenong,129.5466,2,Victoria,11502,2542,37633,51670,2.9,15264,3872,12130,4266,3337,1034,39906,3.1,54905,6984,58833,48,34.4,5.5,8.7,3.4,1.8,71.3,17.6,4.1,6.8,0.3,10.4,7.1,36911,9162,5323,215,61,51670,15503,16145,18071,895,1063,30,31.2,35,1.7,2.1,5070,32447,12226,2366,150,346,1785,10760,3572,10405,5875,66.6,22.1,57.6,32.5,2,3,6,2,1,1,3,1,31.2,27.9,22.3,18.6,51228,1,12,21859,150,1481,3,991,8,41237,4284,290,439,93,169,448,697,50138,2131,4150,46730,9834,5189,403,67704,4184,18686,17920,6385,3481,83ace580-5914-4c7d-9807-cfb7c2a4e009,0.0132891593307249,0.523487094678233
158,22750,Greater Geelong,1247.9872,2,Victoria,28649,3926,70933,103508,2.4,24494,5226,29544,7390,4356,1088,72099,2.9,92477,24680,84505,45.4,36.6,5.6,9.1,3.3,1.8,66.9,19.8,6.7,5.8,0.6,13.5,14.1,89397,10866,2558,556,132,103508,35370,35858,28994,1828,1462,34.2,34.6,28,1.8,1.4,2026,82482,14818,1546,58,346,1733,28191,4092,17246,9328,78.6,11.4,59.5,32.2,8,8,8,7,6,7,7,6,26.2,27.4,23.5,22.8,103076,3,14.7,55484,110,703,14,1036,43,75914,5183,298,564,267,811,419,2520,87771,1437,2625,82243,24297,15455,632,129587,5409,36827,41257,12103,6573,94b5aac1-f68b-40d0-989f-92a9b6e01a91,0.128129574268769,3.15253037135391
159,22830,Greater Shepparton,2421.9092,2,Victoria,6901,783,17106,24795,2.5,5863,1391,6963,2023,1035,247,17523,3,22822,5275,20763,46.7,34.4,5.9,9.1,3.9,1.9,66,18.7,5.9,8.7,0.6,13.6,14.3,21909,2241,66,528,44,24795,8516,8264,6899,552,557,34.3,33.3,27.8,2.2,2.2,862,19230,3521,418,61,260,1300,6378,950,4227,2025,77.2,11.5,61.3,29.4,3,4,5,4,2,2,3,3,33.9,25.8,23.3,17,24604,2,14.8,12787,80,9,3,70,6,20516,1764,61,184,88,200,130,932,23962,222,141,22486,2936,2799,218,30136,1214,8060,9137,3628,2218,1458a8f0-4827-4307-9158-dc9885ea945e,0.243292100736198,3.10054891111034
160,22910,Hepburn,1472.9843,2,Victoria,2232,188,4425,6846,2.2,1132,302,2412,355,255,51,4500,2.7,5629,1945,4869,45.1,32.9,5.9,12.6,3.4,1.8,69.5,15.2,6.2,8.4,0.6,14.9,21,6470,177,100,80,20,6846,3276,2299,1004,158,110,47.9,33.6,14.7,2.3,1.6,127,5501,962,39,24,295,1421,1689,330,533,369,73.5,14.4,53.1,36.8,8,8,9,7,6,6,7,6,26.7,31,25.1,17.3,6818,3,28.3,2736,110,12,,9,,3694,228,6,69,7,18,44,282,4365,49,43,3964,1782,896,60,7159,221,2291,2596,1044,596,eb912fb5-f05f-42a0-a822-06a6f154500c,0.149728904006679,2.80118021415044
161,22980,Hindmarsh,7524.1823,2,Victoria,794,71,1499,2367,2.2,399,128,777,109,77,28,1516,2.8,2161,420,1728,50,29.3,8.6,8.9,3.1,1.8,72.3,14.5,5.2,7.2,0.7,15,28.6,2241,74,30,14,7,2367,1235,623,393,87,34,52.2,26.3,16.6,3.7,1.4,55,1947,282,32,57,180,750,514,33,258,80,82.5,5.3,65.6,20.4,3,3,5,3,1,1,2,2,40.2,26.8,22.2,10.9,2363,2,24.1,824,104,,,3,,1430,81,,18,14,12,23,227,1807,13,8,1521,344,204,25,2402,133,724,786,382,311,a53b042f-6a9d-47dc-b08a-39392156ded6,0.752586092681668,4.32909317006244
162,23110,Hobsons Bay,64.2405,2,Victoria,9118,1003,24545,34663,2.5,9665,1959,8937,2286,1674,455,24972,3,32012,8678,28409,46.4,36.6,5.3,8.5,3.2,1.8,67.3,22.3,4.8,5.2,0.4,13.4,12.2,23967,8236,2350,69,43,34663,11808,11849,10164,396,443,34.1,34.2,29.3,1.1,1.3,975,26186,6180,297,33,380,2167,9116,1590,6418,2899,76.9,13.4,63.1,28.5,8,9,9,7,7,8,8,6,23.6,23.9,23,29.5,34512,4,12.3,18556,150,1192,4,211,13,19464,1246,87,143,119,309,177,593,23549,1020,2242,21233,15161,5117,172,45021,2506,13866,12979,3303,1558,a71e61ac-3a95-42f6-b49d-720cf6197694,0.00657662055755281,0.559519819361648
163,23190,Horsham,4266.769,2,Victoria,2597,226,5394,8216,2.3,1773,366,2387,570,292,71,5463,2.9,7214,1738,6127,47.3,33.9,6.7,8.8,3.3,1.8,67.1,18.6,7.2,6,0.9,13.7,22.6,7469,351,371,21,8,8216,3237,2625,2036,171,146,39.4,31.9,24.8,2.1,1.8,127,6752,973,95,47,240,1200,2114,229,1218,620,80.5,8.7,59.8,30.5,6,6,6,5,4,4,4,4,33.6,27,23.8,15.6,8177,3,15.2,3518,85,,,24,,6537,453,13,51,23,94,51,373,7630,86,35,7073,1078,1002,60,9857,484,2695,3002,1200,691,3979143e-9c23-4a87-b03d-0459eca9f557,0.430967376194985,4.56881126132374
164,23270,Hume,503.8488,2,Victoria,12954,1782,61006,75740,3.1,28665,6466,16782,6296,4463,970,63644,3.3,90157,12707,74293,51.3,34.3,3.9,6.9,3.6,2,65.8,22.7,4.8,6.2,0.4,12.8,7.3,66487,6828,2242,123,67,75740,18528,35925,19067,874,1343,24.5,47.4,25.2,1.2,1.8,4292,55739,12871,1147,47,369,1806,24709,7345,10267,7073,68.8,20.4,53.8,37.1,3,5,7,8,1,3,4,6,22.8,25,26.2,26,75218,2,10.4,41068,118,1941,27,567,27,61335,4324,285,887,143,124,526,683,70882,2458,4450,67237,18302,10712,542,102892,3359,23070,30789,10907,6377,b8c82ca9-8776-4d76-8eb3-de609f8c106c,0.0514000400526129,1.32007632079034
165,23350,Indigo,2040.471,2,Victoria,1725,123,4774,6615,2.4,1535,341,2355,351,220,49,4854,2.8,6560,1772,4342,51.1,29,5.8,10.9,3.2,1.9,66.1,19.1,6.9,7.5,0.5,14.6,23.8,6253,236,37,68,22,6615,2879,2470,1001,143,131,43.5,37.3,15.1,2.2,2,99,5452,754,12,7,275,1517,1846,311,615,274,74.7,12.6,61.4,27.4,9,8,8,9,8,7,7,9,23.4,26.5,27.3,22.6,6586,4,15.1,3598,80,4,,6,,5120,261,5,60,23,30,43,357,5920,34,20,5411,1345,989,73,8366,174,1761,2623,1130,793,3107a443-8056-4b37-984f-6b92968c0b3c,0.204532455427398,4.2975134380224
166,23430,Kingston (Vic.),91.3676,2,Victoria,16388,1699,42855,60940,2.5,16891,3756,15677,3833,2885,629,43676,3,59012,13007,50876,48.1,34.3,5.6,9,3,1.7,68.4,21.5,5.5,4.1,0.5,13.6,12.1,35855,15576,9155,306,48,60940,21078,22854,15286,942,776,34.6,37.5,25.1,1.5,1.3,1414,45980,11420,544,35,402,2167,17331,3332,9255,4867,75.8,14.6,60.5,31.8,9,9,9,9,9,8,8,8,21.8,24.4,23.3,30.5,60689,4,10.3,29602,140,1615,14,396,20,38896,2393,147,313,178,388,280,1189,45828,1429,3178,42098,24383,9346,289,81284,3751,23245,23995,6298,2988,cad0373c-95b7-473c-ad11-5867543d7fe6,0.00937048264950135,0.537643660668831
167,23670,Knox,113.9114,2,Victoria,12185,1397,43837,57422,2.7,17118,4893,15731,3845,2954,605,45145,3,63681,11146,49683,51.2,33.1,5.1,7.9,2.8,1.8,68.5,20.9,6.3,3.8,0.5,13.3,13.1,47854,7959,1531,47,37,57422,19667,23561,12210,1291,693,34.2,41,21.3,2.2,1.2,1095,45933,8323,427,27,400,2000,17394,3881,7529,3724,73.8,16.5,61.7,30.5,9,9,9,10,9,8,8,9,19.3,25,24.8,31,57217,4,7.7,30073,110,875,7,487,12,44377,2776,111,360,150,211,282,613,50268,1268,2319,48078,20582,9174,231,81521,2161,17614,24405,8094,4576,eeef951c-1193-4732-8720-214d1e592f77,0.0116670127754332,0.757042992674453
168,23810,Latrobe (Vic.),1425.613,2,Victoria,9859,833,19915,30610,2.3,5873,1600,8457,2588,1454,289,20265,2.9,24007,7352,25208,41.9,36.3,6.8,10.7,4.3,1.8,66.9,17.4,7,8,0.8,14.1,13.4,26943,1802,1703,124,34,30610,11434,10327,7784,407,655,37.4,33.7,25.4,1.3,2.1,682,24255,4267,392,51,236,1213,8145,928,4527,2544,78.9,9,58.2,32.7,3,2,2,2,1,1,1,1,37.9,26.7,21.9,13.4,30397,1,14.8,16139,70,57,8,164,,21516,1598,30,177,56,75,103,525,24312,265,349,23342,3514,3824,228,32139,2130,10893,10712,3951,2309,23ca2f18-863d-457b-abf2-5096e8b312e2,0.146772644155135,3.02988271698196
169,23940,Loddon,6696.4447,2,Victoria,1022,80,1946,3049,2.2,531,142,1023,130,119,27,1973,2.8,2742,609,2275,47.8,29.1,8.2,10.5,4.4,1.9,67.4,13.8,6,12.1,0.7,14.8,25.4,2907,70,4,56,12,3049,1698,756,365,145,90,55.7,24.8,12,4.8,3,75,2360,447,22,29,170,867,574,82,242,70,75.9,10.8,66.3,19.2,3,3,5,4,2,2,3,3,38.9,27.3,22.6,11.2,3026,2,30,960,64,3,,4,,1694,108,,39,12,9,34,245,2149,15,11,1819,613,257,47,3085,93,831,1024,586,429,d1611ff3-ce90-4f90-93e2-e24896414cf2,0.67241351980465,4.80748126349978
170,24130,Macedon Ranges,1748.284,2,Victoria,3610,302,14147,18060,2.7,5637,1140,5804,1100,641,105,14419,3,20023,4801,12723,53,30.8,4.6,8.7,2.9,1.9,63.8,23.2,6.6,5.7,0.7,14.3,19.2,16880,1000,56,102,17,18060,6962,8182,2432,258,219,38.5,45.3,13.5,1.4,1.2,249,15039,2031,83,16,390,2000,6305,920,1407,784,77.1,11.2,57.9,32.2,10,9,9,10,10,8,8,10,16.6,21.3,27.7,34.5,18000,4,12.7,10743,120,231,6,11,8,13014,854,6,216,19,45,78,513,15004,227,400,14053,6821,3086,149,25279,379,4378,7608,3216,2268,4a0e6eeb-a545-480f-bcf5-9afe83aad354,0.177756682806375,2.72075921458904
171,24210,Manningham,113.3479,2,Victoria,9008,888,34680,44574,2.7,13655,3829,13088,2758,1961,471,35767,3,54664,5747,37976,56.5,28.8,6.1,6.3,2.2,1.8,69.6,20.3,6.2,3.5,0.3,14.4,13.4,32131,7437,4958,11,35,44574,19296,14648,9064,1067,500,43.3,32.9,20.3,2.4,1.1,816,35846,6426,178,14,462,2400,9451,3486,5065,3171,64.5,23.8,55.9,35,10,10,10,10,9,9,9,10,17.4,21.4,25.3,35.9,44418,4,11,20322,160,182,17,1345,3,27148,1887,67,242,79,72,228,593,31878,977,2336,29634,18957,6490,227,58529,1931,14708,18371,5691,3458,079de2cc-41f5-42c8-86b0-8bd6b38b72e2,0.0115896052020616,0.898695080998139
172,24250,Mansfield,3843.8535,2,Victoria,1129,76,2623,3830,2.3,731,160,1437,174,137,21,2660,2.7,3550,1020,2443,50.3,29.8,5.8,10.7,3.5,1.9,68.5,16.6,6,8.2,0.8,12.7,21.5,3649,127,13,30,9,3830,1801,1214,605,132,72,47,31.7,15.8,3.4,1.9,56,3185,386,19,18,320,1500,853,182,361,178,70.3,15,59.7,29.4,9,8,8,9,8,6,6,8,26.5,30.6,26.7,16.3,3820,3,42.3,1378,130,,,16,,2664,184,,34,3,28,27,305,3265,35,32,2878,732,551,36,4610,104,1126,1521,627,401,1376693c-527a-4c17-933d-c2a49579f8d8,0.390139636502226,4.42842794951301
173,24330,Maribyrnong,31.2258,2,Victoria,9996,2490,21213,33695,2.4,7794,1244,8587,1953,1378,661,21616,2.9,24023,10879,31056,37,48.5,3.6,7.9,3,1.7,70.9,19.1,3.4,6.2,0.4,10.9,11.3,16731,8118,8613,197,42,33695,7110,11243,14440,421,485,21.1,33.4,42.9,1.2,1.4,1609,21269,9545,821,97,376,2100,8820,1508,9494,3873,78.4,13.4,65.7,26.8,8,9,9,4,6,8,9,2,22.7,21.6,27,28.7,33507,4,17.3,17425,160,1704,168,509,6,17015,1232,151,101,183,635,164,954,22831,1736,3922,18869,16998,5325,171,47058,4176,16189,9797,2212,848,3eaa0c7e-030d-445a-a59c-26f36f2bdab2,0.00319429852697795,0.291031762656633
174,24410,Maroondah,61.4097,2,Victoria,10719,1106,31180,43006,2.6,12433,2724,11356,2929,1991,407,31842,3,43570,8984,35317,49.4,33.7,5.2,8.9,2.9,1.8,66.3,22.6,6.5,4,0.6,14.1,14.8,37499,3734,1711,23,40,43006,14161,17390,10437,575,448,32.9,40.4,24.3,1.3,1,1060,33664,6702,474,42,385,2000,13399,2404,6081,3508,77.1,13.8,58.3,33.6,9,9,9,9,8,8,8,8,20.2,25.5,23.6,30.7,42861,4,8.7,22201,125,957,7,286,14,29029,1758,76,252,99,169,171,637,33454,1026,2055,31400,16913,7382,215,58987,2030,15281,17524,4901,2842,03db485f-dc99-4b57-b726-cc3983098e3c,0.00628276765564806,0.390701324692193
175,24600,Melbourne,37.5452,2,Victoria,30524,9725,30511,70760,1.8,5993,610,19259,2118,950,1745,30685,2.4,28588,22406,67044,25.2,65.1,1.6,5.9,2.1,1.5,81.3,8.2,2.3,8.1,0.1,6.3,14,1576,8095,60718,131,238,70760,9627,11360,47582,1400,795,13.6,16.1,67.2,2,1.1,3870,30738,33962,1166,76,396,1963,8203,2246,27504,17152,72.2,19.8,57.8,36,8,10,10,1,7,10,10,1,28.6,24.8,33.8,12.7,70454,4,31.8,24257,200,3516,7637,694,11,13059,1111,342,48,589,2010,462,10935,40418,3970,15555,15024,34843,10764,355,90347,32071,29411,6840,915,378,da306be7-293c-4e3d-9e1a-84c109bfcab4,0.00384126300650678,0.414391843506533
176,24650,Melton,527.5374,2,Victoria,9052,1102,44745,54907,3.1,22368,3825,11921,5295,2562,605,46567,3.3,63610,11848,49493,50.6,35.6,3.2,7.1,3.6,1.9,60.3,26.7,5,7.5,0.6,12,7.7,49974,4353,409,122,56,54907,11956,28982,12424,631,914,21.8,52.8,22.6,1.1,1.7,1864,43407,7449,569,32,360,1800,20836,5027,7156,4219,71.9,17.3,57.6,34,6,7,7,9,4,5,4,9,18.6,23.1,27.7,30.6,54590,3,9.6,33331,100,1387,10,275,7,46893,3481,150,656,115,69,414,413,53867,1819,3041,51676,16147,9260,352,81442,1733,15878,23631,8157,4681,f793ce18-ee38-452e-8a65-f9df3a8e5066,0.0538904203963284,1.08654615729258
177,24780,Mildura,22081.9206,2,Victoria,6177,689,14414,21283,2.4,4530,1133,6124,1771,929,239,14729,2.9,18257,4903,17904,44.9,35.5,6.4,9.3,3.9,1.9,66.8,17.7,6,8.8,0.7,13.1,13.7,18178,1662,1106,281,57,21283,7085,6840,6347,511,495,33.3,32.1,29.8,2.4,2.3,709,16369,3190,348,61,265,1283,5305,632,3757,1911,77.6,9.2,59.2,30.1,3,3,4,3,1,1,2,1,37,26.3,22.1,14.6,21122,2,16.7,7153,100,6,,115,5,17100,1821,40,162,83,107,111,798,20332,178,165,19087,2280,2050,257,25101,1275,7014,7772,2958,1770,b345e14f-641c-49c1-b8bf-df7d8292fbcb,2.17698673937866,9.06001826912118
178,24850,Mitchell,2862.0837,2,Victoria,3780,352,13008,17140,2.7,5054,1132,4814,1380,868,161,13404,3.1,16559,5084,13876,46,36.8,4.5,9.1,3.6,1.9,63.9,22.8,5.9,6.7,0.8,13,12.1,15944,1094,36,43,23,17140,4896,8100,3550,255,338,28.6,47.3,20.7,1.5,2,398,13980,1967,117,24,328,1733,5986,1159,2139,1032,73.9,14.3,60.3,29.1,7,7,6,9,5,5,3,8,23.1,25.8,29.5,21.7,17050,3,13,9844,100,188,,26,7,14743,953,11,275,50,45,98,568,16960,320,402,15956,3577,2511,134,23504,529,4688,6768,2915,1961,6e1fa468-b1e8-4a84-8ed0-bdc7622a28ce,0.29025218279503,4.2668587594144
179,24900,Moira,4045.9201,2,Victoria,3579,326,8013,11917,2.3,2211,574,4049,781,474,76,8172,2.8,10842,2617,8947,48.2,30.2,7.4,10.1,4.1,1.9,69.1,15.9,6.4,8.1,0.6,13.7,17.5,10801,890,30,176,17,11917,5277,3585,2467,296,290,44.3,30.1,20.7,2.5,2.4,262,9679,1428,78,26,250,1300,2731,415,1472,720,76.2,11.6,59.7,29.2,4,3,4,5,2,2,1,4,38.5,28,21.1,12.5,11838,2,20.8,4609,100,,3,18,,8404,620,,96,49,102,64,595,9952,95,33,9108,1433,1243,146,12870,544,3898,4281,1734,1209,9ff31d27-1c07-4443-8e28-4882ed013eba,0.404724111704581,5.85381215187104
180,24970,Monash,81.4829,2,Victoria,14109,3868,48995,66979,2.7,20043,4532,17893,4059,2912,1089,50528,3,74124,9828,64035,50.8,36,5.3,5.8,2,1.7,70.6,19.5,4.7,5,0.2,12,12.9,46139,10558,10187,30,56,66979,24180,20185,20201,1532,876,36.1,30.1,30.2,2.3,1.3,2059,50387,12214,1696,89,436,2383,13539,4372,12190,6248,67.1,21.7,60.3,30.9,9,10,10,8,9,9,9,7,18.9,22,25.3,33.8,66640,4,12.9,30540,162,2375,37,1102,12,40801,2917,252,244,185,376,435,1579,50311,2538,5647,45091,29062,9783,379,92075,4745,24159,26283,7481,3487,05e498ff-5ddd-476a-bd4e-e8d50c215590,0.00834638703418022,0.521077230066864
181,25060,Moonee Valley,43.1384,2,Victoria,13958,1920,31933,47814,2.4,12263,2804,12016,2615,2012,670,32394,3,43483,10193,41512,45.5,38.9,5.2,7.5,2.9,1.8,70.6,19.5,5.2,4.4,0.3,14.3,12,26470,10166,10994,145,35,47814,16375,14800,15408,626,604,34.2,31,32.2,1.3,1.3,1235,34044,10893,321,27,386,2188,11244,2076,10152,4099,76,14,65.9,26.6,9,9,9,8,8,9,8,7,22.9,21.9,24.9,30.4,47615,4,13.6,26442,150,1502,869,233,13,26078,1729,136,183,154,606,276,1094,32866,1563,3972,28492,21883,7655,235,64208,4650,19700,16279,4363,2230,84344123-7303-48c6-814f-de2bd6340bd8,0.0044102996471338,0.395385915682263
182,25150,Moorabool,2110.5504,2,Victoria,3085,256,10160,13500,2.6,3796,902,3999,1020,576,124,10421,3,13337,3868,10427,48.1,34.5,4.9,9,3.5,1.9,64.7,22.3,6.7,5.7,0.7,14.2,14.3,12518,829,85,58,14,13500,4328,6386,2320,277,190,32.1,47.3,17.2,2.1,1.4,255,11074,1615,94,25,330,1733,4919,782,1343,751,77,12.2,57.9,32.4,8,8,7,9,7,6,5,9,22,24.3,29,24.7,13432,3,13.1,8092,100,209,,26,7,10857,705,5,188,27,36,61,316,12445,249,410,11760,3527,2085,121,18429,414,3746,5196,2295,1669,577c80f3-c667-4c1f-a904-81a90c7a1195,0.21543112662448,2.88892001352907
183,25250,Moreland,50.9522,2,Victoria,20051,5474,42343,67871,2.4,15575,2877,17327,3393,2784,1092,43053,2.9,50756,20123,63473,38.1,47.7,4.9,6.7,2.5,1.7,72.7,18.4,3.6,5,0.4,12.7,12.5,36218,18715,12575,295,74,67871,19041,21127,25980,870,856,28.1,31.1,38.3,1.3,1.3,3056,43720,18588,712,42,400,2034,16438,2839,16731,7147,77.8,13.4,64.4,27.5,8,9,9,4,7,9,9,3,22.4,22.3,28.1,27.1,67571,4,13.7,35525,166,2546,2372,424,12,32142,2072,299,256,322,2620,382,1779,45222,2713,7732,35208,33575,11180,363,93061,8792,31777,19269,4860,2344,7ecac485-c599-49d2-ad7c-751e10665dda,0.0052074463255849,0.429650264679588
184,25340,Mornington Peninsula,723.992,2,Victoria,17727,1190,45733,64650,2.4,14627,3546,21049,4202,2726,473,46625,2.9,62878,14672,48216,49.8,29.7,6.6,10.6,3.3,1.8,67.2,18.4,7.5,6.3,0.6,14.4,14.8,55205,7055,1886,450,52,64650,27174,22504,12048,1879,1048,42,34.8,18.6,2.9,1.6,828,54171,6997,421,25,380,1989,16539,3349,6226,4625,73.5,14.9,51.7,38.4,9,9,9,9,8,7,7,9,24,29.5,23.7,22.8,64416,4,31.2,26385,148,129,6,255,24,41224,2488,24,524,104,241,333,1733,47086,559,706,44220,17119,10497,509,75773,2329,21510,26620,8399,4945,64d67587-3615-4e32-9ad9-b98e852ba6c6,0.074605898153095,2.19914589106091
185,25430,Mount Alexander,1529.6183,2,Victoria,2785,239,5369,8396,2.2,1437,359,2725,551,308,63,5449,2.7,6554,2370,6227,42.6,34.6,6.2,12.9,3.8,1.7,65.2,16.3,6.7,11.2,0.7,14.8,24,8075,257,13,33,10,8396,4068,2805,1259,137,125,48.5,33.4,15,1.6,1.5,176,6717,1153,41,20,300,1432,2109,377,665,472,75.2,13.4,52.8,37.5,8,8,9,7,6,6,8,5,25.5,29.3,25.6,19.6,8366,3,17.5,3892,120,64,5,18,,4318,272,9,57,10,104,22,332,5220,83,145,4645,2135,1059,71,8570,345,3047,3031,1117,722,b90d576b-43ab-4778-92b4-1c8338a758cf,0.154948158186926,2.67114101140879
186,25490,Moyne,5481.686,2,Victoria,1629,109,4704,6439,2.5,1600,348,2189,349,228,58,4775,2.9,6541,1622,4432,51.6,31.6,5.5,8.2,3.1,2,64.6,19.9,7.4,7.4,0.6,14.3,24.5,6221,176,10,26,9,6439,2884,2114,999,309,134,44.8,32.8,15.5,4.8,2.1,111,5304,737,33,19,250,1452,1531,291,624,238,72.4,13.8,62.5,23.8,9,8,8,9,8,7,7,9,24.5,27.3,27.9,20.3,6413,4,24.9,3218,70,3,,21,4,4971,278,10,92,64,26,76,407,5937,48,35,5297,1628,829,97,8539,151,1558,2584,1174,859,68f61c58-e2cb-491a-a721-02505e6a6b9d,0.563204974183463,5.29869649603335
187,25620,Murrindindi,3879.7505,2,Victoria,1825,154,4029,6006,2.3,1101,313,2131,293,247,31,4120,2.7,5399,1590,4294,47.7,31.1,5.6,11.8,3.9,1.8,69.2,15.1,5.7,9.4,0.6,13.8,20.6,5738,106,6,133,19,6006,2849,2108,808,128,107,47.4,35.1,13.5,2.1,1.8,137,4828,757,41,27,270,1517,1468,345,446,284,69.6,16.4,55.2,35.1,7,7,7,8,6,5,5,7,28.6,29.6,26.8,15.1,5983,3,28.3,2130,120,11,,11,3,3861,203,,88,15,17,43,305,4561,59,55,4126,1275,820,72,6789,152,1735,2287,1023,703,e575e66c-def2-40d2-b128-f66fd1b4264a,0.394344097938756,4.34035628025216
188,25710,Nillumbik,432.3373,2,Victoria,3078,232,17601,20912,2.9,7574,2148,6103,1257,818,133,18028,3.1,26638,4692,16772,55,32.1,3.5,7,2.2,1.9,65.1,23.1,8,3.1,0.7,15.8,16.9,19557,726,609,9,9,20912,8552,10079,1858,235,183,40.9,48.2,8.9,1.1,0.9,255,17160,2643,80,13,440,2200,7693,1253,1108,579,76.3,12.4,59.6,31.2,10,10,9,10,10,10,9,10,10.4,18.9,26.1,44.7,20862,4,6.9,13611,130,410,,89,5,16175,847,17,224,57,58,108,311,18294,386,775,17303,10598,4385,111,33770,356,4413,9238,3787,2958,51925d9e-c978-4026-b6d2-458be26d86d7,0.0441242932893147,1.53492762305921
189,25810,Northern Grampians,5729.8765,2,Victoria,1724,139,3038,4903,2.2,784,259,1550,266,168,56,3084,2.7,4024,1070,3741,45.5,32.9,8.1,9.7,3.7,1.8,68.9,14.4,5.8,10.2,0.7,13.9,20.3,4569,145,139,41,8,4903,2359,1321,984,129,105,48.1,26.9,20.1,2.6,2.1,88,3992,624,31,26,200,975,1048,115,602,261,79.3,8.7,61.2,26.5,4,3,3,3,2,1,1,2,39.4,28,22.3,10.6,4874,2,22,1810,100,3,,13,,3234,263,,54,5,49,50,316,3993,33,25,3528,553,547,47,5170,276,1656,1701,688,484,2a6c9b8d-75fd-4beb-9882-991574a144fd,0.578889678401993,5.87624088216525
190,25900,Port Phillip,20.6141,2,Victoria,21347,3263,24123,48731,1.9,6951,796,12949,2041,966,545,24252,2.6,24690,16166,39339,30.9,53.4,3,10,2.7,1.6,74.2,14.4,3.9,7.2,0.3,11.2,15.3,4239,11406,32443,564,81,48731,10230,12272,25066,625,527,21,25.2,51.4,1.3,1.1,1264,26739,19079,1067,106,420,2169,9132,2004,16409,7013,74.4,16.3,65.5,28,10,10,10,3,9,10,10,2,21.5,22,33.4,23.1,48536,4,23.3,22537,215,872,2632,302,15,16406,1031,201,65,309,1356,296,2867,26358,1399,5014,17872,26782,6268,209,61013,8705,26671,10483,1608,607,82123b4f-891e-40a7-bf32-eb43c860fb34,0.00211036734754089,0.317319088095949
191,25990,Pyrenees,3434.5687,2,Victoria,938,64,1964,2976,2.2,503,140,1050,155,140,20,2004,2.7,2567,750,2177,46.1,30.7,7,11.9,4.3,1.8,65.7,14.4,5.7,13.6,0.7,14,19.7,2908,27,3,29,10,2976,1516,952,349,92,62,50.9,32,11.7,3.1,2.1,68,2433,365,5,7,210,1083,721,102,201,104,75.7,10.7,57.6,29.8,4,4,5,5,3,2,2,4,35.9,28,23.9,12.2,2958,2,24.8,,,3,,4,,1820,109,,44,3,8,18,123,2131,19,13,1952,505,328,37,3032,85,774,1105,527,426,9f7f8939-30b2-4664-8ea8-382643fa0c78,0.349124694905186,3.99740255047356
192,26080,Queenscliffe,8.6166,2,Victoria,486,17,939,1441,2,188,63,608,42,38,9,944,2.5,1481,205,875,59.9,20.4,8.8,8.5,2.3,1.7,70.3,11.7,9.9,7.9,,16.5,28.3,1300,92,32,10,4,1441,897,277,207,42,25,62.2,19.2,14.4,2.9,1.7,8,1295,90,,,370,2025,190,37,119,69,68.6,13.4,57.5,33.3,10,10,10,9,10,9,9,8,18.9,34.2,27.7,19,1438,4,50.4,703,240,6,,,,536,28,,3,,16,6,47,642,13,16,574,419,207,3,1287,56,574,586,135,65,bf91b360-72f0-4af1-bd1e-9ad8888fc4b1,0.000887012524799502,0.381777483394804
193,26170,South Gippsland,3296.3307,2,Victoria,3585,240,8184,12001,2.3,2392,635,4125,706,395,80,8329,2.8,11157,2921,8521,49.5,29.7,6.5,10.7,3.5,1.9,67.7,16.9,7.4,7.2,0.8,15.1,22.3,11464,331,111,78,18,12001,5680,3984,1828,271,246,47.3,33.2,15.2,2.3,2,197,9901,1381,50,16,260,1408,2920,542,1002,609,73.3,13.6,54.8,33.3,7,7,7,8,5,5,5,7,29.4,29.5,25.1,16.1,11952,3,30.3,5135,100,7,4,15,4,7893,454,,118,49,42,88,611,9292,83,45,8426,2530,1550,152,13607,375,3754,4488,1884,1290,9f7f6e2a-9650-4926-8398-2876ae431fff,0.340980227213549,6.07073731523033
194,26260,Southern Grampians,6654.0186,2,Victoria,2334,142,4365,6844,2.2,1298,329,2103,387,233,62,4414,2.8,6022,1337,4973,48.5,31,8.1,8.9,3.5,1.9,69.7,17.2,6,6.4,0.6,14.1,25.2,6400,304,96,38,11,6844,3145,1970,1357,253,123,46,28.8,19.8,3.7,1.8,103,5674,784,45,27,220,1083,1578,165,866,338,80.1,8.4,63.8,24.9,7,6,7,6,5,4,5,5,34,27.4,23.3,15.3,6807,3,17.9,2403,116,,,6,,4755,321,14,65,17,35,50,474,5741,55,20,5121,1158,708,62,7720,341,2228,2360,1065,737,c759197b-99bd-4042-980c-bd2b2d90ce53,0.678338643441748,5.28969080344449
195,26350,Stonnington,25.651,2,Victoria,18524,3411,25295,47229,2.1,7958,1222,12710,1852,1088,668,25493,2.7,30411,12823,40421,36.9,49.5,4.2,7.3,2.1,1.7,75.6,14.4,4.5,5.3,0.3,11.7,15.9,12804,8964,25059,344,58,47229,13190,11568,21204,747,522,27.9,24.5,44.9,1.6,1.1,943,28731,15790,463,45,421,2500,8292,2028,14114,5718,71.7,17.5,66.6,27,10,10,10,7,10,10,10,5,18.1,20.9,33.7,27.3,47081,4,21,23115,240,2429,1260,154,5,17438,990,164,46,190,827,243,2752,26497,1434,5133,18859,27006,6223,215,61373,7794,22649,12162,2742,1323,4ebcccc4-3332-49e7-88c1-a08b7b99a848,0.00262620672174307,0.307390960231131
196,26430,Strathbogie,3303.2568,2,Victoria,1559,112,3075,4734,2.2,744,218,1655,254,209,43,3119,2.7,4069,1076,3425,47.4,28.5,7.9,12.1,4.1,1.8,69.4,13.8,6.6,9.5,0.5,14.3,22.3,4481,179,13,66,5,4734,2381,1286,822,133,118,50.3,27.2,17.4,2.8,2.5,91,3843,593,34,30,260,1300,967,158,447,267,75.2,12.3,54.4,32.5,6,6,7,6,4,4,5,5,34.2,28.6,24.3,13.1,4701,3,23.7,1819,100,3,,4,,2845,184,,56,13,25,39,267,3440,43,17,3065,897,504,49,4925,177,1483,1730,760,488,6dd0e78e-fdd4-4421-bde8-bfe2a2572dae,0.333366100615422,3.95388869490608
197,26490,Surf Coast,1552.944,2,Victoria,2828,408,10041,13270,2.6,4077,627,4337,714,355,82,10195,3,14191,3646,8918,53.2,32.2,4.4,7.7,2.6,1.9,62.6,23.6,7.2,5.9,0.7,13.5,21,12363,754,83,39,27,13270,5259,5118,2403,319,170,39.6,38.6,18.1,2.4,1.3,145,11134,1361,55,15,461,2145,3858,639,1463,695,75.4,12.5,60.9,28.9,10,10,9,10,10,9,8,10,13.6,23.7,28.3,34.4,13224,4,36.1,7551,147,26,8,36,5,9625,531,4,95,31,109,81,502,11051,162,146,10292,5239,2229,87,18769,235,3618,6135,1932,1198,0170144e-6cc8-467e-a78b-c440048f2204,0.159963518795848,2.31778900284448
198,26610,Swan Hill,6115.5373,2,Victoria,2150,336,5228,7718,2.5,1710,376,2346,521,273,103,5326,2.9,7129,1618,6441,48.8,33.1,6.5,8,3.7,1.9,66.1,17.2,6.3,9.7,0.6,12.7,16.9,6734,403,399,140,43,7718,2866,2252,2214,203,180,37.1,29.2,28.7,2.6,2.3,310,5809,1250,234,109,225,1157,1803,198,1437,479,80.1,8.8,64.9,21.6,3,4,4,3,1,2,1,1,37.4,26.2,23.4,13,7670,2,19.7,2367,140,,,108,,6542,808,23,44,25,69,43,516,8174,88,127,7433,800,701,99,9866,475,2321,2898,1114,714,f6f686bb-9a57-45d7-b436-e1999dc442d8,0.604730735448811,6.64671446875144
199,26670,Towong,6675.1725,2,Victoria,712,39,1655,2406,2.2,459,111,938,100,60,11,1679,2.7,2390,557,1472,52.7,26.1,7.2,10.8,3.2,1.9,67.8,15.2,7.2,9.4,0.5,15.3,27.9,2333,34,13,21,,2406,1200,725,349,84,47,49.9,30.1,14.5,3.5,2,42,2010,248,5,8,210,1200,561,78,232,93,77.4,10.8,66.5,26.6,7,7,7,8,5,5,5,7,30.7,28.2,26.1,15.2,2404,3,23.1,826,100,,,6,,1612,87,,27,29,12,29,207,2012,22,6,1719,507,292,26,2856,59,634,930,421,315,b1a47e7c-1e28-4512-81ee-ae30398825c3,0.670190785430805,5.51298656503403
200,26700,Wangaratta,3645.1096,2,Victoria,3645,275,7927,11847,2.3,2452,552,3660,833,458,99,8054,2.9,10560,2572,8952,47.6,31.8,7,10,3.6,1.8,67.4,18.1,7.3,6.5,0.6,15.3,18.6,10637,1128,10,57,14,11847,4873,3789,2631,208,352,41.1,32,22.2,1.8,3,230,9471,1479,125,42,260,1350,2886,415,1569,788,76.2,11,59.6,30,6,6,7,6,4,4,4,5,32.8,26.9,23.4,16.9,11782,3,13.9,6270,75,,,24,3,8903,718,29,100,36,167,68,533,10580,107,54,9717,1678,1561,111,14043,594,3794,4494,1606,1052,44c60144-2e81-4566-91e3-94b84ef595b9,0.367056625306759,4.08117026589203
201,26730,Warrnambool,120.9487,2,Victoria,4229,452,9310,13993,2.3,2926,727,3959,1055,594,161,9426,2.9,11920,3116,11348,45.6,35.5,6.4,9.1,3.5,1.8,66.7,19,7.3,6.2,0.8,14.5,17.5,11658,1589,622,107,19,13993,5147,4486,3920,239,199,36.8,32.1,28,1.7,1.4,240,11198,1987,184,52,295,1430,3549,477,2359,1219,79.1,10.6,60.2,31.1,7,6,7,6,5,4,4,4,31.3,28.5,22,18.2,13935,3,13,8124,60,8,3,68,6,11549,999,42,65,26,146,59,621,13590,110,110,12652,1620,1908,79,17305,774,5145,5376,1641,863,f98c8f5b-147b-4bf0-8419-1e65cbb732d1,0.0124685267091991,0.715800781851634
202,26810,Wellington,10817.4231,2,Victoria,5321,415,11797,17538,2.3,3550,814,5690,1115,646,163,11979,2.8,15506,4214,12864,46.9,32.8,6.4,10.2,3.8,1.9,66.1,16.6,6.6,9.9,0.8,13.9,17.5,16090,617,661,142,34,17538,7410,5774,3620,404,337,42.3,32.9,20.6,2.3,1.9,309,14509,2008,126,28,260,1300,4418,616,2076,1151,76.5,10.7,57.3,31.8,5,5,5,6,3,3,2,5,33.5,27.7,23.4,15.3,17441,2,26,7911,75,8,,46,5,12183,831,13,140,81,166,147,862,14491,156,87,13157,2355,2146,171,19315,769,5574,6621,2577,1682,87e03605-9ec9-44d1-98c7-e9aeaf41b8c1,1.10804741637003,12.105945928738
203,26890,West Wimmera,9108.6794,2,Victoria,576,40,1021,1643,2.2,293,66,555,61,49,13,1034,2.8,1494,306,1080,50.9,27.2,8.5,9.6,4,1.9,67.6,15.9,5.7,9.8,0.7,14,33.6,1584,27,21,6,5,1643,929,325,233,115,36,56.5,19.8,14.2,7,2.2,22,1356,194,,,140,739,246,28,170,28,75.7,8.6,73,12,6,7,8,7,5,5,6,6,36.1,25.5,24.6,13.5,1640,3,27.5,400,120,,,,,992,50,,17,4,13,41,164,1283,17,3,1053,395,156,23,1877,60,445,558,295,251,66c79312-2089-4e15-92ea-e8f84187bffa,0.918306251274771,6.07784898925713
204,26980,Whitehorse,64.2801,2,Victoria,15879,2992,44225,63094,2.6,18217,3410,16427,3820,2573,897,45342,3,65139,10142,57157,50.1,35.3,5.3,7.1,2.2,1.7,69.8,20.5,4.8,4.5,0.3,12.8,15.5,40779,15216,7018,29,48,63094,22558,19987,18291,1505,756,35.8,31.7,29,2.4,1.2,1835,46543,12604,1225,73,411,2231,14033,3932,10844,5956,70.2,19.7,59.3,32.6,9,10,10,8,9,9,10,7,19.9,23,24.2,33,62852,4,12.4,29516,200,2118,335,927,6,33835,2616,143,216,157,299,305,1649,42602,2281,5347,37504,28574,9590,280,83325,5162,24887,23585,5877,2827,9140faa2-5869-43e6-8e68-dbfff4c58572,0.00657837418748386,0.401704342485071
205,27070,Whittlesea,489.6938,2,Victoria,13808,1985,60186,75971,2.9,26919,5965,18149,6094,4241,967,62337,3.2,87437,13678,69102,51.6,33.5,4.3,7.2,3.3,1.8,65.3,23.9,5.1,5.2,0.4,12.8,7.6,65609,8132,2156,20,48,75971,21148,33632,18936,1054,1201,27.8,44.3,24.9,1.4,1.6,2838,58837,11492,854,37,371,1900,24021,6131,11061,6183,71.4,18.2,58.4,32.7,6,7,8,8,4,6,6,7,21.6,25,26.3,27.1,75527,3,9,38920,100,2245,73,647,11,62451,4037,254,727,155,150,505,641,71897,2608,5101,68021,20491,11545,514,107055,3206,24325,31695,10184,5511,6c9e0d6b-ac0a-4338-9273-7f02fa141e60,0.0499281295733454,1.41731038043141
206,27170,Wodonga,433.0021,2,Victoria,4605,437,11332,16372,2.4,3864,762,4545,1543,676,163,11551,2.9,13956,4110,12950,44.1,36.6,5.2,10.2,3.8,1.9,65.6,21.2,6.7,5.5,1,14.3,14.5,14559,1445,280,61,26,16372,4763,5691,5339,209,371,29.1,34.8,32.6,1.3,2.3,308,13305,1950,215,50,290,1479,4527,610,3464,1414,79.5,10.7,64.9,26.5,5,5,6,5,3,3,3,4,30.3,28.4,23.1,18.1,16310,2,10.5,8241,100,,3,61,15,14440,965,36,115,65,136,93,638,16559,148,104,15544,1850,2014,109,20689,757,5519,6534,2074,1122,f1adf906-f154-4d33-9438-7f2af1695e7c,0.0433622339783142,1.54857466925235
207,27260,Wyndham,542.0943,2,Victoria,13668,2977,73173,89823,3.1,39586,4696,19726,7490,3417,1231,76145,3.3,109753,16878,76726,55,33,3,6,3,1.9,58.9,29.3,4.4,6.9,0.5,10.4,8.7,79221,8421,2045,87,53,89823,16195,43354,27648,1149,1472,18,48.3,30.8,1.3,1.6,3572,70739,12016,1016,35,370,1930,31810,7156,17613,7700,73.4,16.5,63.7,27.9,8,8,9,9,6,7,7,8,15.5,21.9,26.4,36.3,89132,4,11.2,47372,125,3625,26,632,16,69052,5782,466,788,280,282,753,949,82652,4505,8015,77534,34423,13577,665,135825,3261,31491,37823,10632,5194,56ea7634-c805-4f6d-941c-7f18aff488d2,0.0555203369440278,1.29398597775717
208,27350,Yarra,19.5421,2,Victoria,15019,4755,20876,40646,2,5524,736,11558,1630,965,621,21026,2.6,19138,16094,37161,26.4,60.8,2.8,7.6,2.3,1.6,77.9,12.6,3.7,5.6,0.3,10.5,16.5,5086,15229,19928,353,48,40646,8207,9716,21709,607,417,20.2,23.9,53.4,1.5,1,1333,21929,15706,571,64,451,2321,7691,1238,15172,4830,79.2,12.7,69.9,22.2,9,10,10,2,9,10,10,1,20.2,17.7,37.5,24.6,40479,4,19.1,20916,207,1068,2183,240,11,12454,656,174,46,224,2260,251,3696,23268,1215,4558,13492,26827,5686,179,57177,8142,21519,8426,1562,496,e1475a13-0b4b-47b6-b11a-36df4b27d1a5,0.00199917015697793,0.41987488770743
209,27450,Yarra Ranges,2468.2052,2,Victoria,11893,1147,42808,55842,2.7,16217,4362,16483,3811,2660,446,43981,3,58270,15088,44838,49,34.3,4.4,9.1,3.1,1.8,65.3,22.2,7.4,4.3,0.8,14.7,15.5,52325,2919,313,216,71,55842,19627,26908,7791,909,615,35.1,48.2,14,1.6,1.1,1187,44349,7951,409,27,380,1950,20245,3756,4379,2643,75.2,14,56.2,33.9,9,9,8,10,8,7,7,10,18.7,26,27,28.3,55647,4,9.6,29661,100,559,5,267,23,44209,2582,52,726,164,126,253,1033,49992,1020,1539,47535,17963,10630,297,79903,1584,15189,23164,8965,6420,842dcd8c-053c-4d88-b5e3-56490dd8cc04,0.25221347892284,3.66857687573447
210,27630,Yarriambiack,7325.797,2,Victoria,996,52,1688,2740,2.1,431,106,906,150,98,22,1715,2.8,2430,411,1990,49.7,28.5,8.4,9.5,3.9,1.9,69.4,14.5,6.4,9,0.7,15.5,28.7,2632,56,15,36,,2740,1543,594,438,89,70,56.3,21.7,16,3.2,2.6,54,2257,306,18,28,166,672,491,46,288,93,82.7,7.7,65.8,21.2,3,3,6,3,2,2,3,2,42.4,27,20.8,9.4,2724,2,24.3,811,105,,,4,,1626,74,,23,11,15,28,212,1993,24,8,1725,365,256,31,2670,130,886,966,388,302,675a2adb-4299-48e8-885d-e63b94d23a69,0.732179304575311,5.44392049909656
211,29399,Unincorporated Vic,283.1903,2,Victoria,58,17,81,156,2.2,22,4,39,12,7,,79,2.7,87,43,171,24.6,65.4,1.3,6.9,3,1.6,62.4,7.2,1.4,28,0.6,5.6,17.1,80,3,64,,8,156,75,19,50,8,3,48.1,12.2,32.1,5.1,1.9,18,78,50,28,65,385,1300,16,,24,13,84.2,,48,26,8,9,9,2,7,8,7,1,28,32.5,24.8,7.6,157,4,85.4,59,145,,,12,4,39,4,,,,,37,268,368,8,25,54,84,64,5,530,36,80,21,13,,f2292ce3-efac-4825-b044-2a8f350285db,0.0290105240596858,3.01730531125993
212,29499,No usual address (Vic.),,2,Victoria,,,,,,,,,,,,,,,,,,,,,,,,,,,,,,,,,,,,,,,,,,,,,,,,,,,,,,,,,,,,,,,,,,,,,,,,,,,,,,,,,,,,,,,,,,,,,,,,,,,,,,,2c8a05c2-e1c8-41b8-af7f-6b553fe840c9,,
213,29799,Migratory - Offshore - Shipping (Vic.),,2,Victoria,,,,,,,,,,,,,,,,,,,,,,,,,,,,,,,,,,,,,,,,,,,,,,,,,,,,,,,,,,,,,,,,,,,,,,,,,,,,,,,,,,,,,,,,,,,,,,,,,,,,,,,ebfc4556-c188-485c-bb88-88b14d692244,,
214,30250,Aurukun,7423.9891,3,Queensland,39,,187,236,3.9,68,23,52,68,25,18,262,3.3,44,260,421,4.7,91,1.4,1.6,0.6,1.9,48.7,22,16,9.4,4.3,14.4,6.3,215,8,5,,,236,,,218,6,13,,,92.4,2.5,5.5,74,103,49,110,1014,125,,,,151,18,,,69.3,8.3,1,1,1,1,1,2,2,1,93,3.9,3.9,0,228,1,31.2,41,140,,,,,17,10,,,,8,,93,134,4,,33,,7,3,152,136,63,19,,,d4d74b42-1856-4a68-938d-ee4dad86c3ab,0.62010695199956,5.30375431417581
215,30300,Balonne,31104.0851,3,Queensland,484,38,1069,1588,2.4,351,82,463,124,49,21,1098,2.9,1301,440,1159,45.6,38.2,5.1,7.3,3.8,1.9,64.7,17.6,6,10.6,1.3,9.9,22.7,1386,136,20,33,11,1588,526,344,534,135,42,33.1,21.7,33.6,8.5,2.6,51,1202,204,41,88,200,1169,240,25,358,95,69.8,7.3,67,17.8,3,4,5,2,5,6,7,4,39.9,22.1,24.4,14.3,1578,2,30.9,369,135,,,,,1285,103,,30,15,8,24,171,1632,21,,1407,294,125,19,2102,72,502,553,231,186,6fb11278-7df4-49b4-893a-aa4c9dbe8541,2.86180394926782,8.83468663054866
216,30370,Banana,28550.1626,3,Queensland,1342,133,3528,4995,2.5,1307,251,1537,275,145,48,3569,3,4842,1158,3300,51.9,32,5.1,7.2,3.8,2,59.5,20.1,5.6,14,0.7,10.1,20.9,4648,114,161,53,16,4995,1653,1379,1499,307,147,33.1,27.6,30,6.1,2.9,112,3883,655,34,21,240,1300,995,131,1052,220,72.2,9.5,70.2,14.7,7,6,3,7,8,7,6,9,31.8,26.3,26.9,15.1,4970,3,31.4,2193,100,,,52,,4138,411,6,59,28,43,77,405,5216,59,59,4606,988,718,71,7053,224,1331,1854,837,621,37cff649-5efd-4364-bd7b-38a2767c6163,2.55191664947938,12.1009352257469
217,30410,Barcaldine,53382.654,3,Queensland,357,25,675,1058,2.3,224,46,318,60,36,10,694,2.9,888,233,741,49,32.5,6.9,8.1,3.8,1.9,65.7,16.9,5.2,11,1.2,10.8,31,995,3,27,16,20,1058,457,209,270,90,30,43.2,19.8,25.5,8.5,2.8,10,817,143,14,41,163,1083,146,17,174,35,69.9,8.1,64.4,13,7,7,6,6,9,9,9,8,36.5,26.2,24.6,12.3,1051,3,44.5,263,123,,,,,687,72,,22,9,26,23,189,1022,8,4,765,306,76,19,1435,59,361,318,154,136,29cad4a7-a880-49b2-afd2-572de84e1048,4.70594208307807,14.9491410470558
218,30450,Barcoo,61830.1679,3,Queensland,40,4,68,115,2.3,28,,31,,5,,66,2.9,88,24,87,39.8,42.1,7.5,5.3,4.5,1.9,67.3,13.9,4.9,13.5,,9,35.3,100,,3,7,4,115,42,18,38,14,4,36.5,15.7,33,12.2,3.5,4,77,14,5,101,100,2000,11,3,21,3,61.1,16.7,55.3,7.9,6,6,1,7,8,8,3,9,36,32.4,12.6,21.6,111,3,59.6,36,100,,,,,73,10,,,,,7,46,139,4,,82,21,11,3,176,3,40,35,6,17,821744dc-8673-45ad-a2d5-66defba66d64,5.5353749827359,16.7432479687993
219,30760,Blackall Tambo,30537.248,3,Queensland,233,11,510,759,2.3,145,34,277,37,25,3,519,2.8,711,166,455,52.1,28.5,7.6,8.7,3.2,1.9,68.7,16.2,5,9,1.2,11.1,26.1,736,,3,14,3,759,320,151,206,67,17,42.2,19.9,27.1,8.8,2.2,17,584,98,7,32,157,867,95,17,139,27,62.9,11.3,67.5,13.1,4,4,3,5,6,6,5,7,46.3,21.9,19.9,11.4,752,2,34.4,157,100,,,,,476,38,,7,7,8,10,128,672,11,4,526,184,65,12,937,35,260,260,108,73,8c155856-a9d6-4985-ac80-c25e12be66bd,2.72623871840597,10.8887054967227
220,30900,Boulia,60906.4695,3,Queensland,49,3,89,144,2.5,29,3,38,15,3,,92,3.1,100,37,112,42.1,38.3,2.3,9.8,7.8,2.2,60.5,18.7,4.3,15.3,,9.8,25.6,115,8,7,7,7,144,44,12,56,21,12,30.6,8.3,38.9,14.6,8.3,9,81,32,5,82,125,1020,9,,32,10,75,,57.1,17.9,1,2,2,1,3,3,5,3,44.4,26.4,25,4.2,144,1,53.7,49,30,,,,,81,7,,8,,,18,55,167,3,3,88,42,10,,226,17,53,28,9,21,70ef81e3-1421-4410-a347-9ff92b1eb150,5.344860937161,14.3372865610509
221,31000,Brisbane,1342.7173,3,Queensland,119025,28901,317189,465124,2.5,125363,20508,124995,30754,16014,7194,324833,3,415280,118624,405425,44,41.2,3.8,8.1,2.8,1.8,68.6,20.7,5.2,5,0.5,10.6,15.7,291311,52572,118894,1345,998,465124,117793,156632,178014,7251,5433,25.3,33.7,38.3,1.6,1.2,12915,337511,95295,4490,36,408,2019,123959,17699,111912,51837,79.1,11.3,62.9,29.1,9,9,9,8,10,10,10,9,18.8,22.8,26.3,32.1,463287,4,10.8,218878,170,16600,46,26755,1337,318277,24461,2803,2404,5027,7685,3535,21072,430003,15740,57079,353165,141946,72345,2282,662318,37311,181962,168679,48007,23578,44106319-a1a2-4754-bef8-f5434f9fada2,0.122560829771373,5.16421898664802
222,31750,Bulloo,73722.0101,3,Queensland,38,4,71,119,2.5,33,,33,7,,,71,3,88,49,82,40.6,44.6,3.6,7.2,1.1,2,67.3,20.1,4,7.6,,5,26.3,87,,7,8,9,119,38,23,48,17,,31.9,19.3,40.3,14.3,,7,77,18,20,370,153,696,12,,33,,52.2,,68.8,,6,5,1,5,8,7,3,7,38.4,31.3,25.9,8.9,112,2,49.6,38,125,,,,,71,10,,7,,4,13,62,165,4,,84,36,16,,218,8,52,31,15,14,c4f67f8b-6de9-41da-8b64-737a7e86ad9d,6.76494159955496,12.239269695535
223,31820,Bundaberg,6431.0889,3,Queensland,10672,1307,26492,38462,2.4,6851,1878,13313,3073,1684,379,27173,2.8,34764,8298,30422,47.3,30.3,6.9,11.2,4.3,1.8,70.9,15.5,5.6,7.3,0.8,13.7,14,32687,2652,2305,717,108,38462,15442,10866,10419,906,832,40.1,28.3,27.1,2.4,2.2,1109,30030,5515,649,65,285,1300,8173,1143,5689,3686,75.2,10.5,54.6,35.4,2,2,2,3,4,4,4,5,40.1,28.5,19.6,11.7,38245,1,17,11561,100,5,3,281,11,27294,2483,62,359,246,180,208,927,32071,280,360,30035,2336,3876,254,38815,2173,14125,13655,4958,2780,b75d0213-4e82-4664-abfa-b981e566f758,0.574957284573657,6.13416582316352
224,31900,Burdekin,5043.9318,3,Queensland,1896,154,4345,6396,2.3,1244,364,2120,376,240,64,4417,2.8,5982,1304,4607,48.7,31.9,7.3,8.7,3.5,1.8,67.3,15.4,6.5,10.2,0.5,11.5,16.3,5655,549,36,102,48,6396,2736,1705,1605,167,180,42.8,26.7,25.1,2.6,2.8,161,4990,906,76,45,222,1220,1306,132,1037,387,76.6,7.7,64.6,24.1,5,3,2,4,7,5,4,6,40.7,27,21.6,10.7,6357,2,23,2405,50,,,127,,5176,453,7,180,40,37,73,329,6429,50,138,5675,581,610,71,7742,323,2016,2434,932,532,d6ba5499-774a-4be1-8caa-4eacd564b284,0.434918112250443,4.56183500751442
225,31950,Burke,39681.2234,3,Queensland,51,,73,121,2.3,18,5,41,,4,,74,2.9,74,47,108,35.3,50.8,2,7.1,4.5,2.3,63.6,9,2.8,23.7,0.8,7.1,16.1,73,,6,36,7,121,33,8,45,20,12,27.3,6.6,37.2,16.5,9.9,15,72,35,18,154,150,477,9,,33,,112.5,,73.3,,3,4,4,2,5,5,7,4,50.4,28.1,14.9,5.8,121,2,78,36,50,,,5,,64,13,,,,,9,51,142,3,,79,31,12,3,194,17,41,40,8,19,6cc39237-d8b5-4a15-a446-675c8c053756,3.38610202524683,12.9482083478443
226,32080,Cairns,1689.3227,3,Queensland,16313,2666,41336,60318,2.5,14041,2458,16854,5935,2493,700,42472,2.9,47439,17486,50570,39.9,41.2,4.4,10.7,3.8,1.8,64.8,19,5.6,9.7,0.8,10.4,13.9,43972,6004,9489,470,386,60318,15897,21499,21101,787,1040,26.4,35.6,35,1.3,1.7,2199,44533,10205,1208,70,340,1588,16270,2449,11899,6975,75.7,11.4,56.4,33.1,6,7,7,4,7,9,10,6,26.7,28.4,24.8,20.1,59975,3,17.4,26961,100,14,3,793,36,46270,3972,215,460,504,905,815,1989,55969,861,1131,50990,9375,13052,393,79649,3794,22320,22637,7057,3434,805d30d0-6e93-41a9-a6fc-67ddbf1071c6,0.143469664415306,3.07899018530178
227,32250,Carpentaria,64121.0123,3,Queensland,208,21,443,672,2.5,128,21,186,90,28,16,468,3,363,266,623,30,55.2,3,8.8,2.6,2,67,14.4,4.4,13.5,0.9,7.2,14.2,516,11,56,70,16,672,192,58,327,61,31,28.6,8.6,48.7,9.1,4.6,86,340,186,71,203,173,1128,37,8,200,41,63.8,13.8,61.2,12.5,1,1,1,1,3,3,2,3,56.9,23.6,12.9,6.8,661,1,59.4,141,100,,,,,404,56,,11,3,10,43,178,706,9,4,471,93,65,20,888,69,275,186,69,44,42ed1c39-922e-45f7-bfd8-bcdc80fefc36,5.45484868030758,20.228205823382
228,32260,Cassowary Coast,4687.824,3,Queensland,3204,400,7356,10962,2.3,2055,513,3628,776,442,126,7541,2.8,9430,2654,8574,45.9,34.2,6.2,10.1,3.6,1.9,67.5,15.7,5.4,10.8,0.6,12,14.7,9455,732,503,212,66,10962,4407,2676,3293,256,337,40.2,24.4,30,2.3,3.1,474,8012,1887,171,54,250,1300,1894,341,1931,971,70.8,12.7,58.6,29.5,3,2,2,2,4,4,4,4,40.9,30.5,19.2,9.3,10865,1,28.1,3156,90,,,374,,7731,940,40,108,61,78,120,549,10008,128,434,8795,944,1120,138,12329,625,3965,4024,1365,659,40abc45f-92f6-44c8-93cc-7e96bf68f8d1,0.399845993370263,7.26480833658895
229,32270,Central Highlands (Qld),59834.8359,3,Queensland,2377,279,6627,9284,2.6,2776,395,2603,661,236,87,6763,3.1,8270,2790,6305,47.2,37.7,3,8.5,3.8,2,56.8,23.2,5.7,13.2,1.2,8.3,18.4,7960,578,498,136,117,9284,2059,2681,3806,539,196,22.2,28.9,41,5.8,2.1,187,7179,1292,161,51,250,1500,1997,205,2762,466,74.5,7.6,72.6,12.2,7,6,3,8,9,8,6,9,26.5,26.5,30.2,16.8,9225,3,34.9,4317,130,,,598,,8471,880,29,116,62,76,117,695,11056,202,703,9543,1292,1535,98,14188,316,2838,3467,1525,929,19b1017e-0240-45f4-9958-e91b0d2ce377,5.31084277538434,18.8752489551202
230,32310,Charters Towers,68382.1644,3,Queensland,1236,118,2726,4081,2.4,767,180,1262,376,158,58,2802,2.9,3294,885,3198,43.8,35.8,6.1,10.2,4.2,1.9,63.2,15.3,6,14.6,0.9,10.5,16.7,3591,355,13,90,27,4081,1522,1153,1109,178,126,37.3,28.3,27.2,4.4,3.1,120,3035,613,40,30,220,1300,797,112,723,227,69.1,9.7,65.2,20.5,3,2,2,3,4,4,4,4,40.8,25,23.1,11.1,4056,1,32.3,1324,100,,,131,,2781,258,3,48,27,23,57,297,3627,83,184,3122,491,487,65,4756,222,1424,1415,554,348,d8578330-36ce-4458-ad8e-260f8265b4ed,5.90883555435107,16.8568045808047
231,32330,Cherbourg,31.6002,3,Queensland,69,3,232,307,3.4,61,15,29,127,28,11,269,3.5,55,153,483,9.3,85.9,2.7,1.3,1.2,2.2,52.6,18.6,19.4,5,4.4,14.7,3.7,271,8,26,,,307,,,304,,,,,99,,,59,185,66,42,359,100,,,,260,28,,,85.5,9.2,1,1,1,1,1,1,1,1,97.4,3.3,0,0,307,1,7.5,52,10,,,,,107,19,,,,,,40,175,,,132,,3,6,185,116,109,61,14,,8034724c-5823-4fe7-94f4-91b60b9ef332,0.00285579530122959,0.372955686659483
232,32450,Cloncurry,47971.2595,3,Queensland,344,38,675,1057,2.5,254,38,262,84,30,18,689,3.1,683,382,841,35.9,49.8,3.1,8.1,3,2.1,58.9,17.5,5.1,17.3,1,6.8,15.5,848,24,107,65,17,1057,229,206,456,110,59,21.7,19.5,43.1,10.4,5.6,43,720,195,32,57,220,1200,141,22,288,61,68.4,10.7,63.2,13.4,5,4,3,2,6,6,5,4,35,27.3,25.3,11.9,1043,2,50.8,494,80,,,104,,826,115,7,30,5,17,84,247,1425,77,159,991,144,132,47,1827,97,361,330,127,89,7eec1f64-3c4b-4849-a021-c0d8816fe79b,4.16293838666638,15.7761936031863
233,32500,Cook,105717.7521,3,Queensland,526,61,917,1498,2.3,278,55,423,120,59,18,950,2.9,920,549,1240,33.5,45.9,4.2,12.6,3.9,1.9,60.9,13.5,5,20.1,0.6,8,16.4,1253,89,7,131,26,1498,520,277,515,101,81,34.7,18.5,34.4,6.7,5.4,123,820,418,112,154,200,1300,180,44,304,94,65,15.9,59,18.3,2,3,5,2,4,4,8,3,46.4,25.1,19.8,8.7,1473,1,53.5,380,105,,,70,5,860,143,4,18,5,12,43,273,1425,22,78,1017,165,148,47,1803,119,588,457,163,98,92102819-ecbe-477f-a633-7dd046cb5bb3,8.85595007193751,34.6211334436056
234,32600,Croydon,29497.9025,3,Queensland,30,4,50,80,2.7,20,,17,7,4,3,53,3.3,58,20,80,36.5,50.7,1.8,9.1,4.6,2.1,62.6,16.4,4.6,13.2,,2.7,18.3,72,,,7,3,80,23,7,33,11,3,28.8,8.8,41.3,13.8,3.8,11,35,17,,,148,,3,,23,,42.9,,69.7,,1,2,1,1,3,3,2,3,48.8,17.9,25,11.9,84,1,64,,,,,,,57,,,8,,5,3,34,104,,,62,13,3,3,129,9,20,21,10,15,c139f474-684e-4407-8478-7c4030d1e504,2.524527256993,10.7421345109741
235,32750,Diamantina,94722.429,3,Queensland,29,,50,82,2.1,9,3,28,3,3,3,51,2.6,40,34,62,34.5,54.9,3,6.8,,1.7,62.6,10.2,2.6,23.8,1.3,1.7,21.3,77,3,3,5,,82,7,,55,13,4,8.5,,67.1,15.9,4.9,6,46,16,5,123,140,953,,,40,,,,72.7,,4,5,2,1,6,7,4,3,42.2,32.5,22.9,6,83,2,64.9,37,250,,,,,47,7,,4,,,3,71,127,3,,52,19,6,3,154,6,43,16,8,3,85e998b7-0967-46b5-961d-2c962944211b,8.44655709732388,15.6812048474207
236,32770,Doomadgee,1827.6518,3,Queensland,36,10,239,285,4.2,135,18,53,69,14,11,305,3.8,115,296,445,16.1,78.3,2.3,1.7,2.2,2.4,53.3,27.1,12.8,5.6,1.1,8.7,4.6,254,3,22,,3,285,,,259,21,4,,,90.9,7.4,1.4,105,97,80,272,1866,120,737,,,211,16,,,81.5,6.2,1,1,1,1,1,1,2,2,84.5,6,9.5,2.1,284,1,25.3,38,245,,,4,,57,48,,,,,,99,215,,4,106,3,7,6,234,100,117,35,11,14,92edfb0e-a580-4988-b849-363380e8885c,0.155569828745683,2.40087134602982
237,32810,Douglas,2427.8626,3,Queensland,1339,227,2988,4560,2.3,796,180,1594,285,142,51,3042,2.7,3433,1564,3396,39.4,40.3,4.6,11.9,3.9,1.8,68,14.1,4.6,12.7,0.6,9.3,15.3,3330,552,493,118,66,4560,1583,1390,1409,92,96,34.7,30.5,30.9,2,2.1,174,3279,857,103,66,310,1517,982,194,749,512,70.6,14,53.2,36.3,6,5,5,4,7,7,8,6,31.8,34.9,23,10.4,4531,2,35.1,1343,120,,,59,,3252,288,10,41,47,128,64,398,4277,79,93,3600,644,740,60,5797,227,1813,1651,511,243,a39e5168-0ec2-4b77-8a86-fdd6955db855,0.205206727632003,3.65216316536208
238,33100,Etheridge,39199.2956,3,Queensland,105,3,158,260,2.2,47,8,85,6,5,4,161,2.8,203,71,168,48.7,33,4.3,11.2,3.2,2,66.8,15.2,1.2,14.8,0.5,8.8,24,177,,3,50,26,260,123,37,37,30,27,47.3,14.2,14.2,11.5,10.4,9,130,77,11,72,160,758,20,7,21,5,54.1,18.9,56.8,13.5,6,6,6,4,7,8,9,6,43.3,24.5,21.1,9.6,261,3,66.3,79,70,,,,,112,17,,6,3,,19,68,222,5,,132,95,26,8,353,13,93,69,29,33,94c2c7e5-d195-4717-963f-b9e0e0e12013,3.35381948566373,9.75843627455002
239,33200,Flinders (Qld),41199.9375,3,Queensland,188,19,340,545,2.3,110,16,165,33,18,,344,2.9,448,115,371,48.2,32.5,7.4,9.2,3,2,65.5,15.7,3.5,14.7,0.5,10.8,23.7,420,81,3,3,36,545,218,110,166,33,9,40,20.2,30.5,6.1,1.7,12,399,88,3,16,160,758,76,12,101,28,69.1,10.9,60.8,16.9,5,5,5,4,7,7,7,5,41.3,24,24.2,11.4,545,2,45.5,134,100,,,,,386,22,,7,6,3,13,70,507,6,4,414,155,56,7,732,35,183,164,83,63,c9cbed61-c06d-4498-9ad1-4d78f1239e07,3.57868686041616,10.4039400267187
240,33220,Fraser Coast,7104.5984,3,Queensland,12121,1558,30246,43927,2.3,6917,2087,16218,3451,1998,411,31087,2.7,39973,9346,33921,47.5,28.1,7.4,12.4,4.5,1.8,72.4,14.1,5.1,7.7,0.7,14.5,13.1,38157,3620,1175,753,222,43927,19618,11781,10717,963,845,44.7,26.8,24.4,2.2,1.9,1102,35437,5513,606,54,300,1300,8682,1420,5283,4316,73.7,12.1,49.3,40.3,2,2,2,3,4,3,3,5,40.9,30,18.8,10.3,43700,1,17,12031,100,14,,135,16,25549,2074,62,394,258,286,200,952,29939,335,261,27937,2714,4260,279,37531,2540,17080,15341,5216,2927,0d392e07-8a1c-4229-b6e0-c165b854ec08,0.638043326018533,10.2944070821879
241,33360,Gladstone,10484.2861,3,Queensland,5923,723,16535,23181,2.5,6020,997,6829,2049,749,202,16846,3,20252,6474,16990,46.1,35.4,4,10,4.5,1.9,62.6,21.7,6.5,8.1,1.1,11.1,16.2,19810,1397,1639,273,66,23181,6330,8455,7731,292,369,27.3,36.5,33.4,1.3,1.6,510,18641,2826,290,44,275,1600,6338,808,4914,2047,75,9.6,63.6,26.5,4,3,2,5,6,5,4,7,32.6,25.3,25.5,16.6,23070,2,22.8,10072,100,8,,141,65,19584,1400,56,154,234,138,147,690,22616,787,842,21677,1561,3448,141,28565,966,7545,9092,3424,1762,2a2eb185-359d-41e0-8933-417fee962350,0.931560167070984,12.5680803892628
242,33430,Gold Coast,1333.386,3,Queensland,53934,12018,162955,228913,2.5,57002,11970,67562,18660,10216,2515,167929,2.9,205071,63356,196804,43.8,37.1,4.7,10.8,3.6,1.8,67,20,5.5,6.9,0.6,10.6,11.4,129925,47182,49719,1358,725,228913,63867,80917,77482,3214,3433,27.9,35.3,33.8,1.4,1.5,6211,170999,41353,1808,29,450,1950,58351,12695,37829,32582,72.1,15.7,48.8,42.1,8,9,8,8,10,10,10,10,23.1,28.8,25.3,22.7,227764,4,15.9,88514,120,1662,1640,1949,73,191751,11967,624,1988,1720,1991,1678,6181,223233,4974,8679,207226,42189,33304,1398,305103,10990,81442,88327,28906,15909,68ee7ba1-39be-495d-b2c1-3005ca180f51,0.122303288337662,4.2176750367557
243,33610,Goondiwindi,19265.7098,3,Queensland,1056,114,2589,3757,2.5,920,141,1149,278,117,37,2644,3,3443,839,2621,49.1,33,6.2,7.9,3.9,2,63.2,20,6.1,9.8,0.9,11.1,21,3389,233,66,32,31,3757,1328,990,1165,204,76,35.3,26.4,31,5.4,2,89,2943,452,27,26,250,1300,704,99,695,289,71.1,10,59.7,24.8,4,4,4,5,6,6,6,7,36.5,24.7,22.9,15.9,3744,2,23,1612,70,,,17,,3245,227,3,72,12,22,39,274,3921,50,24,3519,483,329,42,4824,161,1183,1404,577,353,1ff1d9e9-c36e-481b-858d-de73721dd676,1.77350803931768,10.9317173141378
244,33620,Gympie,6883.9781,3,Queensland,5578,647,14236,20461,2.4,3743,1087,7216,1556,950,170,14713,2.8,18681,4820,15888,47.1,30.2,6,12.6,4.1,1.8,69.9,16,5.6,7.6,0.8,14.4,16,18660,931,393,349,122,20461,8611,6598,4495,354,396,42.1,32.2,22,1.7,1.9,584,16033,2896,359,67,290,1327,4589,993,2166,1892,69.6,15.1,48.2,42.1,3,2,2,5,4,4,4,7,37.9,29.5,22.3,10.3,20360,1,17.8,5306,104,7,,101,4,13329,1065,32,304,86,44,144,554,15659,138,148,14517,2119,2275,163,20351,839,6806,7614,2990,1832,d74a0125-684d-4b8c-923d-c76e48f69060,0.621400874912979,7.26482425414845
245,33800,Hinchinbrook,2807.1889,3,Queensland,1386,94,2942,4426,2.2,693,229,1608,241,167,30,2981,2.7,4142,816,3058,50.4,29.1,8.1,8.8,3.6,1.8,70.1,13.5,6.5,9.4,0.5,13.9,17,4009,200,134,53,31,4426,2157,960,1047,144,125,48.7,21.7,23.7,3.3,2.8,89,3530,581,54,47,200,1170,690,97,615,307,71.9,10.1,58.7,29.3,4,3,2,3,6,4,3,5,44.1,28,20.2,7.8,4389,1,27.2,1903,80,,,20,,3177,208,,88,30,27,46,247,3838,42,31,3414,339,390,62,4671,235,1455,1650,657,317,6a9669d2-0674-4962-9a5a-c490fe4e8181,0.240385260597805,3.26986437829199
246,33830,Hope Vale,1111.7099,3,Queensland,73,,208,281,3.1,81,7,43,57,32,18,227,3.4,61,188,346,12.1,79,4.5,2.3,1.9,2.2,57.9,22.7,8.7,9.2,,6.6,5.2,264,6,7,3,,281,16,6,229,17,16,5.7,2.1,81.5,6,5.7,52,145,66,20,203,120,975,7,,169,39,116.7,,73.8,17,1,1,1,1,2,2,1,2,86.7,7.9,6.5,0,279,1,19.8,39,300,,,,,140,24,,,,,17,29,204,,,166,4,3,15,227,65,120,59,17,7,42564e33-5595-4d68-b010-49d0a78dfd28,0.0934909796478678,2.86582567832851
247,33960,Ipswich,1093.8562,3,Queensland,17171,2531,58356,78058,2.8,22829,4209,19309,9129,3829,983,60293,3.1,68531,22424,69248,42.2,40.4,3.9,9.1,4.4,1.9,61.8,23.8,6.5,6.9,1,12,11.1,69218,7145,1346,240,109,78058,15800,29717,30763,644,1134,20.2,38.1,39.4,0.8,1.5,2457,60846,11073,995,44,330,1600,23568,3005,18650,9468,79.3,10.1,60.6,30.8,4,4,5,5,6,7,8,7,26.6,27.7,25.2,20.5,77630,2,11.1,35299,120,1995,3,369,12,67281,5129,249,918,722,193,497,997,78379,2255,3985,74199,11996,11144,510,104282,3912,26054,30603,10637,5719,2af1072b-6508-4458-803c-425bcc095394,0.100047934818122,2.43656274379113
248,33980,Isaac,58707.9192,3,Queensland,1620,187,4491,6298,2.6,2003,258,1674,443,121,52,4551,3.1,5521,2062,4046,42.9,41.7,2.2,8.9,4.3,2,48.8,21.7,4.1,24.4,1,6.2,13.8,5429,664,100,69,41,6298,1161,1134,3478,393,136,18.4,18,55.2,6.2,2.2,96,4955,769,61,19,113,1213,851,73,2758,245,75,6.4,79.3,7,8,7,3,7,9,9,5,8,22.6,31.4,32.5,13.6,6263,3,43.1,3690,100,6,3,336,5,6326,711,3,77,40,44,140,599,8292,166,410,7182,814,1269,87,10624,156,1826,2513,1008,646,a7ff6940-cf10-4ec2-bb54-4fa8cea955e8,5.1430690772338,19.6396835215547
249,34420,Kowanyama,2555.3325,3,Queensland,40,4,205,247,3.7,67,13,52,74,26,20,245,3.4,43,221,414,10.8,84.3,2.8,1,0.8,2.1,44.7,19.5,12.6,22.3,1.6,4.5,3,190,51,,,8,247,13,,211,16,10,5.3,,85.4,6.5,4,81,113,49,93,894,115,,,,140,21,,,66.4,10,1,1,1,1,1,1,1,1,87.9,4.2,8.3,0,240,1,22.7,28,175,,,,,54,22,,,,3,,81,167,,,77,,5,14,187,109,77,32,9,7,4fc6c135-c667-4426-b4cf-5195aeead0c5,0.21503497759204,2.70647410583245
250,34530,Livingstone,11757.8686,3,Queensland,3129,328,10331,13783,2.5,3315,795,4957,969,497,113,10646,2.9,13853,3355,9725,50.6,31,5.3,9.6,3.6,1.9,62.6,18.1,7.3,11.2,0.9,12.4,15.5,12186,625,760,155,47,13783,5087,5159,2952,312,273,36.9,37.4,21.4,2.3,2,296,10980,1731,81,20,350,1733,3590,499,1652,916,69.6,9.7,56,31,7,7,5,9,9,9,8,10,27.2,26.1,27.2,19.6,13738,3,23,5793,100,,4,231,15,11635,878,14,182,69,39,100,348,13525,155,312,12666,1367,2450,136,17627,462,4045,5442,2215,1361,c991ee9f-9b55-4c87-846e-eb0ce6436ec1,1.03408316685704,16.3742108497882
251,34570,Lockhart River,3576.6839,3,Queensland,33,4,113,155,3.4,47,4,27,37,14,8,134,3.4,16,139,229,5.8,85,2.8,3.9,2.4,2.1,50.1,21.2,16.3,12.4,0.6,4.9,5.6,146,9,,,3,155,17,,116,9,4,11,,74.8,5.8,2.6,34,72,43,,,125,,,,82,19,,,70.7,16.4,1,1,1,1,2,2,1,2,83.6,7.2,4.6,2,152,1,32,,,,,,,70,22,,,,,,49,141,,,92,,5,15,168,55,56,21,8,,d2fbe262-3766-42c3-b7dd-9b2ed976e089,0.298017954594229,4.7261660525717
252,34580,Lockyer Valley,2269.0054,3,Queensland,3004,660,10476,14142,2.7,3483,883,4524,1188,654,163,10887,3,13880,3450,12269,46.3,35.1,5,9.5,4.2,1.9,66,19,5.9,8.2,0.8,13.3,13.4,13278,550,142,94,74,14142,4688,5732,3211,203,303,33.1,40.5,22.7,1.4,2.1,478,11293,1595,152,37,300,1500,4210,683,1773,1030,73.4,11.9,55.2,32.1,3,3,3,7,5,5,5,8,29.2,26.5,28.6,15.7,14035,2,13.2,5299,100,11,,127,,12014,1115,5,283,82,24,104,319,14077,173,193,13285,1688,1903,115,17963,377,3690,5324,2555,1875,3d171008-792c-4a2e-8c83-ac834d2468fc,0.207489007974345,3.0483316080532
253,34590,Logan,958.1333,3,Queensland,22708,3756,86188,112653,2.9,33202,7466,29599,12680,6086,1452,90481,3.1,107518,30724,105838,43.9,38.4,4.3,9.3,4.2,1.9,63.1,22.2,6.5,7.2,0.9,11.7,10.4,95721,13294,3075,381,177,112653,25423,45073,38998,1169,1991,22.6,40,34.6,1,1.8,4620,86487,15848,1687,49,350,1733,33930,5952,21745,13590,75.3,13.2,55.8,34.8,3,4,3,6,5,6,6,8,26.3,28.1,26,19.5,111913,2,11.2,48364,150,1033,11,2000,25,100934,7541,372,2101,946,234,707,1302,117190,2865,4917,110870,16201,14737,714,151708,5355,34896,42304,16939,11147,1a40ecc6-69e4-4e62-aaab-11224484b6d8,0.0877101162473082,2.10006681112904
254,34710,Longreach,40572.2442,3,Queensland,439,46,849,1342,2.3,267,62,394,96,40,19,864,2.9,1041,329,965,45.4,37.4,5.2,8.8,3,1.9,63.4,16.6,5.7,13.5,0.8,9.6,26.9,1184,62,34,38,29,1342,436,310,476,84,31,32.5,23.1,35.5,6.3,2.3,19,1052,182,29,68,200,1083,238,29,349,59,76.8,9.4,73.3,12.4,7,7,7,4,9,9,9,6,36.2,24.8,25.2,13.8,1332,3,38.4,431,120,,,,,1162,96,,12,13,28,21,186,1526,13,,1272,226,123,18,1914,83,484,439,171,134,a1aff3fe-b5d1-48bf-8711-961f40419f45,3.59263441383655,11.3054076576992
255,34770,Mackay,7613.2963,3,Queensland,10278,1337,31358,42964,2.6,11143,2473,13166,3356,1538,447,32126,3,39109,11699,32014,46.7,35.1,4.8,9.5,3.8,1.9,61.9,19.9,7,10.3,0.9,10.4,13,36410,4320,1552,494,196,42964,12523,16392,12269,919,869,29.1,38.2,28.6,2.1,2,1053,33307,6019,458,38,340,1733,11694,1468,7522,3113,71.3,9,61.3,25.4,7,6,4,8,9,8,6,9,27.3,27.4,27,18.2,42737,3,18.3,25511,60,9,,773,18,41945,3021,135,410,289,300,246,1169,48309,489,954,45425,3063,6749,340,58955,1748,13183,16834,6667,3660,4933d367-87fc-40c9-830e-9bb464d9cc32,0.661989042742789,10.6126392658291
256,34800,McKinlay,40736.7989,3,Queensland,86,6,149,238,2.5,65,12,63,13,,,156,3.1,195,68,174,41.4,40.6,3,10,4.5,2,54,17.3,4.9,23.2,,6.8,25.8,190,4,,,50,238,94,38,62,36,13,39.5,16,26.1,15.1,5.5,,171,32,7,38,130,550,26,,37,,68.4,,59.7,,8,7,5,8,10,10,8,10,29.8,27.7,29.4,14.7,238,3,52.9,82,75,,,11,,151,10,,5,,,27,79,290,10,17,170,133,21,5,461,8,73,71,26,47,013ff22f-33e6-41d3-8261-5e1a8e1e2fc0,3.5284886780662,11.698187959731
257,34830,Mapoon,537.2366,3,Queensland,21,4,70,94,3.6,35,7,15,26,8,4,84,3.7,29,75,139,16.2,73.5,3.6,5.2,1.3,2.3,38.5,16.8,10.7,18.1,14.2,9.4,10.7,90,,,3,6,94,3,,87,,,3.2,,92.6,,,23,42,26,56,1199,120,,,,67,7,,,77,8,1,1,1,1,2,1,1,1,89.4,6.4,3.2,0,94,1,38.4,,,,,,,45,16,,4,,,,15,87,,,65,7,8,,93,30,42,21,9,,c7adfa8d-4866-451b-a69c-b96002db166f,0.044618277641689,2.27095412073578
258,34860,Maranoa,58719.3449,3,Queensland,1325,141,3114,4581,2.5,1155,205,1328,310,124,36,3165,3,3925,1206,3141,47.2,35.7,5.7,7.8,3.6,1.9,61.1,19.7,6.1,12.3,0.9,9.9,22.8,4246,238,26,47,27,4581,1510,1194,1526,251,101,33,26.1,33.3,5.5,2.2,89,3635,543,42,30,220,1300,808,118,1047,246,67.7,9.9,68.6,16.1,7,7,6,6,8,8,9,8,34.1,24.3,25.6,15.8,4558,3,30.1,1451,150,,,22,,3969,329,9,93,43,25,86,476,5051,70,26,4363,843,440,62,6463,225,1426,1640,714,476,93aa66d9-13ea-44b0-964e-437640c0158a,5.3186747742966,14.3841372715323
259,34880,Mareeba,53491.0502,3,Queensland,2131,293,5416,7836,2.5,1565,405,2587,588,368,87,5600,2.9,6641,2184,6443,42.3,38,5.4,10.1,4.2,1.9,62.4,14.6,5.4,16.9,0.7,11.6,15.2,7071,98,380,232,55,7836,3100,2232,1966,270,265,39.6,28.5,25.1,3.4,3.4,367,5502,1426,308,130,275,1517,1549,296,1079,623,69.4,13.3,54.9,31.7,3,3,4,3,4,5,7,5,36.8,27.2,22.8,13.3,7781,1,23.7,2714,101,,,133,,5366,540,,112,48,49,113,385,6761,57,149,5961,1102,1058,110,9088,418,2476,2819,1155,720,f163237b-b296-45d1-b933-79713aa96527,4.53882534577792,12.8666011301883
260,35010,Moreton Bay,2041.4737,3,Queensland,37657,5008,128356,171018,2.6,45640,10115,51337,15928,7857,1718,132607,3,166787,43514,141013,47.1,34,4.9,10,3.9,1.9,65.5,21.6,6.5,5.6,0.8,12.7,12.6,138771,22779,7974,1267,230,171018,47910,64798,53240,2869,2210,28,37.9,31.1,1.7,1.3,3684,138861,20977,1424,30,360,1777,50189,7240,29798,18748,77.5,11.2,56,35.2,7,7,6,8,8,9,9,9,25.6,27.3,24.9,22.2,170291,3,9.6,75780,100,4770,9,948,33,132670,9521,400,2267,1689,636,1129,2551,156620,4722,9254,145853,31537,25552,891,219332,7738,57622,65673,23619,14264,467de036-d6ae-4b33-a95a-ba62ed33bc65,0.185817552233402,3.70768769003455
261,35250,Mornington,1247.6932,3,Queensland,56,7,174,234,3.5,69,12,46,54,21,10,209,3.5,55,201,368,14.3,76.7,4.2,3,2.2,2.1,55.8,24.4,7.1,11.3,1.7,4.4,5.5,86,135,6,,10,234,,,216,16,,,,92.3,6.8,,63,109,56,76,759,104,,,,130,40,,,60.2,18.5,1,1,2,1,2,2,5,2,79.8,3.8,10.9,3.8,238,1,35.7,40,225,,,11,,66,39,,,,3,,71,187,4,11,111,4,6,8,213,117,67,37,4,7,49fcb417-ec0a-4365-9258-3f0c48e04ce9,0.105674098726013,5.08631364946642
262,35300,Mount Isa,43715.1975,3,Queensland,1809,250,4358,6416,2.6,1752,221,1541,637,263,86,4498,3.1,4483,2310,5309,36.9,48.7,3.4,7.4,3.5,2,59.5,21.2,6.4,11.7,1.2,7.1,13.9,4832,1004,265,270,45,6416,1052,1910,2915,257,286,16.4,29.8,45.4,4,4.5,297,4219,1403,486,230,270,1536,1496,114,2177,387,78.3,6,74.7,13.3,5,6,4,2,7,7,7,4,27.8,27.1,29.8,15.3,6255,3,30.9,4130,100,,,23,,6522,710,66,55,109,72,64,467,8080,111,45,7332,213,909,69,9378,470,2100,2390,774,407,8a085870-acf1-4c11-a9e1-df11b7f7066a,3.77265704670208,11.8775145672102
263,35600,Murweh,40699.7586,3,Queensland,541,45,949,1528,2.2,285,56,456,98,57,12,965,2.8,1170,351,1120,46,34.8,7.4,8.1,3.8,1.9,65.7,15.3,5.2,13,0.6,10.4,18.6,1409,29,51,17,22,1528,588,384,447,83,25,38.5,25.1,29.3,5.4,1.6,34,1197,196,19,44,170,867,276,34,325,54,71.9,8.9,72.7,12.1,3,4,5,2,5,6,7,4,43.1,23.6,21.1,12.3,1520,2,33,352,150,,,,,1100,89,,28,5,12,26,172,1440,6,,1197,229,162,28,1869,92,567,495,209,128,65c49391-9685-4783-b709-17b2491ac783,3.67537720277187,13.4718633256247
264,35670,Napranum,2004.3468,3,Queensland,39,,163,199,3.7,70,13,27,38,21,19,180,3.7,28,175,306,12.5,84.2,2.2,1.9,0.5,2.4,41,13.2,12.4,31.7,2.2,6.2,4.1,155,8,32,,3,199,,,185,,12,,,93,,6,48,72,62,14,164,121,,,,63,37,,,34.1,20,1,1,1,1,2,2,2,2,95.2,4.2,2.6,0,189,1,29.4,24,110,,,,3,68,19,,,,,6,20,118,,3,90,4,6,11,137,87,58,38,7,,7c34644b-68a7-465b-b4e5-7a7d99abc4ad,0.166662847748398,6.14758487097349
265,35740,Noosa,869.8657,3,Queensland,5328,799,15722,21847,2.4,4436,1073,8272,1313,882,118,16091,2.7,21650,5273,15831,50.8,28.2,5.9,12,3.1,1.8,71.1,16.6,5.1,6.6,0.5,12.1,17,17361,2615,1696,72,97,21847,9555,6804,4556,590,346,43.7,31.1,20.9,2.7,1.6,431,17768,2711,175,30,470,1900,4645,1136,2013,2074,68.3,16.7,44.2,45.5,9,9,8,9,10,10,10,10,22.5,31.6,26.3,19.6,21744,4,24.3,8006,120,13,,184,3,13850,960,23,173,199,196,161,649,16418,187,282,14975,4633,2853,160,24250,769,7554,8584,2939,1679,73fffbea-8a42-43ac-89af-6432095a9cba,0.0786381953955697,1.68510644337769
266,35760,North Burnett,19669.8489,3,Queensland,1227,143,2525,3903,2.2,659,169,1344,227,122,45,2566,2.7,3423,807,2874,48.4,29.4,7.1,11,4.1,1.9,68.6,13.9,5.2,11.7,0.6,12.9,22.5,3656,63,64,95,25,3903,1779,888,923,186,128,45.6,22.8,23.6,4.8,3.3,127,3017,521,59,57,200,1000,601,126,584,216,67.7,14.2,63.3,23.4,2,2,2,3,3,3,3,4,46,25.4,18.9,9.6,3876,1,29.5,855,120,,,42,,2336,290,,58,14,15,50,330,3135,40,61,2669,650,338,82,4250,176,1280,1317,578,425,b52909eb-d00c-499a-b40b-ffc72fa05fe4,1.76403837401585,9.17933290732783
267,35780,Northern Peninsula Area,1052.0676,3,Queensland,138,7,532,678,3.5,235,29,103,179,39,19,602,3.6,250,464,803,19.8,72.2,2.6,2.9,2.3,2.4,49.9,21.2,13.7,13.4,1.7,8.7,10.1,530,78,18,37,22,678,18,3,614,16,33,2.7,0.4,90.6,2.4,4.9,154,273,196,46,144,120,1300,,,446,51,,,72.6,8.3,1,1,1,1,3,3,3,3,80.6,8.2,9.3,2.5,669,1,38.9,129,333,,,16,,393,127,,6,,3,18,151,718,20,19,539,16,39,49,837,152,266,156,39,30,49cd8815-ac71-46f5-aa1e-e22aafdd1f7b,0.0870274207019293,2.59289547551772
268,35790,Palm Island,71.9928,3,Queensland,105,18,375,491,3.7,130,28,76,139,46,32,450,3.7,82,367,813,9.2,85,2.1,1.5,2.1,2.5,58,21.3,10.2,8.5,1.4,11.1,4.7,427,3,40,17,3,491,7,,454,16,12,1.4,,92.5,3.3,2.4,132,206,122,140,676,125,2167,,,354,51,,,78,11.2,1,1,1,1,2,2,2,2,91.6,2.5,4.7,0.8,487,1,13,73,175,,,16,,117,42,,,,,4,111,294,6,13,171,,10,23,339,235,172,57,11,3,97213065-d474-4367-a31c-99f874aa6e86,0.00616733646120338,0.950335587669453
269,35800,Paroo,47614.9225,3,Queensland,258,23,416,694,2.2,119,16,188,63,27,14,425,2.9,449,183,536,39.8,41,5.3,9.5,4.5,2,70.2,15.1,5.9,7.7,1.1,9.8,24.8,628,28,,30,5,694,296,85,241,52,21,42.7,12.2,34.7,7.5,3,29,465,158,11,54,125,679,54,10,171,35,63.5,11.8,71,14.5,1,2,4,1,3,3,6,3,56,22.3,14.8,6.3,696,1,40.7,98,130,,,,,378,27,,7,10,4,8,68,497,7,,408,111,30,11,648,86,259,199,69,62,b7fe02c4-e747-49ca-88c1-53a2f6ab3cae,4.37126207581036,11.0151785186528
270,36070,Pormpuraaw,4395.3654,3,Queensland,21,,128,153,3.4,45,3,38,29,17,16,145,3.3,44,135,230,11,84.5,2.5,2.3,1.7,2,47.3,8.7,27.6,16.1,0.8,20.6,6.6,131,14,3,,3,153,9,,124,16,6,5.9,,81,10.5,3.9,44,81,30,39,534,120,,,,91,4,,,73.4,3.2,1,1,1,1,2,2,1,1,82.9,4.1,8.2,4.8,146,1,41.1,,,,,,,34,12,,,,,,87,141,4,,50,,,,144,79,39,17,9,3,b5316c41-96f9-420e-8f14-fcb448e2cbda,0.368885937865571,3.04300908682048
271,36150,Quilpie,67414.6563,3,Queensland,99,6,173,279,2.4,65,12,82,13,,,175,3,214,91,159,46.5,37,5.5,10.6,1.8,2,69.1,18.1,5.5,7.3,0.9,8.4,31.3,249,,15,6,13,279,102,58,82,26,13,36.6,20.8,29.4,9.3,4.7,4,207,31,,,140,850,39,6,53,7,67.2,10.3,64.6,8.5,7,7,6,5,9,9,8,7,35.8,27,24.1,13.9,274,3,45.8,64,193,,,,,202,8,,9,,4,12,55,289,5,,215,70,22,5,389,7,87,96,45,35,20e75abc-88f6-4eac-bd83-5be092273490,6.09599816746368,14.345914353119
272,36250,Redland,537.1672,3,Queensland,12889,1410,44457,58756,2.6,15514,3939,18714,4436,2634,524,45763,2.9,61786,13356,46370,50.5,30.3,5.5,10.3,3.4,1.8,67.2,20.2,7.2,4.6,0.7,12.8,13.5,49276,6680,2559,170,73,58756,19810,23436,13437,1325,755,33.7,39.9,22.9,2.3,1.3,824,48963,6504,234,15,420,1950,18100,2773,7258,4895,77.2,11.8,54,36.4,8,8,8,10,10,10,10,10,23.5,25.9,25.7,24.9,58539,4,10.2,26425,103,780,4,659,103,47296,2805,101,677,438,200,375,833,54271,1884,3043,51740,11668,8688,290,76809,2654,18344,23293,8707,5106,056b87ec-af92-4a4a-87ee-9f8371f4e367,0.0490885429785521,3.33111129056318
273,36300,Richmond,26580.748,3,Queensland,61,4,176,243,2.6,61,13,84,16,4,,179,3,224,79,142,51.7,33.9,5.6,6,2,2,57.8,15.7,5.6,19.5,0.7,8.3,23.5,209,,,,29,243,88,52,57,32,9,36.2,21.4,23.5,13.2,3.7,4,165,36,3,33,133,800,35,7,43,,67.3,13.5,75.4,,8,7,4,8,9,9,7,9,29.6,27.6,29.2,11.9,243,3,45.2,82,125,,,,,209,11,,3,5,3,5,51,281,4,,222,91,25,12,410,7,65,84,39,37,1d4bed06-6852-488b-945c-512589d8a68c,2.30237516385932,8.27803831011702
274,36370,Rockhampton,6570.2667,3,Queensland,8368,1021,20523,29911,2.5,6876,1435,7951,2933,1429,401,21022,3,24054,7135,25240,42.1,38.4,5.7,9.8,4,1.9,63.5,19.3,7.3,8.9,1.1,12.1,13.6,26363,1987,1348,135,72,29911,8869,10454,9613,482,503,29.7,35,32.1,1.6,1.7,875,22927,4401,447,55,280,1400,7918,810,5834,2640,75.7,7.7,60.7,27.5,3,3,3,4,5,5,6,5,34.4,26.7,23,15.9,29715,2,17,11521,100,4,,350,6,25706,2399,147,320,190,172,169,897,30367,378,475,28462,1733,4336,162,36979,1962,10734,10839,3835,2040,0e88859f-0c7f-453f-901b-cbbab4635829,0.580561725972757,5.45471938902496
275,36510,Scenic Rim,4243.0014,3,Queensland,3440,384,11597,15430,2.6,3608,952,5546,1115,686,127,12031,2.9,16159,3643,11806,50.4,29.7,5.4,10.5,4,1.9,67.4,17.8,6,8.1,0.6,13.7,16.7,14212,938,51,187,45,15430,5903,5668,3261,324,273,38.3,36.7,21.1,2.1,1.8,367,12321,2042,86,20,315,1733,4050,790,1586,1338,71.5,13.9,48.6,41,6,6,6,9,8,8,9,10,28.5,27.4,25.6,18.5,15351,3,16.9,5559,100,19,,42,3,11494,704,11,319,91,36,122,549,13378,167,136,12355,2929,2106,195,18769,416,4436,5837,2591,1904,c53d5d27-1489-46c5-bb12-89a8aa1bbe04,0.389473816302598,3.88535382767872
276,36580,Somerset,5373.4335,3,Queensland,2089,283,6692,9066,2.6,2039,526,3155,704,420,85,6932,2.9,9050,2105,7226,49.3,30.1,5.4,10.8,4.4,1.9,67.9,17.6,6,7.7,0.7,14.1,14.6,8778,154,19,99,19,9066,3465,3337,1876,183,206,38.2,36.8,20.7,2,2.3,250,7190,1139,52,21,300,1500,2392,458,998,655,71.7,13.7,53.2,34.9,3,3,2,7,5,4,4,8,32,28,26.5,13.5,9011,1,18.3,3106,130,14,,46,,6441,527,8,189,53,20,77,274,7646,112,116,7078,1282,1108,105,10248,220,2568,3426,1605,1045,7097f450-f47b-41dc-99cf-dc191fb8183c,0.488635896253982,5.4590014146574
277,36630,South Burnett,8381.558,3,Queensland,3828,440,8419,12685,2.3,2120,603,4252,938,540,153,8604,2.8,10957,2637,9988,46.4,30.6,7,11.5,4.5,1.9,69.5,14.5,5.3,10,0.7,14.3,16.7,11722,267,517,144,48,12685,5477,3472,3169,268,294,43.2,27.4,25,2.1,2.3,383,9891,1821,119,36,245,1083,2561,396,1855,967,73.8,11.4,58.5,30.5,2,2,2,3,3,3,3,5,44.3,26.8,19.4,9.5,12607,1,21.7,4314,86,,,100,6,7956,710,16,136,61,55,76,534,9653,101,128,8751,1161,1148,122,12182,599,4436,4478,1859,1041,1b9ff203-0b17-4925-aa5e-a9300ef199a2,0.758235855672183,6.10229112532057
278,36660,Southern Downs,7106.436,3,Queensland,4122,331,9579,14031,2.3,2498,717,4861,1030,554,125,9792,2.8,12930,2847,10488,48.9,29.7,7.1,10.5,3.7,1.9,69.2,15.5,6.2,8.5,0.7,13.7,19.3,12807,889,158,110,67,14031,5884,3988,3538,347,275,41.9,28.4,25.2,2.5,2,340,11392,1691,118,33,255,1300,2931,530,1914,1227,73.5,13.3,54.1,34.7,3,3,2,4,4,4,5,6,39,28.4,21.5,11.1,13962,1,20,4203,100,4,,35,,9716,849,37,217,61,55,102,636,11713,90,50,10649,1517,1512,145,14978,691,4774,5014,1990,1264,0cb36693-786f-4c64-ac62-b5218238ecc9,0.654377807020865,5.63354831160246
279,36720,Sunshine Coast,2253.8522,3,Queensland,30061,5021,92845,127927,2.5,30508,6498,42757,9481,5117,1051,95412,2.9,124491,31466,99023,48.6,31.7,5.4,10.9,3.4,1.8,68,19.6,5.9,5.9,0.6,11.8,15.7,93500,16635,16371,1055,362,127927,43429,44168,34900,3673,1760,33.9,34.5,27.3,2.9,1.4,2568,102326,17294,1205,35,440,1915,32051,6076,17850,13648,72.6,13.8,51.1,39.1,8,8,8,9,10,10,10,10,23.2,29.3,25.5,22,127385,4,14.5,52439,116,302,,1130,28,100330,6219,184,1265,730,1190,1013,3171,115550,1483,2087,107865,23356,19112,782,160291,4972,44461,50224,16867,9715,71286f91-8992-451c-afa9-0302236a6248,0.204399651938729,3.41018304369679
280,36820,Tablelands,11292.8695,3,Queensland,2923,318,6750,9986,2.3,1719,459,3479,745,392,102,6897,2.8,8628,2353,7568,45.7,32.2,6.6,11.7,3.6,1.9,67.4,14.7,6.1,11,0.7,13,19.6,9073,339,301,194,82,9986,4468,2583,2419,251,263,44.7,25.9,24.2,2.5,2.6,344,7433,1656,137,49,260,1352,1828,350,1301,784,70.8,13.6,53.8,32.4,4,3,4,4,6,5,7,5,37.9,28.9,21.4,11.8,9911,2,24.8,3656,80,,,147,5,6454,602,4,109,65,31,102,513,8038,91,170,7146,1175,1189,111,10605,407,3430,3747,1396,758,2f696434-9aa3-4aa2-a6f2-e2e3ac82d97c,0.963072478791673,7.14020973618297
281,36910,Toowoomba,12957.2103,3,Queensland,17717,2019,44912,64650,2.5,14959,2893,19643,5221,2424,716,45859,2.9,60155,12900,50621,48.2,33.3,5.8,9.1,3.6,1.9,67,19.1,6.7,6.2,1,12.7,16.6,53465,8420,2388,253,131,64650,21075,20738,20577,1330,934,32.6,32.1,31.8,2.1,1.4,1583,52319,8039,878,51,300,1517,16209,1956,12454,6223,78.2,9.4,60.5,30.2,6,6,7,6,7,7,9,8,30.5,26.9,23.5,19.1,64381,3,13.1,26044,117,11,4,226,9,54859,4441,335,710,403,420,413,2188,64028,689,400,59935,6676,7745,379,79508,3460,22655,24200,8514,4947,ca6e9b5a-228e-41d3-8a01-c91377e4f250,1.18424321537054,8.18088018188878
282,36950,Torres,883.7402,3,Queensland,242,33,674,950,3.1,286,48,187,161,48,23,760,3.4,499,514,1071,26.2,62,3.1,5.9,2.9,2.3,62.3,19.7,6.7,9.6,1.5,8.7,12.8,565,250,83,29,18,950,101,44,667,99,38,10.6,4.6,70.2,10.4,4,145,431,249,80,214,200,1791,25,4,421,70,56.8,9.1,63.1,10.5,2,4,8,1,3,6,10,3,48,20.6,21.5,9.6,939,2,30.9,283,200,,,6,38,549,163,16,11,8,28,55,365,1233,67,96,752,60,119,36,1520,245,386,177,57,35,4346a38b-ccfa-4b32-8298-f2c65204537f,0.0730400735830017,7.55309487637546
283,36960,Torres Strait Island,490.0453,3,Queensland,215,8,791,1013,3.5,347,62,153,278,92,20,954,3.5,469,651,1252,22.4,69.3,4.5,2.1,1.6,2.2,56.3,19.7,13.1,7.3,3.2,12.4,17.7,955,32,5,5,16,1013,63,3,906,28,18,6.2,0.3,89.4,2.8,1.8,123,627,205,118,300,130,,3,,677,99,100,,74.7,10.9,1,1,2,1,2,2,3,2,88.7,5.7,4.8,1.4,1010,1,25.1,110,315,,,12,,254,102,,5,,8,44,464,893,39,19,400,21,37,21,1015,536,335,98,24,6,f9ca0f58-d33a-45d0-a805-f370499586a3,0.0403936222675156,2.78274637559339
284,37010,Townsville,3730.8199,3,Queensland,18235,3087,48562,69892,2.5,16617,3148,19835,6521,2774,888,49777,2.9,56070,20194,57835,40.7,41.7,4.2,9.5,3.9,1.9,64.2,19.1,6.7,9,1,11.2,13.3,56674,7654,4905,467,193,69892,17274,24981,25586,1037,1009,24.7,35.7,36.6,1.5,1.4,1756,54814,9705,900,46,305,1517,19205,2191,16443,6508,76.9,8.8,64.3,25.4,6,7,7,5,8,8,9,8,26.8,27.7,25.3,20.2,69540,3,16.6,36860,100,12,3,820,51,66345,5042,251,619,902,921,831,2065,77860,1164,1333,72442,4789,9816,353,93989,3692,24071,27504,9075,4508,d96c5b19-4341-44c5-9730-7bc18e13d3bc,0.320845653763399,4.91912931518255
285,37300,Weipa,10.4643,3,Queensland,240,50,945,1233,2.9,474,51,344,74,23,7,977,3.2,989,670,810,39.1,50.2,1.3,6.4,3,2,55.4,25.5,4.4,13.9,0.8,5.8,15.4,779,383,23,36,11,1233,126,288,723,73,35,10.2,23.4,58.6,5.9,2.8,58,784,292,12,26,500,2063,214,19,529,76,74.3,6.6,73.2,10.5,10,9,6,8,10,10,8,9,12.3,33.2,34.3,20,1227,4,33.6,635,120,,,30,24,1396,128,9,5,11,45,18,104,1762,68,111,1566,62,356,28,2271,29,307,551,218,99,9c227849-c606-4b62-8a29-23b1218746a4,0.000870677921852803,0.31902839797233
286,37310,Western Downs,37922.5007,3,Queensland,3238,371,8291,11901,2.5,2836,521,3538,962,453,140,8446,3,10498,2856,8882,46.2,35,5.6,8.8,4.3,2,63.1,19.3,5.6,11.1,1,11.4,19.5,10732,887,101,125,55,11901,4033,3273,3815,544,234,33.9,27.5,32.1,4.6,2,311,9367,1523,121,34,240,1300,2412,295,2533,773,73.7,9,66.4,20.3,3,3,3,4,5,5,6,6,38.3,24.1,23.7,14,11841,2,26.7,3412,152,3,,195,6,9321,826,13,196,72,83,124,782,11626,143,240,10275,1887,1309,133,15105,520,3817,4273,1903,1162,13da82cb-306c-41e7-b67b-8a78cee28fdc,3.44363935808769,12.7234391625724
287,37340,Whitsunday,23818.9729,3,Queensland,3465,571,8574,12614,2.4,2759,518,4091,904,388,111,8768,2.8,10234,3885,9375,41.7,39.7,4.4,10.3,3.8,1.9,64.9,16.9,4.8,12.7,0.7,9,13.5,9806,1122,1167,336,183,12614,4020,3823,4271,238,264,31.9,30.3,33.9,1.9,2.1,419,9414,2079,198,46,300,1612,2600,489,2488,1265,68,12.8,58.3,29.6,5,4,2,5,7,6,5,7,33.5,30.6,23.8,12.2,12520,2,30.6,6209,70,4,,426,103,10315,1069,44,138,114,130,385,1469,14188,303,731,11645,1263,2086,122,17965,702,4438,4690,1640,873,941f6e8f-42cc-4e20-a162-bb6e2526e4d6,2.06523337805788,15.7387996219132
288,37400,Winton,53813.4826,3,Queensland,167,11,254,438,2.1,77,15,132,21,3,,256,2.8,314,115,277,46.3,32.9,6.6,10,4.1,1.9,61.6,15.3,4.1,17.6,1.1,7.5,28.3,374,3,9,20,26,438,181,90,113,30,27,41.3,20.5,25.8,6.8,6.2,5,291,79,11,63,150,863,68,4,77,13,75.6,4.4,68.1,11.5,7,6,5,4,8,8,8,6,44,24.8,20.1,10.8,427,3,51.5,115,125,,,,,309,12,,5,,7,4,70,417,,,330,100,36,,559,27,153,123,53,51,4d718f61-0f4d-42bc-9b8d-d9768c610e2e,4.72431609857813,12.7330054207447
289,37550,Woorabinda,390.5578,3,Queensland,69,5,198,273,3.3,42,5,25,120,31,12,232,3.5,44,94,438,11.2,82.2,2.9,1.5,1.5,2.3,54.9,23.5,11.8,8,0.8,10.4,5.7,213,10,44,,,273,,,265,7,3,,,97.1,2.6,1.1,54,109,108,39,387,120,,,,179,49,,,67.5,18.5,1,1,1,1,1,1,2,1,88.1,6.1,2.9,0,277,1,13,22,273,,,,,86,11,,3,,,,78,182,4,,104,,7,3,194,125,105,26,16,3,2d997d72-a04c-4bbf-ba77-d3c0ad43a916,0.0346414598720912,1.73962333887361
290,37570,Wujal Wujal,11.842,3,Queensland,17,,60,79,3.2,26,5,7,12,15,5,70,3.4,13,62,118,8.5,86.4,2,2.5,,1.9,51.3,30.7,9.5,4,,9,5,63,10,,,,79,,,73,5,9,,,92.4,6.3,11.4,24,27,24,11,394,70,,,,52,,,,71.2,,1,1,1,1,1,1,2,1,84.8,3.8,7.6,0,79,1,16.1,,,,,,,16,4,,,,,,16,39,,,24,,,3,44,32,29,5,3,,93620799-1e92-4b3a-aeb5-ae0e1d99112e,0.000999650093035598,0.257410402132843
291,37600,Yarrabah,158.8381,3,Queensland,54,9,417,486,4.5,169,57,71,190,59,20,567,3.8,252,333,1045,16.8,77.3,2.7,1.1,2.1,2.5,46,23,19.3,4.7,7.5,19.6,7.1,345,27,56,55,,486,51,3,382,28,17,10.5,0.6,78.6,5.8,3.5,207,146,121,375,1504,150,1392,3,,318,30,100,,83.2,7.9,1,1,1,1,1,1,1,2,88,6.6,2.9,2.1,484,1,8.4,141,490,,,6,,232,56,,,,3,,53,353,7,8,298,11,15,19,398,135,165,119,27,25,9f347d8e-91ce-41f4-af88-e21f49277f51,0.0134779318013898,0.983645238666729
292,39499,No usual address (Qld),,3,Queensland,,,,,,,,,,,,,,,,,,,,,,,,,,,,,,,,,,,,,,,,,,,,,,,,,,,,,,,,,,,,,,,,,,,,,,,,,,,,,,,,,,,,,,,,,,,,,,,,,,,,,,,ef537fee-b5bb-4201-892c-e5b27477c94a,,
293,39799,Migratory - Offshore - Shipping (Qld),,3,Queensland,,,,,,,,,,,,,,,,,,,,,,,,,,,,,,,,,,,,,,,,,,,,,,,,,,,,,,,,,,,,,,,,,,,,,,,,,,,,,,,,,,,,,,,,,,,,,,,,,,,,,,,a9a55bb3-5c69-4361-bfd9-7470ed98dee3,,
294,40070,Adelaide,15.5733,4,South Australia,4936,1376,4802,11116,1.8,836,137,3114,386,154,191,4821,2.4,5032,3002,10221,26.2,59.5,3.1,8.5,2.6,1.5,79.5,7.2,4.4,8.6,0.2,7.9,19,968,3631,6322,66,120,11116,2399,1729,6618,243,135,21.6,15.6,59.5,2.2,1.2,447,6084,4251,398,137,400,1733,1261,303,3429,2816,72.9,17.5,51.8,42.6,7,9,10,1,7,10,10,1,29.4,27,31.1,12.5,11072,4,25,3718,245,60,267,1047,,3958,416,116,11,91,354,88,3040,9441,293,1600,4511,1637,1220,51,12644,3421,5409,1717,268,137,045f17d5-4df8-4d6d-9b98-a9ae1f326724,0.00153618445528991,0.157649995122564
295,40120,Adelaide Hills,794.4957,4,South Australia,2791,229,11513,14537,2.7,4465,1031,4936,765,445,86,11729,3,17018,3471,10086,55.2,30.2,4,8.4,2.2,1.9,64.6,21.2,8.9,4.4,1,14.8,26.9,13939,364,178,24,30,14537,5898,6628,1547,313,135,40.6,45.6,10.6,2.2,0.9,194,11803,1812,27,7,350,1860,5161,739,895,489,77.9,11.1,57.9,31.6,10,10,9,10,10,10,9,10,13.4,23.3,26.5,36.8,14515,4,10.8,6833,200,4,,427,,13066,724,9,124,68,60,86,414,14986,320,627,14092,3164,2462,113,21047,242,3407,6249,2637,1872,05dcb0e4-ecc6-4663-9923-c07210f13d6c,0.0783482662800452,1.88177250318661
296,40150,Adelaide Plains,932.4913,4,South Australia,686,116,2586,3391,2.7,948,307,1050,211,141,35,2690,3,3427,1055,2747,47.6,36.2,3.8,9.1,3.3,1.9,64.2,19.9,7.8,7.1,1,13.6,14.4,3326,12,11,27,10,3391,996,1906,363,66,54,29.4,56.2,10.7,1.9,1.6,84,2741,375,16,17,295,1517,1334,262,209,104,70,13.7,57.6,28.7,6,5,2,9,6,5,3,10,22.5,26.2,34.5,16.8,3373,2,15.9,1394,100,,,76,,3440,180,,90,17,4,28,88,3925,59,116,3671,384,436,42,4851,73,667,1259,716,631,a1d22165-cae2-414f-b243-287d437fad4d,0.0915082036667627,1.61025457161645
297,40220,Alexandrina,1826.8067,4,South Australia,3339,239,8148,11724,2.3,2015,589,4579,615,400,80,8277,2.7,11492,2550,7898,52.5,26.1,6.5,11.5,3.3,1.8,71.3,14.4,7.9,5.5,0.8,14.9,22.5,10918,535,125,112,39,11724,5193,3823,2089,460,164,44.3,32.6,17.8,3.9,1.4,167,9857,1198,61,22,280,1400,2763,558,1026,875,72.3,14.6,49.1,41.9,6,5,5,8,6,6,5,8,30.5,33.6,23.2,12.8,11695,2,30.3,3283,150,7,,68,,7424,397,3,101,29,38,86,338,8501,119,134,7932,1368,1368,103,11456,389,4049,4298,1720,1114,74d92964-412c-4cd6-b2d4-3c9e36fcd839,0.181147802402393,2.18138773700741
298,40250,Anangu Pitjantjatjara Yunkunytjatjara,102348.117,4,South Australia,90,15,411,514,4,205,34,139,117,42,33,577,3.4,594,165,846,49,35.5,5.9,3,6.5,1.9,31.4,15.2,33.6,11.5,8.7,18.9,5.9,469,42,,4,,514,13,,388,95,23,2.5,,75.5,18.5,4.5,192,195,105,298,1228,85,,,,242,12,,,62.4,3.1,1,1,2,1,1,1,2,1,74.5,10.1,13.5,0.6,495,1,36.4,43,233,,,8,,132,63,,,,,6,264,463,9,8,200,7,7,28,518,199,181,75,17,9,52051fc7-bddb-4e95-9e10-3b227148cd96,9.30752987651817,15.1382544305592
299,40310,Barossa,893.5424,4,South Australia,2513,162,7065,9739,2.4,2298,606,3331,597,295,49,7176,2.9,10059,2180,6601,53,29.2,5.9,8.9,3,1.9,67.5,19.3,7.7,4.6,0.7,13.4,22.6,9077,491,84,60,20,9739,3648,3956,1663,349,121,37.5,40.6,17.1,3.6,1.2,144,8129,1028,38,15,295,1458,3118,387,984,537,78.8,9.8,59.2,32.3,8,7,6,9,8,7,7,9,25.9,28.3,26.3,19.4,9713,3,12.1,3484,120,,,54,,8495,413,14,93,31,55,75,337,9573,111,102,9013,1187,1305,87,12267,276,2882,3714,1582,1170,3825c276-0c85-400f-8f44-95f08bad810b,0.0878313688790513,2.06210135062563
300,40430,Barunga West,1590.3887,4,South Australia,387,20,710,1118,2.1,169,45,426,45,26,4,714,2.6,1072,170,683,54.7,20.8,9.4,11.6,3.6,1.9,71.5,13.5,5.8,8.4,0.7,13.6,30,1045,44,9,11,4,1118,619,215,188,67,22,55.4,19.2,16.8,6,2,13,960,100,10,38,208,1042,159,35,94,61,74,16.3,50,32.4,3,4,6,4,4,5,6,5,46.4,25.9,18.1,9.9,1106,2,42.7,251,122,,,,,522,15,,10,,5,26,97,670,5,,542,133,100,7,913,48,385,386,166,109,121dfbcf-417a-42a1-b80c-9b2e362b3b84,0.154838871364973,2.48919726084455
301,40520,Berri Barmera,476.1962,4,South Australia,1381,110,2809,4301,2.3,721,211,1334,334,230,34,2856,2.8,3421,1011,3463,43.7,35.1,7.4,9.8,3.9,1.8,71,15.5,6.6,6.4,0.6,13.7,18.9,3682,490,83,41,3,4301,1520,1309,1258,119,105,35.3,30.4,29.2,2.8,2.4,98,3468,545,75,71,210,1083,1035,121,780,344,79.1,9.2,62,27.3,2,2,2,2,2,2,2,2,42.6,27.3,19.8,10.4,4271,1,18.7,1236,110,,,65,,3325,197,,26,17,10,37,190,3871,17,66,3546,301,362,27,4580,293,1444,1446,646,387,b8241d5a-c551-4dc8-a5d6-6e0c9f2ae781,0.0466131056118684,1.98721576291435
302,40700,Burnside,27.5183,4,South Australia,4762,430,12506,17704,2.5,5231,885,5001,964,480,141,12710,3,19377,2499,13889,54.4,30.1,5.9,7.6,1.9,1.8,68.5,20.6,7.9,2.4,0.5,14.1,21.7,11840,3900,1911,15,37,17704,7585,5567,3825,601,125,42.8,31.4,21.6,3.4,0.7,384,13745,2999,37,8,360,2300,4150,806,2394,1149,74.5,14.5,62.6,30,10,10,10,10,10,10,10,10,15.1,23.1,24.6,37.2,17668,4,10,8794,250,10,7,1044,,12882,1035,53,40,75,508,101,488,16242,312,1255,14188,3474,2216,55,22310,997,6489,6956,2085,1059,b771bb5f-e5b6-4888-ba3b-2c50ac112dcd,0.00271523046103539,0.32682402765221
303,40910,Campbelltown (SA),24.3485,4,South Australia,5734,704,14896,21332,2.5,5557,1380,5662,1394,951,258,15194,2.9,21574,3296,18370,50.3,32.5,6.5,8,2.6,1.7,69.6,19.7,6.7,3.5,0.6,13,15.2,15664,3638,1987,3,37,21332,7720,7072,5699,594,249,36.2,33.2,26.7,2.8,1.2,526,16772,3308,106,20,345,1733,5501,921,3482,1756,77.8,13,61.1,30.8,8,9,9,6,8,9,9,7,25.4,25.3,22.7,26.6,21257,4,8.6,8786,120,9,9,1893,,17131,1270,85,106,80,188,142,224,21149,557,2339,18891,2854,2645,84,27289,1586,8090,7832,2302,1309,ae6b56e5-6574-46bd-943c-d7ced2749ad9,0.00240094789569412,0.272299796403441
304,41010,Ceduna,5420.3435,4,South Australia,393,33,905,1328,2.4,281,62,406,116,43,18,926,2.9,968,495,984,40.7,42.8,6.1,8,2.4,1.9,63.4,17,9.4,9.3,0.9,10.8,23.7,1226,42,24,31,6,1328,438,329,496,36,31,33,24.8,37.3,2.7,2.3,47,999,192,56,150,200,1247,239,24,305,93,72.6,7.3,61.5,18.8,3,4,4,2,3,4,5,2,42.1,23.9,23.7,10.3,1315,2,31.3,253,150,,,8,,1075,82,,12,,6,12,111,1311,14,12,1168,126,118,21,1586,100,392,470,188,116,9912d359-46db-47cd-ba60-93774769ccac,0.51788393656625,5.99471690294971
305,41060,Charles Sturt,54.7876,4,South Australia,14831,1976,32427,49233,2.4,10741,2790,13228,3126,2448,703,33030,2.9,42269,10448,43070,44.2,37.3,6,9.4,3.1,1.7,71.4,17.2,6.8,4,0.6,13.2,13.9,32241,11614,5166,102,114,49233,15962,16088,15596,989,593,32.4,32.7,31.7,2,1.2,1386,37341,8623,468,39,325,1733,12464,2004,9652,4593,77.5,12.5,61.9,29.4,7,8,8,4,7,8,9,5,28.8,27,22.7,21.5,49071,3,10.5,20222,120,809,421,1966,8,38775,2680,215,227,253,772,345,868,47348,1370,4253,42502,5986,6402,233,61344,4055,19088,17474,5321,2728,dca8fb15-e3a5-4791-b72b-1c39476c158a,0.00540283953932885,0.437964794847391
306,41140,Clare and Gilbert Valleys,1892.4466,4,South Australia,1118,82,2507,3709,2.3,707,168,1328,218,101,15,2537,2.8,3477,829,2417,51.3,28.6,6.8,10.1,3.1,1.9,68.8,16.2,7.2,6.8,0.9,12.2,29.5,3497,168,,23,14,3709,1556,1242,753,112,48,42,33.5,20.3,3,1.3,51,3129,375,9,10,240,1207,969,111,486,180,78,8.9,64.5,23.9,7,6,7,7,7,7,7,8,30.7,27.8,25.8,15.6,3706,3,20.9,1231,170,,,19,,2807,161,,29,10,10,37,268,3339,36,25,2996,493,439,30,4337,131,1128,1461,567,381,99ecf841-c881-4e7d-90c8-1ef616658c78,0.184682405205422,2.38458581293104
307,41190,Cleve,5018.8483,4,South Australia,210,9,451,675,2.3,154,24,224,27,13,5,452,2.9,662,127,392,54.9,25.7,7.3,9.6,2.7,2,61.8,20,8.3,9.2,0.7,13.2,37.7,649,17,,4,,675,347,165,112,41,8,51.4,24.4,16.6,6.1,1.2,5,555,78,,,165,877,123,20,76,19,74.5,12.1,67.9,17,6,6,6,6,6,6,6,7,36.9,25.6,24.4,12.3,675,3,31.5,152,150,,,3,,463,16,,3,,,14,89,590,6,8,481,158,64,12,831,32,188,252,115,85,781b97ab-3040-42d4-89cf-334579b0ae8f,0.48780246023307,2.81091272056736
308,41330,Coober Pedy,77.6795,4,South Australia,360,25,285,674,1.8,74,15,137,29,21,11,289,2.8,281,149,609,33.9,39.7,6.8,15.1,4.3,1.8,66.9,8.5,3.1,22,,7.5,15.1,592,13,41,22,4,674,279,93,221,38,51,41.4,13.8,32.8,5.6,7.6,23,454,144,6,28,163,630,67,3,144,39,72,3.2,65.2,17.6,1,1,1,1,1,1,1,1,59.2,23.4,15.4,2.2,650,1,56.2,103,164,,,6,,326,38,,3,9,,5,54,445,3,6,369,27,46,10,528,69,281,193,62,31,6a09871c-5602-4c42-bd8c-470c564e16ae,0.00719376099527835,0.34515033537909
309,41560,Copper Coast,772.9149,4,South Australia,1952,152,4159,6267,2.2,871,261,2384,422,227,60,4225,2.6,5536,1295,4373,49.9,27.1,8.5,11.5,3.1,1.8,71.9,13,6.6,7.8,0.7,13.6,20,5779,393,24,52,15,6267,2815,1671,1488,169,126,44.9,26.7,23.7,2.7,2,89,5346,585,26,17,250,1177,1171,237,830,509,70.1,14.2,55.8,34.2,2,2,1,3,3,2,2,3,43.9,29.9,18.4,7.8,6240,1,32.5,1682,100,,,22,,3629,228,7,60,7,22,49,193,4222,40,22,3896,388,639,59,5346,294,2294,2358,754,449,e3f50e7e-4c71-451b-a78c-488dfbcfb2fe,0.0754100448889403,1.49367115683949
310,41750,Elliston,6741.9317,4,South Australia,129,5,241,380,2.3,87,12,127,19,6,3,246,2.9,327,95,225,51.4,32.3,5.3,9,2.7,2.1,65.2,19.1,6.9,8.6,0.6,14.1,36.9,366,,,6,,380,200,85,64,21,15,52.6,22.4,16.8,5.5,3.9,4,292,56,7,61,150,953,60,15,47,8,70.6,17.6,73.4,12.5,4,5,8,4,5,6,8,4,39,25.4,24.9,10.5,382,2,55.6,82,245,,,,,222,10,,3,,,7,50,295,,,234,102,41,3,451,8,99,159,51,42,0fec0a28-fbb2-488e-874d-9fdf25381758,0.654615674256547,5.09832915935551
311,41830,Flinders Ranges,4070.4827,4,South Australia,247,15,414,671,2.1,98,27,218,41,20,3,416,2.7,507,139,473,44.8,30.7,8.3,11.7,4.2,1.8,69.6,12.4,7,10.8,0.6,13.8,28.4,618,26,13,12,3,671,296,190,149,22,19,44.1,28.3,22.2,3.3,2.8,13,545,78,4,22,175,873,128,34,95,28,67.4,17.9,63.8,18.8,3,2,3,3,3,3,3,3,41.7,30.1,17.6,10.8,665,1,38.7,255,60,,,5,,401,30,,14,4,4,18,62,534,6,5,435,71,100,10,716,17,220,233,103,75,584f9347-f268-441a-aa39-35feab046a2b,0.388797582081224,3.38856954174717
312,41960,Franklin Harbour,2755.5639,4,South Australia,141,8,342,492,2.2,80,22,206,24,8,5,345,2.7,476,128,270,56.6,25.8,7,7.9,2.2,1.9,68,14.5,6.3,11,0.6,11.7,30.2,405,69,4,10,3,492,235,114,105,21,13,47.8,23.2,21.3,4.3,2.6,9,410,51,,,200,1040,84,5,69,14,73.7,4.4,65.7,13.3,4,3,3,4,5,4,3,5,41.5,27.3,21.8,10.5,487,2,44.3,115,175,,,15,,308,17,,3,,4,8,40,393,10,21,332,43,92,4,545,16,144,174,89,57,66e284db-9676-4ca6-bc9c-30b3c8ef8a2f,0.267471086469868,2.3690155965231
313,42030,Gawler,41.1379,4,South Australia,3013,253,6827,10089,2.3,1987,514,2819,993,536,100,6944,2.9,8189,2229,8432,43,34.5,7.1,11.6,3.9,1.8,68.4,18.5,7.5,4.8,0.8,14,14.4,8193,1679,120,48,49,10089,2997,3945,2751,261,139,29.7,39.1,27.3,2.6,1.4,144,8117,1335,97,39,285,1350,3091,415,1550,935,78.4,10.5,56.3,34,4,4,4,4,5,5,5,5,33.4,29,22.7,14.9,10053,2,9.7,3740,100,3,,200,,8025,428,12,82,37,16,61,185,9055,142,306,8582,724,1290,37,11248,711,3721,3501,1256,767,fd30316d-d0c8-4c3f-a5c4-e8cfd554339b,0.00404368137378697,0.384624763621907
314,42110,Goyder,6715.1418,4,South Australia,572,29,1068,1673,2.2,296,75,559,73,61,15,1078,2.8,1461,354,1142,48.4,30.6,7.6,9.4,3.9,1.9,69.4,15.5,6.2,8.2,0.6,13.9,28.8,1596,62,,,,1673,824,448,303,69,26,49.3,26.8,18.1,4.1,1.6,21,1346,219,19,47,190,867,318,61,182,80,71,13.6,60.1,26.4,3,3,4,3,4,3,4,4,42.1,29.6,20.2,8,1671,1,29.7,352,207,,,3,,1024,58,,24,9,4,18,82,1217,10,5,1090,274,146,27,1669,50,527,593,271,211,52cfd040-fa63-479a-b681-21d5cf3a6f16,0.652646468065996,3.97231175113003
315,42250,Grant,1897.8235,4,South Australia,536,44,2197,2771,2.6,754,186,1060,121,88,16,2234,2.9,3279,656,1741,55.1,30.5,4.4,6.9,3.1,1.9,57.3,17.9,7.5,16.8,0.6,12,18.9,2666,20,3,58,19,2771,1183,1175,293,77,40,42.7,42.4,10.6,2.8,1.4,49,2228,355,12,14,200,1400,914,103,211,62,77.8,8.8,72,21.2,8,7,4,10,9,7,5,10,23.4,27.7,29.9,19.3,2758,3,26.4,841,111,,,,,2892,150,,66,14,3,23,85,3241,24,7,3062,456,374,45,4133,30,492,1044,624,541,ae204b25-cf15-4b68-8fe8-6a9ea063749d,0.194266924764179,2.66425608502241
316,42600,Holdfast Bay,13.752,4,South Australia,5604,523,10002,16131,2.2,3104,655,4900,815,505,135,10115,2.8,13946,3093,12264,47.2,32.6,6.8,10.7,2.8,1.7,70.8,15.8,9,3.8,0.6,13.4,18.8,8700,4703,2607,88,35,16131,6023,4584,4697,653,168,37.3,28.4,29.1,4,1,186,12448,2887,58,16,340,1950,3562,517,2783,1563,77.7,11.3,59.3,33.3,9,9,9,7,9,9,9,8,23.7,29.6,23.5,23.1,16092,4,14,7344,156,413,346,302,,10900,621,33,32,74,237,103,413,13487,345,1326,11749,2548,2091,55,18522,1308,6793,5627,1477,742,b6dd6d79-1008-45c8-86b3-02879ff59479,0.00135794002108014,0.234186722589892
317,42750,Kangaroo Island,4400.863,4,South Australia,657,48,1238,1940,2.2,341,57,717,77,51,16,1256,2.7,1627,535,1191,49.7,29.4,5.5,11.5,3.9,1.9,67.2,15.4,6.7,9.3,1.2,11.6,33,1840,49,24,13,19,1940,844,536,430,80,50,43.5,27.6,22.2,4.1,2.6,38,1522,275,4,8,208,1023,400,62,297,90,74.6,11.6,69.1,20.9,7,6,6,5,6,6,6,6,34.8,29.8,23.7,11.4,1933,3,42.4,844,10,3,,9,5,1297,110,,26,3,12,16,165,1652,18,19,1428,317,273,22,2290,91,642,725,270,166,5631b40d-693a-48a9-9c82-188b04e6e661,0.438950697344353,5.73041191530898
318,43080,Karoonda East Murray,4415.796,4,South Australia,151,3,245,398,2.2,75,22,119,8,14,6,247,2.9,366,57,295,51.5,27.5,8.5,9.7,3.4,2,68.7,14.9,6.4,9.4,0.8,14.5,30.9,389,,,11,,398,199,101,52,32,14,50,25.4,13.1,8,3.5,8,322,49,,,160,542,72,11,36,9,71.3,10.9,69.2,17.3,4,4,6,5,4,4,6,6,40.4,26.3,23,10.1,396,2,34.8,47,100,,,,,221,14,,,,,14,33,278,4,,234,112,32,8,430,17,100,126,76,72,04fbd081-c73e-413e-ad62-57cf5914e922,0.435761063318751,3.1014519109265
319,43220,Kimba,5697.1074,4,South Australia,115,10,266,384,2.4,99,5,143,7,3,5,263,3,416,53,186,63,22.3,7.9,5.5,2.3,2.2,63.4,21.6,6,9,0.7,13.3,44.8,375,6,4,5,,384,196,90,66,29,,51,23.4,17.2,7.6,,4,323,37,4,39,150,860,61,9,48,7,67.8,10,72.7,10.6,8,8,8,8,8,8,8,9,35.2,28.9,25.7,12.3,381,3,38,78,200,,,,,278,9,,3,,,5,52,358,6,,304,100,41,,507,10,105,138,85,44,2187d82e-2861-4150-83c2-7c47f6e62892,0.54970704507241,4.62536658683636
320,43360,Kingston (SA),3339.7952,4,South Australia,326,22,627,982,2.1,157,38,373,38,26,10,636,2.7,875,228,599,52.1,26.2,8.6,10.1,3,1.8,72.8,14.6,5.6,6.5,0.4,12.4,27.2,923,37,9,9,,982,464,245,197,51,22,47.3,24.9,20.1,5.2,2.2,9,857,80,6,27,200,1170,184,27,129,40,75.1,11,65.5,20.3,5,5,3,6,5,5,4,7,40.8,26.7,22.5,9.8,976,2,43.8,207,192,,,,,634,52,,17,6,4,9,64,795,10,,695,128,119,20,1064,40,314,364,150,104,8a3971ce-46c8-4cad-94de-b857dfb676bd,0.336551936096839,3.21299458702736
321,43650,Light,1276.8453,4,South Australia,1011,96,4298,5405,2.8,1648,425,1723,370,198,33,4397,3.1,6084,1330,4020,52.5,32.7,4.2,7.6,3,2,65.2,21.4,7.8,4.8,0.9,13.5,20.6,5299,74,6,16,5,5405,1887,2698,678,82,66,34.9,49.9,12.5,1.5,1.2,71,4499,572,24,15,280,1500,2039,293,424,183,75.6,10.9,62.5,27,9,7,6,10,9,8,6,10,19.3,26.2,32.3,22.1,5383,3,10.9,2258,102,4,,46,,5608,294,4,69,25,11,52,239,6346,62,82,5956,743,888,62,8102,80,1149,2110,1105,884,d55dd40f-501b-46f3-9da9-87051e0ef956,0.125198368685233,2.44174608711429
322,43710,Lower Eyre Peninsula,4721.3922,4,South Australia,468,38,1563,2071,2.5,573,96,754,96,52,5,1584,2.9,2169,580,1181,54.4,29.8,4.2,8.6,3,2,59.4,21,8.1,10.4,1,11.7,29.3,2019,26,,23,4,2071,871,793,300,79,32,42.1,38.3,14.5,3.8,1.5,34,1668,274,16,27,240,1300,594,56,187,63,74.9,7.1,62.3,21,9,8,6,9,9,8,7,9,25.4,30.2,27.9,16.2,2065,3,31.8,586,150,,,7,,1793,85,,22,8,3,40,129,2084,15,16,1892,316,313,32,2765,23,463,885,429,246,8601dc95-5415-4f74-83e3-942b91c790b5,0.4629583591136,8.33233310343224
323,43790,Loxton Waikerie,7763.8714,4,South Australia,1419,109,3124,4649,2.3,858,214,1616,283,147,43,3154,2.8,4332,964,3194,51.2,29,7.1,9.2,3.6,1.9,68.2,16.4,6.9,7.6,0.8,13.1,24.3,4157,383,42,43,21,4649,1886,1366,1066,202,118,40.6,29.4,22.9,4.3,2.5,71,3791,578,24,21,204,1083,1093,117,675,279,80,8.6,63.3,26.2,4,3,3,4,4,4,4,5,40.5,27.1,20.9,11.4,4619,2,20.1,1297,140,3,,13,,3594,248,,35,13,20,29,254,4208,37,38,3876,430,466,45,5186,218,1395,1768,693,472,1b77d04c-0faf-4dcc-9614-0e1e4fd55540,0.76214601450738,5.57557530802197
324,44000,Maralinga Tjarutja,105766.3105,4,South Australia,19,,18,28,2.3,6,,10,5,,,19,3,23,10,28,44.3,48.1,3.8,,5.1,1.7,34.2,16.5,,44.3,,7.6,10.1,17,12,,7,,28,,,19,8,8,,,67.9,28.6,28.6,5,15,9,14,1373,50,,,,15,,,,78.9,,1,1,9,1,1,1,9,1,51.9,14.8,22.2,0,27,1,34.1,,,,,,,9,,,,,,,16,26,,,6,,5,4,27,5,12,3,,,f3d69607-9335-4ef6-b28d-a480bd6923a5,9.83240475048819,13.2085234896777
325,44060,Marion,55.6406,4,South Australia,11138,1664,25423,38224,2.4,8881,1933,10314,2563,1693,494,25878,2.9,33118,8468,32451,45,36.8,5.5,9.7,3,1.7,69.3,19.4,7.2,3.4,0.7,12.5,15.4,26969,8564,2606,9,81,38224,11444,14304,11311,720,447,29.9,37.4,29.6,1.9,1.2,846,29779,6017,349,37,330,1699,11253,1668,6734,3526,78.7,11.7,59.5,31.2,8,8,9,5,8,8,9,5,26.4,27,23.3,23.4,38117,3,8.5,16163,117,1457,441,1096,5,29712,1857,138,134,210,402,273,583,36306,1197,3999,32367,4572,5559,183,47816,3160,14499,14093,4123,1936,b7ab470d-c2bb-4e68-a1b6-2bbb5939c7ee,0.00549585987118917,0.413258006422361
326,44210,Mid Murray,6271.6255,4,South Australia,1314,90,2379,3793,2.1,524,168,1358,184,162,26,2415,2.6,3154,816,2696,46.7,28,6.7,14,4.5,1.8,70,11.9,6.2,11.4,0.5,13.5,20.8,3567,63,18,108,31,3793,1817,1158,616,126,79,47.9,30.5,16.2,3.3,2.1,77,3073,481,26,28,201,1083,812,180,325,210,70.1,15.5,52.8,34.1,2,2,1,3,2,2,2,3,44.3,28.1,20.6,7.1,3775,1,49,828,114,,,10,,2178,118,4,20,10,8,41,159,2553,46,40,2346,395,403,28,3429,123,1254,1313,593,435,fb7a7c97-3a5d-4923-bbe3-8ab127601149,0.615246417986327,4.83921916565552
327,44340,Mitcham,75.5468,4,South Australia,5924,734,18441,25099,2.6,7539,1468,7189,1418,865,236,18715,3,26883,5026,19694,51.9,32.7,5.3,8.1,2.2,1.8,66.7,21.3,8.2,2.8,0.9,14.3,22.7,19832,2806,2365,51,52,25099,9621,10115,4395,744,220,38.3,40.3,17.5,3,0.9,407,19947,3666,111,17,335,1981,8041,972,2703,1338,79.5,9.6,61.5,30.4,10,10,10,10,10,10,10,10,16,23.4,23.7,36.9,25058,4,7.8,13228,190,580,42,1004,5,20023,1264,62,96,145,558,124,534,24444,691,2143,21815,4728,4260,98,34217,1224,8121,10323,3380,1852,c4c751da-4269-44ff-9801-ce7695178784,0.00745994020962826,0.440742764601272
328,44550,Mount Barker,594.6406,4,South Australia,3237,324,10948,14514,2.6,4118,796,4421,1100,577,102,11113,3,14390,3812,10673,49.6,33.1,4.4,9.7,3.2,1.9,64.5,22.3,7.6,4.4,1.1,13.2,21.5,13649,681,70,77,34,14514,4208,6701,3078,361,158,29,46.2,21.2,2.5,1.1,180,11929,1691,53,14,350,1602,5240,716,1797,980,78.2,10.7,58.4,31.8,9,8,8,9,9,9,8,10,19.5,26.7,27.6,26.1,14489,4,9.8,5867,150,,,442,3,12949,744,21,116,68,37,124,391,14902,279,635,13955,2351,2450,101,20081,516,4298,5939,2199,1428,d438957b-a382-42b0-bf33-d5e9e1a8d3c3,0.0587758126775952,1.61640201400282
329,44620,Mount Gambier,33.8938,4,South Australia,3710,253,6983,10947,2.3,2096,466,3049,966,406,106,7078,2.9,8542,2504,8579,43.1,35.6,7,10.5,3.9,1.9,67.4,18.3,7.2,6,1,13.1,16.8,8497,1484,934,9,27,10947,3334,3642,3463,350,165,30.5,33.3,31.6,3.2,1.5,215,8885,1367,138,52,220,1127,2973,295,2272,897,81.6,8.1,65.6,25.9,2,2,2,2,3,2,2,2,41.2,26.8,20.7,11.3,10910,1,14.7,3412,108,3,,35,5,9209,702,24,53,36,61,44,268,10452,96,52,10005,458,1284,66,12349,814,4098,3885,1293,701,bd789923-07e0-4bd7-8144-335912a4b1fd,0.00346854088775217,0.270364109810718
330,44830,Mount Remarkable,3422.7733,4,South Australia,345,28,798,1167,2.2,182,60,477,49,28,9,809,2.7,1127,263,696,53.7,25,7.4,10.1,3.7,1.9,69.9,12.8,7.5,9.4,0.5,14.4,32.5,1128,3,8,26,5,1167,662,309,136,39,18,56.7,26.5,11.7,3.3,1.5,18,968,127,10,32,180,919,214,29,89,30,69.3,9.4,65.4,22.1,5,5,7,6,5,6,7,7,37.8,26.1,24.4,11.6,1166,2,37.5,365,111,,,6,,692,51,,18,,4,14,75,874,10,8,758,206,131,10,1232,28,314,428,213,171,e2f24439-6ba9-4af0-a11f-4738a7ce8dab,0.329363678858954,2.76534018386813
331,45040,Murray Bridge,1831.7597,4,South Australia,2641,245,5539,8426,2.3,1532,441,2517,696,399,94,5674,2.8,6903,1886,6975,43.7,34.8,6.6,10.6,4.3,1.8,67.1,16.1,6.9,9.2,0.7,13.7,17.4,7468,807,36,74,39,8426,2736,2604,2679,240,169,32.5,30.9,31.8,2.8,2,223,6704,1137,167,78,240,1127,1967,311,1566,816,75.5,11.9,58.5,30.5,2,1,1,2,2,1,1,2,44.4,26.9,20,8.8,8375,1,17.6,2200,101,,,25,,6062,592,11,64,34,18,59,272,7150,102,58,6758,549,879,52,8721,560,2939,2845,1141,788,777f531d-b82d-4913-b6ad-5ae116db339d,0.181215041178802,2.48959883050192
332,45090,Naracoorte Lucindale,4519.715,4,South Australia,914,118,2249,3281,2.4,788,141,1092,169,63,20,2279,2.9,3232,730,2204,54.2,29.4,5.4,7.9,3.2,1.9,65.9,19.2,6.7,7.5,0.8,10,28.3,3108,138,9,10,15,3281,1298,1017,787,112,64,39.6,31,24,3.4,2,84,2640,361,41,48,220,1083,814,72,499,187,80,7.1,63.4,23.8,5,5,5,6,5,5,5,6,33.7,27.6,24,14.7,3262,2,19.9,954,180,,,5,3,2916,267,3,36,13,23,35,204,3500,44,12,3224,476,290,52,4363,133,937,1276,519,354,79166357-9cda-4202-8401-ebd3bc57c553,0.457407232502646,3.0989906054678
333,45120,Northern Areas,2986.1818,4,South Australia,617,57,1212,1884,2.2,347,79,631,81,55,15,1218,2.8,1704,368,1227,51.3,27.6,7.8,9.3,4,2,69.1,16.8,7,6.5,0.7,14,34.5,1824,51,,12,6,1884,928,528,326,78,28,49.3,28,17.3,4.1,1.5,28,1563,217,3,7,192,806,398,51,212,73,75.4,9.7,65,22.4,6,5,6,5,6,5,7,6,36.3,28.3,23.9,11.6,1884,2,22.5,525,150,,,7,,1267,67,,21,13,4,22,127,1534,14,12,1347,297,201,12,2058,67,554,685,309,228,81a758c9-ee1c-443e-89f9-da1aa655f28b,0.289045402571446,2.74303421757019
334,45290,Norwood Payneham and St Peters,15.1036,4,South Australia,5607,806,9551,15965,2.2,3374,582,4165,839,517,191,9669,2.8,12938,3068,13498,44,37.7,6,9.7,2.5,1.7,71.8,17.5,6.2,3.9,0.5,13,19.2,8222,4676,2971,49,46,15965,5120,4130,5794,756,156,32.1,25.9,36.3,4.7,1,390,11815,3207,70,19,340,2000,3164,540,3642,1712,76.6,13.1,62.9,29.5,9,9,10,5,9,9,10,6,23.3,25.5,24.9,26.2,15921,4,12.2,6667,200,6,19,1276,,10711,862,104,50,91,572,81,759,14536,336,1542,11803,2434,1972,62,19346,1671,7030,5083,1332,682,daa20985-9a50-40dc-84b1-2b48eb765974,0.00148964174877619,0.200564792379613
335,45340,Onkaparinga,518.1255,4,South Australia,17738,1698,48706,68135,2.4,15644,4280,19682,5974,3397,649,49633,2.9,61050,16815,55091,45.5,34.9,5.2,10.8,3.6,1.8,66.1,19.8,8.5,4.5,1,13.7,15,60671,5761,1237,365,98,68135,20695,29463,15402,1764,816,30.4,43.2,22.6,2.6,1.2,1153,55320,8474,666,39,312,1449,22910,3465,8585,5475,77.8,11.8,55.7,35.5,6,5,6,6,6,6,6,7,26.8,31.5,23.8,17.9,67947,2,10,26037,106,983,18,1257,21,54964,3063,100,455,321,211,476,866,62740,1673,3535,59413,7375,10138,310,82233,3583,23812,26254,8856,4912,7581b791-becc-476f-897b-1b63b1b6dab2,0.0512699195596724,1.17609338652652
336,45400,Orroroo Carrieton,3321.8239,4,South Australia,117,7,216,340,2.2,67,9,121,5,12,,216,2.9,330,44,212,53.2,24.5,11.7,8.8,1.9,2.2,69.8,14,7.7,8,0.4,15.3,34.6,331,4,,,,340,205,81,34,15,5,60.3,23.8,10,4.4,1.5,7,291,27,,,150,650,61,7,20,5,75.3,8.6,58.8,14.7,8,7,8,7,7,8,8,8,34.8,28,24.7,11.3,336,3,37.3,98,101,,,,,226,7,,6,,,6,43,290,,,231,60,38,13,398,20,84,106,53,65,6a7f7cc0-7c78-43d2-8271-fa9ec39ed282,0.318818713594737,2.54570711116113
337,45540,Peterborough,3020.142,4,South Australia,327,22,375,723,1.9,52,17,209,53,30,11,377,2.6,425,118,599,37.3,33,8.9,15.5,5.3,1.8,71.1,8.3,5.1,14.7,0.6,12.8,20.4,689,27,,8,7,723,366,157,156,18,27,50.6,21.7,21.6,2.5,3.7,19,608,63,6,36,158,585,122,18,89,45,77.7,11.5,57.1,28.8,1,1,1,1,1,1,1,1,61.2,23.6,12.6,2.5,712,1,33.3,137,200,,,4,,280,18,,,6,,3,40,353,9,4,298,39,69,4,474,72,306,193,85,49,dc8bcd1f-f511-4469-a654-d61cbe90fc4f,0.290958425329336,2.31310599406035
338,45680,Playford,345.2038,4,South Australia,9141,1188,24957,35285,2.6,8504,1927,7959,4707,2150,493,25743,3.1,26660,9420,33919,37.9,43,4.9,9.9,4.4,2,64.6,21.2,6.7,6.5,1.1,13.4,9.4,29640,5215,278,86,64,35285,7199,14307,12760,381,637,20.4,40.5,36.2,1.1,1.8,1546,26415,5422,798,81,266,1300,10724,2021,7248,4199,75,14.1,56.8,32.9,1,1,1,2,1,1,1,2,38.5,30.2,20.7,10.5,35092,1,11.2,12598,100,23,3,879,13,28171,2068,82,255,162,82,201,396,32346,663,1351,30805,2150,4193,265,39609,3231,12750,12171,4158,2325,d66ab826-333c-461d-90f0-73308e4c61b5,0.0339592737973362,1.4777550382028
339,45890,Port Adelaide Enfield,91.7588,4,South Australia,15206,2433,33386,51024,2.4,12341,2442,12223,3684,2702,858,34251,2.9,42685,10494,48068,42.9,39,5.3,9.6,3.2,1.7,69.4,18.9,5.7,5.4,0.5,12,12.7,36155,10683,3889,144,144,51024,12969,18082,18367,866,741,25.4,35.4,36,1.7,1.5,2233,37204,9623,993,76,300,1600,13864,2541,11057,5637,76.7,14.1,60.2,30.7,4,6,8,2,4,6,8,3,31.6,26.2,21.8,20.4,50804,3,10.4,19476,120,671,32,3126,11,41049,2908,307,208,270,452,338,750,50126,1495,4955,45173,5035,6162,255,63073,4760,19620,18035,5318,2601,8f0c31b5-60c6-43ad-b766-30f918cb9e0e,0.00904292083305336,0.883850581675214
340,46090,Port Augusta,1157.9905,4,South Australia,1702,151,3290,5143,2.3,916,224,1421,497,237,71,3362,2.9,3346,1536,4268,36.9,44.4,6,8.4,4.3,1.9,63.3,15.2,7.1,13.5,0.9,11.2,13.7,4128,588,361,42,27,5143,1615,1436,1913,73,102,31.4,27.9,37.2,1.4,2,171,3958,749,187,131,200,1153,1067,113,1264,417,74.3,7.9,66.1,21.8,2,1,1,2,1,2,1,2,44.9,26.5,19.2,9.4,5114,1,27.1,2397,50,,,87,,3894,359,27,29,26,25,41,186,4677,49,102,4302,120,705,42,5584,519,1876,1711,613,314,f838d5b8-a451-4bbe-8f48-6136220f128b,0.111226249636275,2.87189384470555
341,46300,Port Lincoln,30.3681,4,South Australia,1863,178,3717,5760,2.3,1089,217,1661,490,239,58,3752,2.8,4300,1421,4464,42.8,37.5,6.4,9.7,3.6,1.8,67.2,17.9,7,6.9,0.9,12.1,18.9,4701,653,352,38,16,5760,1815,1751,1955,117,120,31.5,30.4,33.9,2,2.1,101,4591,777,82,58,240,1300,1346,158,1191,542,76.9,9,60.9,27.7,3,3,3,2,4,4,3,3,40.7,28.5,19.4,11.5,5729,1,17.7,1491,150,6,,18,3,4671,388,26,25,24,28,44,196,5431,43,33,5096,266,737,41,6509,428,2111,2136,658,304,01e2fa3e-a5b9-4633-9aac-2f284bb96f23,0.00298888628867644,0.395050539133938
342,46450,Port Pirie,1760.7097,4,South Australia,2501,154,4500,7154,2.2,1207,351,1965,602,354,80,4551,2.8,5319,1534,5842,41.4,36.7,8,9.7,4.2,1.9,70.2,15.6,7.3,6.1,0.8,13.8,17.6,6116,867,108,34,24,7154,2504,2255,2117,124,156,35,31.5,29.6,1.7,2.2,102,5752,940,139,80,185,953,1751,200,1331,570,77.6,8.9,62.9,26.9,2,1,1,2,2,1,1,2,47.6,24.6,19.1,8.6,7108,1,17.3,2215,100,,,29,,4877,347,13,21,55,56,39,229,5664,40,42,5260,279,818,55,6865,682,2652,2243,900,507,1035d6c7-0ffc-46e0-a4c4-b78270194dd1,0.170599922013025,2.72866617570826
343,46510,Prospect,7.7915,4,South Australia,2331,499,5807,8635,2.5,2388,411,2216,470,281,122,5884,3,8036,1859,7415,47.2,38.3,4.2,7.8,2.4,1.8,67.9,21.1,6.6,3.6,0.7,13.5,16.6,5718,1644,1253,14,15,8635,2581,2855,2971,160,69,29.9,33.1,34.4,1.9,0.8,298,6144,1893,40,18,331,1947,2310,295,1990,743,80.9,10.3,67,25,10,9,10,7,10,10,10,8,18.9,24.6,25.5,30.9,8613,4,9.1,3987,158,12,6,759,,7427,602,59,46,64,214,49,230,9476,252,954,8225,1296,1226,42,12294,662,3202,3204,1003,484,fe539483-f264-4534-8491-ada1e0a7c331,0.000768300039453607,0.121920572506909
344,46670,Renmark Paringa,916.442,4,South Australia,1127,108,2598,3837,2.3,763,194,1235,270,152,41,2647,2.8,3441,852,2958,47.8,33,6.9,8.9,3.4,1.8,70.3,16,5.8,7.3,0.6,11.7,15.3,3277,419,76,41,19,3837,1420,1199,1014,128,70,37,31.2,26.4,3.3,1.8,92,3075,500,57,57,200,1083,942,114,625,253,78.6,9.5,61.6,25,2,2,1,3,3,3,2,3,41.5,26.9,21.1,10.4,3819,1,18.2,1273,100,,,102,,3130,245,3,15,12,12,19,200,3743,28,105,3397,271,393,50,4486,215,1222,1390,609,341,8f17f077-da22-44a1-afe9-6994caf3cf25,0.0896194757947342,2.052571286072
345,46860,Robe,1091.7162,4,South Australia,197,14,432,650,2.2,112,23,263,23,11,7,439,2.6,589,174,376,52.7,28,6,9.3,3.5,1.8,70.3,15,8.1,6.3,1,12,33.2,625,14,4,8,,650,308,161,134,35,14,47.4,24.8,20.6,5.4,2.2,4,550,55,,,250,1200,121,23,87,27,75.2,14.3,64.9,20.1,8,8,7,8,8,8,8,8,31.6,29.5,26,11.5,645,3,61.7,151,250,,,,,458,24,,,,,7,44,535,9,7,484,116,86,8,753,22,194,275,100,53,4bc44a96-033e-4487-8012-11ba77760e5f,0.11078612448182,1.73837753983346
346,46970,Roxby Downs,110.4778,4,South Australia,291,58,847,1195,2.7,438,41,275,70,20,10,858,3.2,966,504,760,43,44.4,0.9,7.6,4.3,2,52.5,28.6,4.6,13.1,1.5,5,14.1,1158,,33,7,3,1195,81,259,802,34,18,6.8,21.7,67.1,2.8,1.5,13,938,165,,,260,1517,206,6,676,38,79.5,2.3,84.3,4.7,9,8,4,8,10,9,4,9,11.7,35.2,37,16.3,1195,4,32.8,698,207,,,73,,1505,102,7,3,22,5,20,109,1849,6,76,1618,65,319,17,2254,28,312,525,212,97,0d841d7b-0ae6-4765-b9bc-a6b9bc6154d8,0.0103862500204741,0.442310026608829
347,47140,Salisbury,159.8432,4,South Australia,13450,1737,37241,52426,2.6,13701,3324,12718,5070,3019,730,38565,3.1,48329,10338,50382,44.5,37.2,5.3,9.3,3.6,1.9,67.9,20.1,6.5,4.9,0.7,12.8,10.4,43781,6207,2179,157,108,52426,14339,21101,15196,1005,784,27.4,40.2,29,1.9,1.5,2659,38508,9074,817,56,300,1300,15839,3120,8991,4826,75.1,14.8,59.2,31.8,2,2,3,3,2,3,3,3,32.5,31.2,21.7,14.6,52184,1,8.6,19478,100,45,14,2290,10,45082,3209,202,327,276,192,391,653,52695,1213,3215,49315,3661,5912,294,63767,3661,18930,18946,6626,3518,042621e6-24d8-4143-8828-d416e57ef03a,0.0157404893307103,0.683813646021385
348,47290,Southern Mallee,5702.2024,4,South Australia,276,11,509,799,2.2,165,24,272,24,24,7,513,2.8,727,175,508,51.5,30.4,6.7,8.5,2.7,1.9,68,17,6.1,8.1,0.5,10.9,33.3,773,,11,17,6,799,384,185,147,67,19,48.1,23.2,18.4,8.4,2.4,11,641,116,,,160,672,153,14,109,16,82.7,7.6,74.1,10.9,7,6,6,6,7,7,6,6,35.4,29.5,23.9,10.8,796,3,26,152,186,,,,,607,53,,7,4,4,14,83,773,5,,665,120,63,6,967,37,228,289,139,99,4b053e4f-f63b-4493-8b8e-5c567cb83b27,0.565726171135339,3.3455820114053
349,47490,Streaky Bay,6222.8591,4,South Australia,231,12,547,795,2.3,181,29,305,29,15,3,560,2.8,766,213,418,53.6,30,5.1,8.3,2.8,2,64.8,18.5,6.7,8.9,1.1,11.7,35.3,762,5,8,16,,795,397,204,136,42,22,49.9,25.7,17.1,5.3,2.8,12,608,137,6,27,240,1083,150,13,85,32,73.5,6.4,62.5,23.5,7,6,6,5,7,7,6,6,38.1,26.7,21.8,12.2,795,3,43.4,182,125,,,7,,564,43,,3,3,9,7,82,719,10,9,615,144,102,12,975,23,231,298,130,98,d99fae50-9fad-4c01-8b3f-0353434618d5,0.598484150246804,6.29056952037455
350,47630,Tatiara,6527.2342,4,South Australia,694,87,1759,2546,2.4,588,134,843,135,61,18,1778,2.9,2443,637,1743,51.4,32.5,5.5,7.8,2.9,1.9,65.7,18.2,6.5,8.9,0.9,10.3,30.2,2440,78,7,14,10,2546,959,827,554,133,63,37.7,32.5,21.8,5.2,2.5,56,2036,292,18,26,200,867,661,58,408,77,79.9,7,73.6,13.9,6,5,4,8,6,6,5,8,32.4,26.7,27,14.1,2533,2,20.7,824,200,,,7,,2369,233,,32,15,26,31,214,2914,22,5,2620,455,252,28,3670,76,702,971,443,293,52845750-14ab-47d7-be82-151eb76523a4,0.654301868325092,3.75576287639357
351,47700,Tea Tree Gully,95.2109,4,South Australia,9157,774,28663,38595,2.5,10155,2650,11516,2678,1864,338,29197,2.9,40487,7488,30638,51.3,31.3,5.7,8.8,2.9,1.8,67.7,20.1,8.2,3.2,0.7,13.2,15.1,34400,3172,966,17,39,38595,13445,16621,7034,1110,380,34.8,43.1,18.2,2.9,1,672,31643,4825,153,15,330,1517,13398,1675,4359,2075,80.6,10.1,62,29.5,9,8,8,8,9,9,8,9,22.4,29.6,24.5,23.4,38503,4,6.2,16755,105,14,3,2944,5,33080,1947,106,249,184,162,256,424,39374,909,3668,35859,4444,5622,160,50516,1813,12944,15345,5228,2924,738f4f36-2605-4c3c-a6dd-c71ee442fcf3,0.00937901023235099,0.60489168221324
352,47800,Coorong,8833.4339,4,South Australia,736,56,1395,2188,2.2,370,90,751,120,70,23,1422,2.7,1849,518,1530,47.1,31.7,6.8,10.7,3.7,1.9,66.9,14.5,6.9,11,0.6,12.7,27,2106,53,5,13,12,2188,944,547,493,157,49,43.1,25,22.5,7.2,2.2,38,1788,250,9,17,190,880,397,73,316,98,72.6,13.3,64.1,19.9,3,3,3,3,3,3,4,4,41.3,27.4,22.5,8.7,2175,1,29.9,422,125,,,6,,1374,64,,26,6,8,38,159,1690,26,16,1462,391,214,34,2351,103,699,748,323,270,ad033bbe-5c62-4252-9aa1-3cac49e40e71,0.879835043661842,6.36370502731968
353,47910,Tumby Bay,2669.0794,4,South Australia,397,18,759,1181,2.2,219,30,448,46,25,3,764,2.7,1127,222,683,56.7,22,9.1,8.9,2.7,2,66.9,15.8,8.4,7.1,1.5,15.1,34.4,1042,62,49,27,7,1181,607,261,226,52,31,51.4,22.1,19.1,4.4,2.6,19,984,130,3,11,210,1138,186,35,126,74,71.3,13.4,55.8,32.7,7,6,6,5,7,7,7,6,40.9,28.3,20.2,11,1175,3,30.1,265,169,,,7,,736,34,,9,3,3,8,68,879,11,11,777,183,126,14,1206,53,379,456,178,93,8fbaae49-4cdb-4de6-adf9-1294878d8387,0.261004375371613,2.87925041915182
354,47980,Unley,14.2703,4,South Australia,4681,682,10164,15526,2.3,3843,629,4288,901,414,189,10269,2.9,14094,3185,12426,46.9,36,6,8.8,2.2,1.8,70.4,18.9,7.2,2.8,0.8,13.5,21.3,9166,2724,3593,10,29,15526,5605,4485,4765,548,126,36.1,28.9,30.7,3.5,0.8,310,11551,3103,74,19,350,2167,3526,497,3105,1322,78.6,11.1,65.2,27.7,10,10,10,8,10,10,10,9,17.7,24.3,26.1,31.8,15496,4,10.7,7532,239,166,340,805,,10468,795,67,35,92,876,100,774,14526,421,1604,11539,2822,2097,38,19908,1244,6463,5505,1446,734,157b1ae4-c856-423b-9c93-c6f2453062e8,0.00140834086505492,0.170839249961129
355,48050,Victor Harbor,384.6255,4,South Australia,2353,133,4666,7156,2.1,901,271,2837,414,250,56,4733,2.6,6709,1157,4796,53,22.3,9.2,12,3.5,1.8,75.3,12,7.1,4.6,0.9,15.9,22.4,6322,652,118,34,29,7156,3594,1700,1478,280,103,50.2,23.8,20.7,3.9,1.4,80,6220,597,27,17,290,1300,1258,222,649,697,74,13.1,43.9,47.2,4,3,4,4,5,4,4,5,38.8,34.2,18.5,8.5,7139,2,26.9,1875,150,5,,6,,3379,273,11,40,17,32,30,167,3959,53,35,3706,606,708,51,5378,389,3178,2448,704,352,206a4e8f-aadf-477b-9cc5-d48406f81958,0.0382147612722292,1.02421019245227
356,48130,Wakefield,3468.4879,4,South Australia,824,68,1768,2667,2.4,554,122,825,197,96,22,1811,2.9,2311,614,1997,46.5,32.2,6.7,10.3,4.2,2,65.9,18.2,8.4,6.5,1.1,13.9,26.3,2464,164,10,17,7,2667,1050,859,578,122,51,39.4,32.2,21.7,4.6,1.9,60,2144,340,,,220,918,622,109,329,151,72.4,12.7,56.9,26.1,2,2,2,3,2,2,3,4,39.9,28.3,22.7,9.4,2657,1,20.5,1180,165,,,,,1829,115,,37,4,13,31,189,2224,20,4,1965,331,275,23,2869,114,837,938,430,304,c04ef269-22ba-4b51-a954-bffb26ea6a12,0.338439006888166,2.94946643601665
357,48260,Walkerville,3.53,4,South Australia,956,120,2107,3184,2.3,753,141,968,156,86,32,2137,2.9,3197,490,2492,51.1,31.8,6.8,7.9,2.4,1.8,70.7,16.9,7.7,4.1,0.5,13.7,20.5,2089,682,393,12,8,3184,1297,890,877,98,24,40.7,28,27.5,3.1,0.8,40,2513,526,29,36,380,2167,671,116,546,250,75.4,13,62.3,28.5,10,10,10,9,10,10,10,9,17.9,24.2,25.1,32.9,3173,4,13.4,1521,279,3,,194,,2277,200,6,7,12,83,11,97,2882,62,239,2535,543,410,8,3914,248,1164,1218,326,190,573c3431-9a7d-49a0-847f-79cb98c141ae,0.000348087931342889,0.117538111878015
358,48340,Wattle Range,3926.2101,4,South Australia,1508,76,3139,4726,2.3,887,220,1595,280,161,35,3182,2.8,4219,1083,3344,48.6,30.8,6.7,10.4,3.5,1.9,68.6,15.9,7.4,7.3,0.7,13.6,23,4342,229,117,20,13,4726,2046,1521,937,141,83,43.3,32.2,19.8,3,1.8,84,3938,490,21,18,180,953,1191,123,596,237,78.3,8.1,63.6,25.3,3,2,2,4,3,3,2,4,39.4,27.1,22.3,11.2,4698,1,23.1,1222,150,,,3,,3459,223,8,59,7,12,27,215,4012,37,12,3724,507,583,56,5200,201,1455,1727,793,469,24211cab-5260-4a77-828d-d663c9948b77,0.399904612060254,3.52979915204598
359,48410,West Torrens,37.0886,4,South Australia,7810,1617,15689,25122,2.3,5553,1114,6482,1305,1066,424,15939,2.8,20534,5357,22833,42.7,40.3,5.9,8.5,2.6,1.7,72.5,17.5,5.8,3.7,0.5,12.5,15,16148,5188,3662,17,106,25122,7371,7636,9134,713,264,29.3,30.4,36.4,2.8,1.1,888,17907,5448,199,33,310,1733,6024,904,5929,2457,78.9,11.8,64.9,26.9,8,9,9,3,8,9,9,4,27.3,27.1,23.5,22.1,25033,4,10.5,10309,120,52,313,2194,3,19344,1518,163,106,208,628,192,707,25434,719,3125,21357,3189,3501,132,32970,2462,10144,8539,2492,1217,7d3e6836-73c5-4809-9b32-a261c9f22e45,0.00365959992222997,0.283226885081059
360,48540,Whyalla,1071.3397,4,South Australia,3268,217,5509,8984,2.2,1550,395,2328,813,387,81,5559,2.8,6259,2055,7249,39.7,39.9,6.7,9.6,4,1.8,67.8,17,6.8,7.2,1.1,13.3,14.5,5029,3497,408,28,30,8984,2403,2774,3548,85,178,26.7,30.9,39.5,0.9,2,152,7378,1045,88,41,180,1083,2204,203,2435,771,79.5,7.3,68.6,21.7,1,1,1,1,1,2,1,1,47.2,25.2,18.1,9.6,8931,1,20.5,3162,104,,,175,,6068,498,79,31,70,95,46,246,7307,172,286,6726,170,1173,49,8870,1085,3397,2777,1003,529,2a35de5d-7349-46cd-a583-16d357365261,0.10341282384843,2.44165340057644
361,48640,Wudinna,5075.2783,4,South Australia,126,8,278,414,2.4,107,15,132,14,5,4,273,3,409,85,242,54.9,28.4,7.8,6.4,3.4,2.1,58.8,21.7,9.2,9.7,0.3,10.5,40.4,390,7,,3,,414,208,89,82,27,10,50.2,21.5,19.8,6.5,2.4,6,339,40,9,77,150,780,66,,58,14,74.2,,70.7,17.1,8,7,7,6,8,7,7,7,35.5,27,23.1,14.4,411,3,33.8,81,125,,,,,311,18,,5,,6,10,58,404,7,,332,103,42,9,565,18,108,137,76,68,950ac89a-3d73-4710-aa2f-74c18d567d0d,0.489843108787682,3.71914483267702
362,48750,Yankalilla,751.2577,4,South Australia,766,60,1643,2466,2.2,372,110,1001,116,58,8,1664,2.7,2336,574,1560,52.6,24.8,5.7,13.1,4,1.9,71.2,13.6,8.4,5.9,0.7,15.4,23.8,2290,83,51,42,,2466,1189,781,379,88,35,48.2,31.7,15.4,3.6,1.4,44,2078,254,9,15,275,1300,533,138,181,157,68.2,17.7,47.8,41.4,5,5,5,6,6,5,5,7,32.5,32.6,24.8,10.2,2465,2,44.2,639,182,6,,12,,1389,68,,26,6,5,28,83,1616,30,28,1479,339,283,24,2291,48,893,974,342,183,43b1aec0-5b57-493a-9cbe-4a2fb5621b7f,0.0746472332511985,1.63342270381888
363,48830,Yorke Peninsula,5899.6397,4,South Australia,1735,93,3128,4954,2.1,660,180,1986,175,128,37,3166,2.6,4608,923,3033,53.8,24,8.5,10.4,3.3,1.9,72.7,12,6.5,8.2,0.6,14.4,28.1,4670,130,25,122,10,4954,2728,1092,857,166,113,55.1,22,17.3,3.4,2.3,74,4167,493,22,19,200,997,778,144,477,240,71.2,13.2,55.7,28,4,3,3,4,4,4,4,4,44.8,29.8,17.9,7.5,4933,1,52.2,962,150,,4,11,,2389,118,,51,8,12,57,355,2999,24,12,2526,614,484,48,4168,181,1684,1906,668,428,140453c1-d926-4442-861b-3df5c4578a5e,0.580349857794317,5.72073840546027
364,49399,Unincorporated SA,619426.0858,4,South Australia,443,35,537,1008,2.1,163,40,254,52,35,13,557,2.9,554,338,836,34.5,47.7,3.1,10.6,4.3,1.9,62.3,13.8,5.3,17.3,1.4,8.7,21.7,838,14,14,63,70,1008,368,75,355,175,34,36.5,7.4,35.2,17.4,3.4,59,689,191,90,144,90,625,54,11,227,26,72,14.7,63.9,7.3,2,2,2,1,2,3,3,1,50.8,24.4,18.6,5.8,996,1,65.9,223,105,,,60,,441,64,,13,9,3,93,347,1018,24,65,520,230,108,43,1424,93,349,279,110,134,88157011-24ef-41fb-9dc6-89419cfef2d7,57.7158405370681,57.0358568327766
365,49499,No usual address (SA),,4,South Australia,,,,,,,,,,,,,,,,,,,,,,,,,,,,,,,,,,,,,,,,,,,,,,,,,,,,,,,,,,,,,,,,,,,,,,,,,,,,,,,,,,,,,,,,,,,,,,,,,,,,,,,5924cb86-2d6f-45a9-b4d4-855d09badf89,,
366,49799,Migratory - Offshore - Shipping (SA),,4,South Australia,,,,,,,,,,,,,,,,,,,,,,,,,,,,,,,,,,,,,,,,,,,,,,,,,,,,,,,,,,,,,,,,,,,,,,,,,,,,,,,,,,,,,,,,,,,,,,,,,,,,,,,ea8fc20c-336d-411d-b2d7-c6fa70c6c11e,,
367,50080,Albany,4308.458,5,Western Australia,4318,352,10060,14733,2.4,3086,667,4786,1043,530,122,10242,2.9,13046,3488,10849,48,31.9,6.3,10.3,3.5,1.9,67.3,17.7,6.8,7.2,1,12.7,21.1,13322,1090,67,219,34,14733,5545,4780,3798,383,230,37.6,32.4,25.8,2.6,1.6,239,11978,1863,190,50,300,1517,3446,628,2149,1225,72.1,13.1,56.6,32.3,6,6,5,7,6,5,5,6,30.3,28.9,25.4,15.4,14660,3,18.7,6265,100,,,131,,12255,917,36,128,49,90,146,374,14126,152,172,13302,1149,2086,91,17599,661,4869,5539,2117,1327,67c0e156-3f21-4a06-9e31-0f42ee296afa,0.424098710399448,7.55705166199458
368,50210,Armadale,559.5258,5,Western Australia,6955,853,24740,32549,2.8,10728,1768,8311,2868,1453,405,25532,3.1,32239,7873,25957,48.7,35.4,3.8,8.5,3.6,1.9,60.7,25.2,7.1,5.9,1.1,10.9,13,29258,2807,219,231,31,32549,7031,17523,7189,381,436,21.6,53.8,22.1,1.2,1.3,703,26725,3578,250,27,305,1750,12730,2425,3995,2389,72.6,13.8,55.6,33.2,6,7,6,9,6,6,6,8,21.8,23.9,27.3,27,32400,3,10.8,15479,118,915,6,500,9,29980,1926,112,287,103,79,661,397,34968,1740,2893,33028,2508,5044,187,44453,1315,9875,13661,4638,2644,034f2b52-94db-4dff-9d01-3a5a791641eb,0.0534948483718836,1.40374894639138
369,50250,Ashburton,100817.3112,5,Western Australia,382,32,1166,1581,2.7,587,40,419,83,27,16,1175,3.2,1334,661,873,44.6,42.3,1.1,8,4,2,49.3,24,3.8,20.9,2,5.4,18.4,1370,81,35,64,33,1581,117,50,1201,187,27,7.4,3.2,76,11.8,1.7,31,1166,272,16,10,48,1613,29,5,945,38,58,10,78.7,3.2,8,7,3,5,8,7,2,4,17.8,45.1,27.3,9.6,1567,3,57.8,1009,200,5,,870,,1407,231,10,28,14,45,205,267,3075,100,936,1704,105,501,42,3828,60,614,560,211,104,4dd69281-1863-4b1f-966f-d46e6310b2ea,8.84791127236417,26.0859952129352
370,50280,Augusta Margaret River,2122.375,5,Western Australia,1422,227,4234,5885,2.5,1631,198,1856,419,174,29,4304,2.9,5201,1787,3908,48.6,34.3,3.9,9.7,3.4,1.8,60.9,22.8,6.1,8.7,1.5,10.6,23.6,5441,278,41,92,34,5885,2012,2186,1405,166,118,34.2,37.1,23.9,2.8,2,140,4613,725,71,43,350,1733,1408,348,792,413,64.4,15.9,56.4,29.4,9,8,8,9,9,8,8,9,21.2,28.8,28.6,21.5,5857,4,34.3,2230,160,,,97,,4729,375,,54,17,96,152,329,5859,98,122,5196,1033,1238,71,8297,141,1791,2582,835,427,f5d52916-d5b9-4403-8c22-6189604d8228,0.207185745315883,3.10436021549364
371,50350,Bassendean,10.3449,5,Western Australia,1903,233,4214,6350,2.4,1476,324,1672,436,283,93,4283,2.9,5010,1703,5183,41.8,38.5,5.3,10.7,3.8,1.7,66.3,19.7,7.2,5.9,0.9,11.5,16.5,4987,1061,283,5,7,6350,1894,2554,1730,97,73,29.8,40.2,27.2,1.5,1.1,115,5153,815,42,27,330,1801,1937,295,1013,524,75.8,11.6,58.6,30.3,8,8,9,7,7,8,9,6,25.5,25,23.1,26.5,6326,4,12,2835,147,409,,114,,4945,316,31,38,23,76,93,86,6152,267,755,5415,689,976,22,8098,400,2390,2418,715,347,201c17d4-024c-4df1-95c6-7954bd728b93,0.00098624198426478,0.145784478453975
372,50420,Bayswater,34.6169,5,Western Australia,8394,1317,18345,28055,2.3,6400,1317,7754,1689,1126,397,18686,2.8,23189,6901,23202,43.6,38.7,4.9,9.6,3.2,1.7,69.2,18.7,6.4,5.1,0.6,11.1,14.4,19872,5399,2750,9,27,28055,8280,10106,8945,366,353,29.5,36,31.9,1.3,1.3,578,22064,4223,121,18,340,1880,7652,1281,5440,2592,75.7,12.7,60.8,29,8,9,9,7,8,9,9,5,24.4,25.1,24.6,25.9,27950,4,13.1,12442,145,1102,4,1741,7,22241,1644,199,146,109,436,433,355,28414,1261,3866,24678,2726,4023,133,36553,1859,11192,10433,2788,1431,b4b9a974-8fed-405d-ae71-83cad719923a,0.00330029908445795,0.347092810174916
373,50490,Belmont,39.8246,5,Western Australia,5598,1066,10358,17018,2.3,3484,563,4455,1013,705,350,10572,2.8,12241,4162,15120,39.6,42.1,4.7,10.1,3.6,1.7,69,17.2,5.5,7.8,0.5,9.4,12.2,11064,3450,2444,23,30,17018,3774,5291,7486,195,273,22.2,31.1,44,1.1,1.6,519,12337,3367,95,23,350,1733,3893,752,4695,1954,73.6,14.2,62.7,26.1,6,8,8,3,6,7,8,3,27.5,27.8,25.5,19.2,16926,3,16.8,7454,140,164,,1398,4,13612,1157,186,91,62,144,413,305,17543,700,2111,15219,1241,2354,126,21968,1286,7139,5930,1629,742,ac841c90-9849-443a-9a6f-bf2d44de1342,0.00379900556322355,0.303009523189557
374,50560,Beverley,2370.5195,5,Western Australia,213,11,456,676,2.2,111,32,257,22,23,8,458,2.6,616,163,411,51.5,25.5,6.8,12.3,4,1.7,68.8,11.9,5.7,12.7,1.1,11.8,23.5,647,11,,12,4,676,367,181,81,37,10,54.3,26.8,12,5.5,1.5,15,530,77,4,25,200,1160,109,27,42,22,60.2,14.9,51.9,27.2,4,4,4,6,3,3,4,5,40.3,27.9,20.6,11.3,670,2,30.9,179,200,,,7,,354,18,,13,,3,19,36,437,8,7,370,109,88,10,651,22,181,247,121,95,efabda66-6701-4325-9560-df50b95f8244,0.226661171715932,3.01552427158655
375,50630,Boddington,1904.4791,5,Western Australia,151,8,441,599,2.5,158,23,197,37,24,7,447,2.9,553,168,353,49.3,30.7,4.6,11.2,4.2,1.9,62.6,21.2,5.7,9.8,0.9,10.9,25.1,577,18,,5,,599,203,195,166,17,13,33.9,32.6,27.7,2.8,2.2,7,492,59,3,15,280,1690,133,20,102,39,68.2,10.3,61.4,23.5,5,5,2,8,5,4,2,7,27.3,25.1,30.2,15.7,597,2,28.8,269,100,,,13,,484,10,,5,3,4,,36,567,16,26,517,40,132,8,759,13,162,218,124,71,2daafaee-9a35-44c7-8e16-5756f274336e,0.183379061608093,2.17926638439122
376,50770,Boyup Brook,2826.4585,5,Western Australia,188,8,481,677,2.3,150,27,254,35,19,4,489,2.8,658,167,368,54.5,26.8,5.2,9.5,3.7,1.9,62.8,18.2,6.4,11,1.3,11.8,31.7,667,4,,3,,677,340,170,117,42,10,50.2,25.1,17.3,6.2,1.5,9,563,62,6,34,220,1212,116,27,64,23,68.2,15.9,54.7,19.7,7,7,7,8,6,6,7,7,31.1,26.8,26.2,16,675,3,27.3,176,159,,,9,,373,19,,7,4,,13,44,472,13,12,409,226,84,14,807,18,171,241,137,96,c9cea95d-19ad-4563-a392-f93ce263650b,0.275475490203235,3.33530822607571
377,50840,Bridgetown-Greenbushes,1337.361,5,Western Australia,571,42,1430,2039,2.3,405,74,798,96,62,12,1448,2.8,1968,497,1230,53.1,26.5,5.8,11,3.7,1.9,68.2,17,5.8,8.2,0.6,12.4,25.8,1954,58,7,16,7,2039,910,697,337,68,26,44.6,34.2,16.5,3.3,1.3,27,1707,218,11,21,280,1408,474,98,199,104,68,14.1,59.1,30.9,7,6,6,8,7,6,5,8,29.1,31.1,26.3,13.9,2034,3,24.2,566,150,,,36,,1361,95,,22,3,,25,86,1639,23,51,1474,261,315,18,2261,52,621,794,327,219,9c0a43cd-ed62-457a-bb8a-89019f3308d3,0.13051117560758,2.20913178654551
378,50910,Brookton,1601.1532,5,Western Australia,98,3,229,332,2.3,68,18,125,14,10,6,230,2.8,319,87,208,52.2,26.8,8.6,8.3,4.3,1.9,66.6,16.4,6.6,9.2,0.5,12.9,27.5,323,10,,,,332,171,63,66,28,7,51.5,19,19.9,8.4,2.1,7,256,43,,,200,1300,44,9,35,14,69.8,14.3,53,21.2,3,3,2,6,3,2,2,5,39.9,25.8,22.2,13.8,333,1,31.1,,,,,,,208,13,,4,3,,3,43,278,4,,222,66,37,,395,15,82,130,56,45,ef03a16c-b71e-401b-a299-5850f7e44f5c,0.153406956735807,2.65870579925483
379,50980,Broome,54401.8236,5,Western Australia,1259,246,3659,5172,2.7,1452,183,1298,589,208,74,3805,3.1,3311,2260,4422,34.4,52.1,2.5,7.7,3.3,1.9,56.4,19.7,6.1,16.2,1.5,7.5,16.5,3992,701,124,258,101,5172,774,1351,2691,175,183,15,26.1,52,3.4,3.5,351,3250,1162,318,125,300,2167,912,168,1683,495,67.5,12.4,62.5,18.4,4,8,8,2,3,7,8,2,31.3,20,26.4,22.3,5101,3,45.8,1715,200,7,,85,,4769,491,14,37,123,208,126,600,6451,66,105,5318,394,871,103,7893,489,1662,1748,713,380,c2eb77cf-c8f6-4a13-af2a-a4da0e57aa20,4.65526610529412,20.9996789503693
380,51080,Broomehill-Tambellup,2609.6612,5,Western Australia,97,6,271,377,2.5,82,21,128,25,13,4,277,3,345,110,242,50.1,32.4,4.7,7.7,5.3,2,64,17.8,5,12.9,1.1,14.6,35.2,367,3,,3,5,377,195,76,61,36,11,51.7,20.2,16.2,9.5,2.9,7,302,32,,,168,781,54,5,36,13,71.1,6.6,59,21.3,4,6,8,7,3,5,8,6,32.3,20.7,28,19.6,372,3,35.2,131,115,,,10,,249,11,,3,,3,4,45,325,,10,257,113,27,,466,13,97,101,88,68,93558378-224c-4364-bff8-d7d56f16126c,0.254668519746247,2.86043891070885
381,51120,Bruce Rock,2724.6944,5,Western Australia,98,8,229,332,2.4,83,11,112,18,5,5,229,3,340,56,199,57.6,25.7,6,8.3,2.8,2.1,60.7,17.3,5.1,17.2,0.8,10,29.3,286,18,,8,16,332,168,61,70,32,4,50.6,18.4,21.1,9.6,1.2,8,262,35,,,160,748,44,9,49,9,72.1,14.8,70,12.9,6,6,6,6,5,5,6,5,40.1,20.8,21.7,16,332,3,21.2,101,193,,,3,,224,11,,,,4,15,39,296,4,3,234,67,32,3,411,13,98,122,42,43,8ba82980-dca7-4ec4-90e3-fc9e1437ec24,0.259907356704616,2.75227473068617
382,51190,Bunbury,65.4163,5,Western Australia,4538,492,8327,13356,2.2,2343,493,3736,1155,599,138,8470,2.8,9751,2941,10841,41.5,36,6.3,11.7,4.4,1.8,65.5,16.9,7.7,8.9,1,11.6,15.8,10171,2556,490,116,28,13356,4091,4208,4557,252,246,30.6,31.5,34.1,1.9,1.8,227,10853,1575,178,55,300,1480,3103,510,2539,1556,73.7,12.1,55.7,34.1,3,3,3,3,3,3,3,3,35.3,28.3,23.1,13.3,13282,2,16.8,5484,75,12,,199,,10036,940,43,54,34,130,158,365,11979,247,327,11204,587,1760,76,14644,850,5354,4847,1423,629,65935da3-23db-434b-8836-f9fe817e9340,0.00633658937886139,0.49888996331893
383,51260,Busselton,1454.0509,5,Western Australia,3737,397,10859,14988,2.5,3663,658,5171,1043,452,82,11067,2.9,14545,3544,9954,52.5,28.8,5.5,10,3.3,1.9,65.6,19.9,6.8,6.7,1.1,11.2,21.1,13238,1366,74,268,36,14988,5419,5370,3526,431,242,36.2,35.8,23.5,2.9,1.6,189,12730,1289,150,37,366,1755,3652,705,1821,1227,68,13.1,51.6,34.8,8,8,7,9,8,7,6,9,25.5,27.5,27.4,19.6,14927,3,30,6167,100,7,,216,3,11915,931,30,101,13,207,274,462,14163,196,306,13012,1736,2744,124,18958,465,5078,6048,2076,1095,6f3d543c-6c4f-4b4a-ae8f-13c1d2d12cdf,0.141433520436067,2.48794645256903
384,51310,Cambridge,21.9555,5,Western Australia,2416,278,7691,10378,2.7,3600,485,2851,485,256,99,7774,3.1,11592,1948,7659,54.7,32.4,4.7,6.3,1.9,1.9,64.2,23.4,7.7,3.7,1.1,13.3,25.8,7619,1202,1540,,16,10378,4103,3693,2201,308,73,39.5,35.6,21.2,3,0.7,116,8157,1669,91,32,450,3000,2771,465,1461,520,75,12.6,66.4,23.6,10,10,10,10,10,10,10,10,12.1,16.8,23.4,47.8,10365,4,10,6108,245,310,,774,,8300,608,74,32,41,391,119,382,11021,380,1386,9138,1938,1611,37,14988,493,3442,4306,1332,732,ab9dedd9-1ffc-415b-87c7-289b62bc92b0,0.00209393968566474,0.292830218084379
385,51330,Canning,64.8791,5,Western Australia,7209,1841,24392,33444,2.8,10577,2023,8669,2090,1218,557,25130,3.1,36345,5046,31459,51.6,35.5,4,6.7,2.3,1.8,67.1,20.7,6.6,5,0.6,10.2,16.1,26598,5434,1317,38,61,33444,10354,11627,10408,653,403,31,34.8,31.1,2,1.2,934,26333,4639,255,27,355,1828,8435,1648,6427,2706,72.5,14.2,61.8,26,8,9,9,8,8,9,9,7,18.7,23.5,26.5,31.4,33289,4,10.6,16236,150,1046,4,1440,3,30657,2157,217,181,109,266,509,449,37035,2803,4964,34190,3101,4903,201,48045,1537,10873,13622,4582,2413,dfcdf2b2-6a9a-453f-9583-357ee4d62a21,0.00619432269218123,0.492120141958377
386,51400,Capel,557.8983,5,Western Australia,1097,131,4995,6221,2.8,2010,387,1903,561,204,36,5093,3.1,6576,1609,4436,52.9,32,3.2,8.5,3.4,1.9,62,23.7,7.1,5.8,1.4,11.6,18.5,5949,188,69,8,8,6221,1752,3013,1311,65,81,28.2,48.4,21.1,1,1.3,81,5241,540,18,10,350,1733,2144,316,771,378,71.2,10.5,58.8,28.8,8,8,6,10,7,7,6,10,19.7,22.5,31.2,26.5,6200,3,12.8,3338,75,5,,144,,6183,460,10,70,21,31,107,105,7127,155,226,6788,504,1230,42,9068,128,1575,2603,1173,662,6a0f4125-e84a-41a4-a107-c2afa8523c92,0.0541513941832363,1.19758892473625
387,51470,Carnamah,2870.9316,5,Western Australia,84,,132,219,2,32,3,83,3,8,,135,2.6,182,57,124,51,28.3,3.2,11.8,5.3,1.8,64.3,14.4,5.5,16.3,,6.6,28.5,206,4,5,4,,219,99,38,56,20,6,45.2,17.4,25.6,9.1,2.7,,184,17,,,150,867,25,7,33,10,65.8,18.4,58.9,17.9,5,4,4,3,4,3,4,3,42.7,28.4,23.9,7.3,218,2,40.7,53,51,,,5,,147,3,,5,,7,3,21,197,,6,153,26,19,,252,5,74,86,23,24,b17a9f97-3a21-4ecf-85b4-7617b8ffca82,0.267821467826025,3.53833807658707
388,51540,Carnarvon,46574.705,5,Western Australia,589,63,1117,1771,2.3,333,74,511,134,81,22,1151,2.9,1223,539,1445,39,43.1,4.6,9,4.3,1.8,61.4,14.5,5.2,17.3,1.5,9.1,17,1320,215,48,147,30,1771,544,373,739,65,40,30.7,21.1,41.7,3.7,2.3,92,1181,379,116,142,209,1300,253,42,490,146,67.8,11.3,66.3,19.8,2,3,3,2,2,2,3,2,42.6,24.9,23.8,8.8,1753,1,53.2,624,100,,,65,,1205,145,3,25,11,43,18,270,1794,21,75,1373,224,204,33,2279,156,648,607,196,129,4d22068e-26d0-483d-8a42-73a51ea984bc,4.14415880482784,15.0338138865912
389,51610,Chapman Valley,3981.3333,5,Western Australia,80,6,422,506,2.7,141,39,213,21,11,5,426,2.9,596,145,268,58.5,27.5,3.3,7.4,4,2,60.8,19.2,6.2,12.8,1.1,10.2,22.5,480,,,26,3,506,199,214,57,27,6,39.3,42.3,11.3,5.3,1.2,8,383,72,4,26,260,2000,144,23,33,11,67.3,10.7,57.9,19.3,9,8,7,10,8,8,7,10,21.6,21.4,33.3,23.2,504,4,27.2,176,100,,,10,,468,21,,5,,,16,30,558,,6,498,80,108,,747,8,96,213,105,78,02434116-a15b-480e-955a-2efe2c42fbef,0.366327729032264,3.95016383118916
390,51680,Chittering,1219.9032,5,Western Australia,306,19,1605,1926,2.8,551,188,760,99,59,6,1669,3,2390,445,1279,56.5,28.7,3.3,8.3,3.2,1.9,63.9,18.5,7.5,9,1.1,11.3,17,1902,3,15,,3,1926,612,1084,158,50,26,31.8,56.3,8.2,2.6,1.3,34,1628,153,15,26,320,2100,690,151,98,38,63.7,13.9,62,24.1,9,8,6,10,9,8,6,10,16.5,20.7,34.5,28.4,1925,4,20,877,100,,,33,,1809,109,,44,5,3,69,69,2140,48,60,1963,323,358,22,2893,18,307,721,461,403,79045128-1905-4db6-8511-016c141579c0,0.11565813156335,1.95067778846437
391,51710,Christmas Island,136.1356,9,Other Territories,131,4,292,422,2.5,130,22,116,22,11,,295,3.1,421,89,272,49.3,36.3,2.2,8,4.2,1.9,50.6,15.5,2.7,30.2,0.5,5.6,16,193,96,127,3,6,422,107,63,204,41,9,25.4,14.9,48.3,9.7,2.1,21,251,130,,,150,1300,47,3,159,20,74.6,4.8,77.9,9.8,5,7,7,2,4,6,6,2,38.1,24,24,13.2,425,3,32.4,185,245,,,49,,533,51,,3,15,,8,21,677,9,57,588,20,53,11,771,31,167,129,62,24,0f3cf804-93c8-4b60-bc07-947f7df71327,0.0112426246076893,0.68903850802362
392,51750,Claremont,4.9554,5,Western Australia,1403,175,2821,4399,2.3,1059,149,1186,273,125,45,2839,2.9,3954,726,3577,46.9,35.2,6.5,8.8,2.6,1.8,68.1,17.7,8.2,5.4,0.7,13,26,2070,999,1324,,3,4399,1809,1121,1276,142,49,41.1,25.5,29,3.2,1.1,52,3333,807,5,5,485,3000,802,165,708,449,71.5,14.7,55.5,35.2,10,10,10,10,10,10,10,9,13.5,23.2,28.5,34.7,4386,4,16.5,2193,301,307,,204,,2813,217,13,9,26,122,36,173,3930,126,612,3097,713,593,22,5382,243,1832,1655,432,190,7142757a-4ef2-49d3-a1f4-e3617a57c07e,0.000472854825147806,0.11816072326884
393,51820,Cockburn,167.9415,5,Western Australia,10049,1398,32070,43510,2.6,12829,2639,11831,3299,1729,484,32804,3,41696,11060,34442,47.8,36.8,3.9,8.4,3.1,1.8,64,22.7,7.2,5.1,1,10.7,13.6,35391,5041,2832,212,42,43510,11402,20246,10951,462,458,26.2,46.5,25.2,1.1,1.1,669,35785,4986,254,22,370,1950,14976,2555,6524,3229,74,12.6,59.6,29.5,9,9,8,10,9,9,8,9,19.6,22.3,27.6,30.5,43353,4,10.5,21256,106,1685,4,969,15,40804,2707,179,302,148,242,791,599,48444,2724,4995,45185,4284,7256,201,62912,1746,14079,18228,5883,3108,cc710178-0ddd-4581-ba10-7942b42f4c82,0.0160474292893014,0.950975634270969
394,51860,Cocos Islands,13.7258,9,Other Territories,9,,114,122,3.8,61,17,69,,3,,154,3.1,261,23,68,74.3,16.5,3.6,4.3,1.7,2,57.8,14.8,6.6,19.1,0.9,6,15.6,122,,,,5,122,11,4,82,19,9,9,3.3,67.2,15.6,7.4,9,77,19,8,113,231,1972,,,55,3,,,67.1,3.7,1,2,2,5,1,2,2,4,48,15.4,27.6,8.9,123,1,39.7,,,,,5,22,47,9,,,30,16,7,33,159,61,82,79,10,10,,239,,32,38,20,24,4b2c41aa-31db-4554-99d8-08b839836e8d,0.0011399120793385,1.16343099303921
395,51890,Collie,1709.815,5,Western Australia,1067,86,2253,3404,2.3,648,179,1047,249,141,32,2292,2.9,2750,858,2601,43.9,34.6,6.1,11.2,4.2,1.9,65.7,16.2,8.4,8.6,1.1,12.8,17.4,3165,108,104,17,16,3404,1384,1226,665,44,81,40.7,36,19.5,1.3,2.4,66,2792,350,28,33,250,1300,907,113,353,222,74,9.2,53.1,33.4,2,1,1,3,2,1,1,3,40,26.5,24.7,8.8,3384,1,18,1405,55,3,,69,,2258,216,6,22,6,8,38,75,2703,42,89,2511,106,545,22,3420,165,1042,1220,553,353,832b25a0-a4ca-4f01-b338-80354bda3a49,0.165494680700476,2.6415688248086
396,51960,Coolgardie,30297.6977,5,Western Australia,350,30,739,1126,2.3,242,37,318,103,30,15,753,2.9,787,369,833,38.7,42.7,3.6,10.6,4.6,1.8,53.9,16.2,5.5,23.5,1,6.2,11.2,998,83,19,12,8,1126,314,364,391,21,33,27.9,32.3,34.7,1.9,2.9,29,867,161,15,33,200,975,278,31,280,61,76.4,8.5,71.6,15.6,2,1,1,2,1,1,1,2,41.1,27,24.4,7.2,1118,1,38.1,329,180,,,63,,872,89,,19,6,3,19,61,1127,30,79,987,21,167,16,1359,58,370,394,186,101,35ee07ee-3803-4fc4-acaa-e1bf1172fa14,2.86696541527749,7.90884637184372
397,52030,Coorow,4189.8721,5,Western Australia,135,3,280,418,2.1,61,9,188,12,6,3,279,2.6,380,113,220,55,23.6,6,11.7,3.3,1.9,65.7,13,6.1,15.3,0.3,11.9,29.9,394,11,,7,7,418,223,88,73,29,4,53.3,21.1,17.5,6.9,1,4,361,34,,,210,1200,53,14,38,14,60.2,15.9,52.1,19.2,5,4,3,7,5,4,3,6,39.5,25,23.6,10,420,2,56,95,150,,,,,210,16,,11,,,10,33,281,4,,228,79,59,7,426,6,121,157,76,49,04abf045-946d-4638-8ae4-43c4a8366a1e,0.391819005596517,4.2250054168963
398,52100,Corrigin,2681.271,5,Western Australia,126,3,262,395,2.3,79,18,148,12,3,3,269,2.9,400,84,205,57.5,25.7,5.9,8.9,3.1,2.1,68.9,16.8,6,7.2,1,12.2,40.1,372,17,,5,,395,196,86,81,27,7,49.6,21.8,20.5,6.8,1.8,3,322,40,,,180,867,62,5,58,4,72.1,5.8,71.6,4.9,8,8,7,9,8,7,7,8,33.8,25.2,28.8,12.2,393,3,22.6,91,100,,,3,,303,8,,3,,3,11,48,381,9,3,313,96,38,4,527,6,120,142,63,51,79ee2a5c-3f84-4408-a022-6da6225867d5,0.256884291970891,2.74680371187205
399,52170,Cottesloe ,3.8564,5,Western Australia,782,129,2085,2998,2.5,831,112,915,152,66,25,2102,3,2976,648,2317,50.2,35.1,4.4,8.2,2.1,1.9,65.1,18.9,10,5.3,0.7,14.1,27.3,2058,364,581,,,2998,1333,775,813,47,30,44.5,25.9,27.1,1.6,1,27,2286,511,3,4,535,3835,509,147,503,218,65.7,19,61.9,26.8,10,10,10,10,10,10,10,10,8.7,19.4,29.6,42.3,2987,4,17.2,,,234,,75,,2274,133,8,5,14,88,22,92,2945,80,378,2460,622,447,26,4120,96,984,1242,430,220,60ee92c3-07f8-4f5d-8479-f25b879b9cc5,0.00036799969166168,0.099863897348103
400,52240,Cranbrook,3276.0464,5,Western Australia,127,5,274,405,2.3,95,21,134,17,8,7,272,2.9,383,102,227,54.5,29.4,3.4,10.2,2.2,1.9,64.6,18.5,4.6,11,1.2,11.3,29.7,391,,3,5,8,405,186,68,95,54,8,45.9,16.8,23.5,13.3,2,9,322,47,,,168,1083,47,14,60,18,69.1,20.6,63.2,18.9,4,5,7,6,4,5,7,5,33.9,27.2,25,14.4,404,2,34.6,138,48,,,,,280,17,,3,,,4,48,357,,4,294,102,55,9,525,8,119,134,92,53,a789206f-3106-4852-b244-b0cb63a24df8,0.320862781390815,4.03938976340466
401,52310,Cuballing,1195.3369,5,Western Australia,98,7,246,359,2.3,63,20,143,15,12,3,249,2.7,348,77,214,55.8,27.1,5.6,7.8,4.5,1.9,70.2,14.8,5.6,9.3,0.4,15.2,27.5,356,,,6,,359,189,98,52,16,4,52.6,27.3,14.5,4.5,1.1,3,290,40,,,200,1127,60,8,26,7,61.2,8.2,50,13.5,5,5,4,7,5,4,4,6,32.9,26.4,27.2,12.4,356,2,25.6,69,100,,,,,252,11,,4,,,7,21,299,10,,272,60,48,8,419,3,93,114,68,77,ec4394c6-3536-47e7-87fc-14817b26930b,0.114994269448971,1.79173022535838
402,52380,Cue,13582.1956,5,Western Australia,41,5,20,70,1.5,,3,18,,5,,24,2.1,31,9,57,34,38.3,2.4,18.7,2.9,1,78.9,4.3,,16.3,,2.4,11.5,55,,,10,3,70,34,5,14,6,12,48.6,7.1,20,8.6,17.1,,48,6,,,100,725,3,,10,,60,,71.4,,2,2,4,2,1,2,4,2,50,38.6,7.1,0,70,1,66.2,,,,,22,,38,9,,3,,,16,17,105,,25,50,5,,5,111,,20,23,11,5,c8f138a4-a8de-405a-9bba-4fa39bf834f0,1.23837616040601,6.86646295558457
403,52450,Cunderdin,1862.4457,5,Western Australia,141,7,301,447,2.5,121,24,123,13,11,3,305,3.1,427,84,292,50,34.6,5.6,6.9,3,2.1,61.8,20.8,7.3,9,0.6,10.3,30.7,433,9,,4,,447,182,126,106,28,7,40.7,28.2,23.7,6.3,1.6,9,360,42,,,200,1200,85,13,77,18,67.5,10.3,72.6,17,8,6,5,6,7,6,5,5,35.4,24,25.3,13.9,446,3,32.2,134,160,,,4,,360,26,,11,,,12,28,434,9,6,388,69,65,6,580,17,114,161,91,54,44db0826-b5a0-4373-8ca7-16267f828833,0.176994158036678,2.29971128009788
404,52520,Dalwallinu,7224.3566,5,Western Australia,111,9,309,431,2.6,130,17,140,12,10,3,314,3,469,87,270,58.5,27.6,5.6,5.7,2.3,1.9,55.9,19.6,6.9,16.3,0.9,11.3,32.4,397,11,,16,9,431,191,102,102,28,11,44.3,23.7,23.7,6.5,2.6,8,344,47,,,230,1083,77,6,66,11,75.5,5.9,64.7,10.8,10,9,9,9,10,9,9,9,27,23,30.5,19.7,426,4,30.9,169,166,,,4,,419,29,,8,,7,6,72,541,13,6,460,72,46,5,671,7,113,176,74,48,a1e0e2b8-c718-48ae-8e89-3f34a1d365dc,0.676286786503852,5.13960762697074
405,52590,Dandaragan,6711.5721,5,Western Australia,359,29,866,1253,2.2,213,50,528,57,26,7,883,2.7,1174,335,714,51.7,29,5.7,9.9,3.9,1.8,69.7,13.4,5.2,11.2,0.6,8.9,24.4,1152,35,9,48,16,1253,587,312,277,61,19,46.8,24.9,22.1,4.9,1.5,20,1042,103,25,69,310,1560,199,37,163,58,63.8,11.9,58.8,20.9,7,6,4,8,6,6,4,7,32.5,29.6,24.9,13.2,1251,3,55.4,418,100,6,,22,,839,73,,22,7,13,48,78,1104,27,40,942,208,215,19,1571,22,365,501,216,129,2196cd2d-81ca-4d46-8cc8-f83420ef5c6b,0.630895132720525,4.18819107112584
406,52660,Dardanup,525.8017,5,Western Australia,1182,110,4014,5302,2.6,1442,312,1719,404,166,37,4080,3,5177,1470,3620,51.1,31.1,5.7,8.9,3.3,1.9,62.6,21.9,7.4,6.9,1.2,11.9,16.7,4886,303,15,93,6,5302,1627,2397,1008,192,82,30.7,45.2,19,3.6,1.5,48,4587,390,20,14,340,1690,1745,273,591,283,72.8,11.4,58.6,28.1,8,6,3,9,7,5,2,9,23.3,26,30.9,19.7,5289,3,12.5,2523,76,,,128,,4797,372,10,48,20,13,58,92,5536,127,193,5289,328,1006,27,7025,131,1572,2192,873,476,673e0afe-ec13-44d1-95b0-a71aee2fb07b,0.0509684072364962,1.69896913758991
407,52730,Denmark,1859.8487,5,Western Australia,703,56,1594,2362,2.3,484,73,837,155,54,4,1613,2.8,2097,574,1503,50.1,28.8,5.2,12.6,3.4,1.8,65.6,17.3,6.2,9.4,1.3,12.5,29.3,2162,169,3,15,16,2362,1105,645,484,94,42,46.8,27.3,20.5,4,1.8,44,1926,277,84,133,300,1517,426,102,228,195,66,15.8,47.1,40.3,7,7,9,7,7,7,9,6,27.6,31.7,24.5,15.9,2355,3,35.8,848,200,,,21,,1443,109,,15,7,22,41,146,1798,14,21,1571,405,340,32,2592,55,841,954,334,147,b09fb7e1-7dfa-4480-b57c-ceadbb3f3313,0.183404546769452,2.94684822694623
408,52800,Derby-West Kimberley,119730.9696,5,Western Australia,552,42,1241,1844,2.9,463,72,450,270,101,69,1424,3.2,1145,756,2010,31.6,55.4,3.3,5,4.6,2.1,51.3,16.8,9.5,20.4,2,8.6,11,1588,134,4,78,43,1844,175,134,1334,140,69,9.5,7.3,72.3,7.6,3.7,275,1083,377,250,271,100,1629,81,23,993,102,60.4,17.2,74.4,7.6,1,1,2,1,1,1,2,1,61.5,15.4,17.5,5.5,1824,1,49.3,418,221,,,46,,977,151,,19,4,21,48,449,1710,22,49,1146,87,139,39,2001,561,625,360,134,82,8fc8a8fb-7937-4f81-b88b-44cac11080d0,10.2040170061364,48.0754118407232
409,52870,Donnybrook-Balingup,1559.856,5,Western Australia,565,49,1691,2305,2.4,493,106,917,111,81,18,1726,2.8,2306,609,1457,52.3,28.1,5.4,10.4,3.6,1.9,68.6,16.6,6.8,7.1,1,12.7,23.2,2221,44,3,23,12,2305,996,867,337,68,33,43.2,37.6,14.6,3,1.4,48,1911,237,27,46,290,1562,589,123,187,105,67.9,14.2,55.5,31.2,6,6,5,9,6,6,4,8,27.4,27.9,27.9,16.7,2305,3,18.3,871,100,,,19,,1647,142,,23,4,8,42,108,1998,34,40,1822,315,390,34,2774,35,649,880,428,281,531ec390-0fe8-4529-83cc-a23f576b5da4,0.151641107874866,2.4292447484464
410,52940,Dowerin,1863.0851,5,Western Australia,104,6,176,282,2.3,62,7,92,17,4,,178,3,260,45,167,52.2,27.3,6.6,10.2,3.9,2.2,62.5,18.1,10.4,8.4,1.4,11.8,39.1,271,4,,10,,282,133,59,58,24,9,47.2,20.9,20.6,8.5,3.2,,227,27,,,150,687,50,,36,7,84.7,,62.1,12.1,6,7,8,5,5,6,8,4,35.1,31.9,20.2,11,282,3,32.7,52,100,,,5,,168,8,,6,,,11,24,227,8,3,176,54,34,,318,4,92,102,45,29,c9af948d-2143-462b-b6ca-a0dd8753d649,0.176149511695257,2.42573629077805
411,53010,Dumbleyung,2539.2249,5,Western Australia,71,9,162,235,2.3,58,3,88,8,,,161,2.9,236,56,113,58.5,28,3.5,7,3.9,1.9,54.1,20,7,18.7,0.9,8.7,34.4,224,8,,,,235,129,44,29,24,5,54.9,18.7,12.3,10.2,2.1,,196,17,,,150,515,31,3,19,5,70.5,6.8,65.5,17.2,8,8,9,8,7,8,8,7,30.8,26.9,26.4,20.3,227,3,32.5,79,54,,,,,149,3,,4,4,4,,30,202,,,161,79,25,,312,3,53,93,36,43,6331d03f-e371-41fd-ab3b-ddeaf7da121f,0.245610973316388,3.05361911093698
412,53080,Dundas,92886.3668,5,Western Australia,128,4,127,258,1.8,22,3,63,17,17,5,127,2.6,115,60,225,30.8,43.2,5.7,14,6.3,1.7,68.3,7.8,2.2,21.8,,8.3,10.5,248,4,,7,5,258,109,33,70,21,28,42.2,12.8,27.1,8.1,10.9,4,190,31,13,124,150,600,14,7,54,3,42.4,21.2,77.1,4.3,1,1,1,1,1,1,1,1,56.9,24.7,13.7,3.9,255,1,59.7,65,250,,,11,,107,19,,3,4,9,16,50,211,4,11,129,11,26,3,262,22,111,64,19,18,4b327d6e-a353-4afa-869e-1b87089d184c,8.86662199299144,21.2059229311945
413,53150,East Fremantle,3.1384,5,Western Australia,777,85,2058,2913,2.5,841,146,812,177,79,19,2075,3,2788,700,2224,48.1,34.5,5.2,9.5,2.7,1.8,64.7,20.6,8.9,4.6,1.1,14,22.4,1926,548,424,9,3,2913,1191,1017,652,25,20,40.9,34.9,22.4,0.9,0.7,27,2312,459,14,18,420,2600,734,139,398,188,72.2,13.7,61,28.8,10,10,10,10,10,10,10,10,14.3,22.4,24.5,38.9,2909,4,12.6,1504,240,46,,131,,2385,122,13,5,17,43,23,102,2884,136,292,2574,512,474,7,4016,124,1037,1197,371,168,60569fa9-1e87-4509-adb5-f9429d5a511d,0.00029965917701702,0.0769044714392536
414,53220,East Pilbara,372295.6721,5,Western Australia,430,45,1166,1644,2.9,590,52,405,146,51,24,1264,3.3,1248,777,1302,36.6,49.5,1.2,8.5,4.1,2,47.5,16.7,6.2,27.2,2.3,5.8,11.4,1491,58,38,33,28,1644,127,79,1220,166,49,7.7,4.8,74.2,10.1,3,118,1136,288,248,120,105,1083,64,5,935,58,81,6.3,76.6,4.8,3,5,5,2,2,4,4,2,26.7,37.3,27.7,8.2,1626,2,55.1,774,200,8,,776,,1792,352,21,45,21,48,546,424,4037,223,901,2296,95,439,60,4859,163,565,575,198,102,36ad3584-d007-48f0-8e4f-4a6ee8390851,32.5235694055073,33.7379698835125
415,53290,Esperance,44797.5456,5,Western Australia,1461,139,3389,4990,2.4,1134,229,1550,314,173,50,3441,2.9,4233,1350,3472,47.5,34.2,6,8.8,3.4,1.9,62.9,18.2,6.6,11.2,1.1,10.3,24.3,4339,413,95,72,67,4990,1766,1497,1403,239,88,35.4,30,28.1,4.8,1.8,83,3961,625,61,44,265,1560,1039,161,861,319,69.4,10.8,61.4,22.7,7,6,4,7,6,5,4,6,32.3,27.1,25.4,15.1,4966,3,27.5,1561,190,4,,42,,4314,265,8,67,36,69,66,252,5115,67,61,4639,572,704,53,6504,223,1524,1908,743,514,1bd70d70-5f43-4dc3-8a41-025d7b608b12,4.33338855319334,17.419767185228
416,53360,Exmouth,6488.2097,5,Western Australia,282,80,744,1097,2.5,275,33,365,45,28,5,758,2.9,837,430,824,40.9,44.6,2.5,9.5,2.4,1.8,65.2,19,4.2,10.4,1.3,6.9,24.3,856,25,50,146,17,1097,248,346,444,35,30,22.6,31.5,40.5,3.2,2.7,51,708,246,38,59,330,2103,200,54,259,94,57.8,15.6,58.3,21.2,9,8,6,7,9,8,5,6,27.6,27.5,28.4,15.9,1089,4,59.2,424,150,,,18,,967,76,,15,17,93,20,158,1369,28,25,1066,121,203,16,1733,20,335,413,167,137,1a581a9b-ebfc-40d0-b7f0-3e4d2f169626,0.569512862654619,7.00958496180453
417,53430,Fremantle,19.2892,5,Western Australia,4380,727,8042,13148,2.2,2612,466,3665,775,500,112,8131,2.8,9164,3883,10652,38,42.3,4.9,11.8,3.1,1.7,67.6,17.1,7.4,6.9,0.9,12.6,19.3,7871,2932,2154,160,31,13148,4307,4285,4168,222,168,32.8,32.6,31.7,1.7,1.3,253,9392,2862,201,64,370,2167,3217,513,2423,1234,75.1,12,58.1,29.6,9,9,10,7,9,10,10,5,23.3,22.2,25.6,28.9,13086,4,16.9,5933,202,489,,484,7,8907,613,58,56,73,374,181,661,11900,732,1592,9882,1857,2020,71,16569,1113,5448,4698,1158,562,c2bf068b-3240-4339-822e-b9754c0ce12f,0.00184199662635365,0.425229097706342
418,53570,Gingin,3208.3585,5,Western Australia,539,77,1412,2026,2.4,381,105,812,90,54,22,1459,2.7,1973,477,1409,51.5,30,4.8,10.1,3.7,1.9,69.5,14,7.2,8.7,0.5,11.1,19.5,1912,43,22,39,7,2026,870,695,329,91,48,42.9,34.3,16.2,4.5,2.4,53,1656,201,18,34,270,1700,424,104,184,72,61,15,55.9,21.9,5,5,3,8,5,4,3,8,31.3,27,27.9,13.9,2011,2,51.1,658,108,4,,78,,1261,171,6,39,10,14,68,139,1788,47,102,1470,292,314,42,2487,34,540,752,373,285,ec9f11b7-0291-49f3-bd72-f7e6e977ec4d,0.303605139650699,2.64622760918297
419,53640,Gnowangerup,4265.0423,5,Western Australia,115,8,312,437,2.5,125,23,137,15,10,3,319,3,453,105,262,54,29.9,4,7.7,3.9,2,60.8,22.2,7.6,8.2,1.4,13.2,40,425,4,,,5,437,186,92,97,53,9,42.6,21.1,22.2,12.1,2.1,8,346,39,,,180,780,74,9,68,9,80.4,9.8,70.1,9.3,7,7,7,8,6,7,7,7,29.1,26.3,28.4,16.4,433,3,35.5,126,300,,,3,,354,23,,6,,3,10,60,459,3,7,382,101,34,3,610,9,84,170,77,89,63b4f72d-7ca3-44dd-a8ee-78d263914883,0.416500074024498,3.64485888272151
420,53710,Goomalling,1835.4294,5,Western Australia,122,4,253,383,2.2,71,20,129,20,11,6,253,2.8,351,76,236,53.2,27.1,6.1,11.1,3,2,62.8,18.3,5.7,13.4,0.4,14.1,28.5,361,19,,4,,383,187,88,75,25,14,48.8,23,19.6,6.5,3.7,,318,35,,,200,1000,69,5,39,19,78.4,5.7,52,25.3,7,6,5,7,6,5,5,6,39.4,22.8,24.3,13.8,378,3,27.5,77,128,,,,,272,12,,8,,,6,33,330,5,,287,68,35,13,440,11,108,134,64,55,a1f50c0e-ddfc-4812-9efa-2431b2c98c78,0.173777691672058,2.28003599653416
421,53780,Gosnells,127.2976,5,Western Australia,9334,1346,31996,42675,2.8,13866,2886,10339,3423,2008,599,33116,3.2,44865,7640,38860,49.8,34.9,4.4,7.8,3.2,1.9,63.6,21.9,6.8,6.9,0.8,10.4,12,37916,3746,801,176,40,42675,11247,19426,10592,786,623,26.4,45.5,24.8,1.8,1.5,1356,33878,5454,297,24,330,1733,13744,2996,6119,3258,70.8,15.4,57.8,30.8,5,6,6,8,5,6,5,7,23.6,24.6,26.7,25.1,42456,3,9.9,20175,100,1213,,980,17,39379,2954,246,385,131,136,779,407,46623,2675,4480,43829,2920,5925,255,58391,1775,13766,16665,6264,3624,e29a8e0f-94e3-426c-903e-71857b81f2b8,0.0121577034742586,0.57766278606533
422,53800,Greater Geraldton,9909.0002,5,Western Australia,4020,399,9920,14338,2.4,3210,693,4238,1265,586,159,10147,2.9,11714,3718,11060,44.3,36.8,5.8,9.2,3.9,1.9,63.1,18.4,6.9,10.4,1.1,10.9,16.3,12367,1519,230,154,67,14338,4554,4998,4238,303,251,31.8,34.9,29.6,2.1,1.8,300,11738,1528,253,64,260,1519,3591,495,2620,1094,71.8,9.9,61.8,25.8,5,4,4,6,4,4,3,5,32.9,25.2,25.3,16.6,14245,2,20.9,4814,123,4,,204,5,12461,1032,31,160,95,163,214,390,14752,172,263,13640,781,2188,69,17963,679,4858,5457,2010,1101,01815a97-4bb7-4ebc-8174-284607decc9a,0.9137655831762,8.98109880081772
423,53920,Halls Creek,133045.9733,5,Western Australia,246,19,642,908,3.3,260,32,145,222,76,44,778,3.4,471,398,1340,27.6,60.9,3.2,4.7,3.8,2,48.5,11.7,17.1,15,7.9,16.1,9.3,740,80,15,48,30,908,64,12,661,106,70,7,1.3,72.8,11.7,7.7,224,370,221,326,669,90,1600,8,,481,53,66.7,,72.8,8,1,1,1,1,1,1,1,1,74.9,10.6,12.4,2.7,865,1,48,93,153,,,21,,275,67,,3,,,14,281,671,15,25,353,25,40,41,786,398,285,108,33,23,86c0f113-7743-4e6b-a819-108f31fbd08b,11.4258301026157,19.1459609867303
424,53990,Harvey,1727.607,5,Western Australia,2058,211,7815,10077,2.7,2868,583,3334,781,349,84,8001,3,10464,2498,7032,53,30.8,4.3,8.6,3.3,1.9,64,21.7,7.3,5.7,1.2,11.8,18.1,9503,360,47,149,13,10077,3264,4477,2036,190,110,32.4,44.4,20.2,1.9,1.1,161,8596,792,118,43,320,1733,3223,464,1168,598,72,10.4,57.4,29.4,7,6,3,10,6,5,3,9,24.2,23.6,32.7,19.5,10044,3,15.4,4792,100,3,,262,,9078,765,24,99,28,42,201,199,10708,219,386,10049,697,1797,65,13484,238,2719,4225,1737,1022,abb6bb49-d8a5-4a92-a049-3173c9064e60,0.166875466413558,2.34692818998202
425,54060,Irwin,2369.3298,5,Western Australia,437,26,973,1437,2.2,237,78,529,89,36,10,984,2.7,1261,332,935,51.7,26.6,6.7,11.1,3.9,1.8,67.8,14.2,5.2,11.7,1,10.5,21,1238,130,23,31,11,1437,650,355,345,41,38,45.2,24.7,24,2.9,2.6,22,1185,138,10,26,250,1537,217,48,175,118,61.1,13.5,50.7,34.2,5,4,2,6,4,3,2,5,40.9,26.4,22.9,10,1422,2,34.1,376,129,,,30,,851,67,,15,6,10,36,67,1076,12,26,934,133,219,25,1465,50,496,517,214,119,7bf75029-9fb0-4f59-80c6-f9b123dd6c68,0.220072886883145,2.26514741269488
426,54130,Jerramungup,6511.1803,5,Western Australia,140,3,283,424,2.4,109,12,141,15,4,,287,3,394,113,219,54.9,31,3.5,8.8,3,2.1,61.5,23.3,5,9.9,0.5,8.5,37.9,391,14,,19,4,424,164,99,106,53,,38.7,23.3,25,12.5,,11,333,40,4,35,186,1004,69,11,60,23,69.7,11.1,56.6,21.7,8,8,8,9,8,8,8,8,26,25.5,31.9,16.2,427,4,53.1,119,150,,,11,,289,21,,4,,,7,53,388,3,11,321,130,56,4,589,8,115,152,91,63,0159b7ee-9b14-47a6-a3dc-18d07e8cec77,0.63591451450543,5.02450543762418
427,54170,Joondalup,98.942,5,Western Australia,10704,1205,45607,57522,2.7,17969,4373,17825,3669,2171,456,46463,3,65867,11905,42616,54.6,30.8,4.1,7.8,2.7,1.8,64.2,21.9,9.2,3.7,1,11.2,16.1,50982,4900,1483,120,32,57522,20879,26203,9295,614,529,36.3,45.6,16.2,1.1,0.9,422,50129,4293,246,16,400,2080,19451,2880,5423,2764,74.2,11,58.3,29.7,10,9,9,10,10,10,9,10,15.1,22,26.6,36.3,57348,4,7.8,29911,120,3259,4,702,15,51230,3100,170,495,199,319,954,836,61286,3841,7432,56651,7941,10430,240,83741,1451,15938,25740,8972,4897,884c230d-2af7-4a12-8940-4ffe136b6fbe,0.0094208639302451,0.502512968118113
428,54200,Kalamunda,324.2958,5,Western Australia,4623,466,16165,21248,2.6,5983,1424,6515,1498,917,213,16548,3,22035,4839,16366,50.7,32.2,5,8.8,3.3,1.9,64.2,21.4,8.5,5,1,12.3,16.8,19923,1048,86,165,20,21248,7484,9588,3538,372,266,35.2,45.1,16.7,1.8,1.3,307,18111,1850,169,30,370,1907,6914,1219,2004,1097,72.1,12.7,56.6,31,9,9,8,10,9,9,7,10,19.1,24.9,28.6,27.3,21175,4,9.3,9669,150,125,,622,10,19557,1100,79,285,84,72,404,330,22661,593,1180,21147,2137,3464,114,28979,597,5847,8596,3526,2434,8a538ca6-84ab-4bf5-b5ab-a889f1480c10,0.0309535541632613,1.02474409038596
429,54280,Kalgoorlie-Boulder,95500.292,5,Western Australia,2725,369,6899,9991,2.6,2830,488,2551,711,342,114,7033,3.1,7747,3541,7592,41.1,43.7,3.1,8.2,3.9,1.9,60.3,21.4,5.3,11.9,1,7.1,12.5,8110,1569,125,150,26,9991,1832,4119,3667,140,234,18.3,41.2,36.7,1.4,2.3,236,7722,1444,283,93,300,1600,3211,308,2733,503,78,7.5,74.5,13.7,8,7,4,8,7,7,3,7,22.6,25.1,32.3,19.9,9896,3,25.3,4038,200,4,,361,14,10699,1150,94,132,63,80,127,460,13186,231,480,12072,387,1428,64,15298,479,3053,3859,1516,872,f7a923fb-229f-4f33-94c8-9f24fa8cb0d6,8.99926982268721,18.864203620687
430,54310,Karratha,15238.2934,5,Western Australia,1360,212,4741,6308,2.8,2460,236,1595,372,121,51,4826,3.2,5520,2689,4078,44.9,43.8,1.2,6.6,3.5,2,49.7,25.5,4.8,18.6,1.4,5.8,15.6,4951,893,330,97,34,6308,448,1518,3828,388,124,7.1,24.1,60.7,6.2,2,166,4799,955,104,38,285,2000,1171,134,2753,428,77.1,8.8,71.9,11.2,10,9,6,9,9,9,6,8,15.1,26,37,21.8,6271,4,37.6,3897,195,9,,355,,7475,752,29,70,61,65,162,378,9367,155,433,8365,279,1279,51,11129,211,1566,2768,1086,552,56b92edf-1c1a-403e-87e0-420703b62eea,1.3242001660642,21.5439577663067
431,54340,Katanning,1518.1854,5,Western Australia,422,58,983,1456,2.5,313,62,460,100,61,17,1010,3,1290,336,1180,47.4,37.1,6,6.6,3,2,67.6,15.7,5.4,10.5,0.9,11.5,20.5,1313,126,5,5,6,1456,481,445,437,46,40,33,30.6,30,3.2,2.7,59,1103,210,23,57,200,1055,323,68,311,78,72.6,15.3,71.2,17.8,2,2,1,3,2,2,1,2,40.3,27.1,22.6,9.8,1444,1,21.8,442,103,,,66,,1223,144,,16,3,3,17,87,1562,20,70,1382,100,118,21,1816,104,468,493,203,146,c3674912-d7cb-4ff7-9070-c5ed4e3cfb62,0.147554405200026,2.07145778053126
432,54410,Kellerberrin,1915.433,5,Western Australia,143,12,281,436,2.2,73,24,148,20,17,3,283,2.8,345,113,320,45.5,32.2,7.6,10.7,3.5,1.8,69.6,11.4,4.2,13.2,0.9,12.4,22.7,400,12,19,3,3,436,193,106,96,33,10,44.3,24.3,22,7.6,2.3,7,340,57,7,63,160,867,73,16,58,21,68.9,15.1,60.4,21.9,2,2,2,2,2,2,2,2,46.3,21.8,21.8,11.3,432,1,31.4,107,159,,,3,,263,14,,13,3,,6,46,355,5,10,283,49,53,13,472,32,122,137,72,63,199d10df-04a5-41e6-8b77-8125ef377770,0.181996848279141,2.23096026560091
433,54480,Kent,5624.5818,5,Western Australia,52,4,111,174,2.6,66,3,45,,5,,119,3.3,171,45,83,54.1,35.7,2.2,5.9,2.4,2.1,58.1,25.7,2.7,13.5,2.4,8.1,34.9,167,,,,,174,77,18,42,32,,44.3,10.3,24.1,18.4,,,129,18,,,105,230,11,,28,4,61.1,,66.7,9.5,10,9,9,10,10,9,9,9,21.8,28.7,21.3,27,174,4,35,47,50,,,3,,133,,,4,,,8,29,179,,8,134,54,12,10,258,,33,51,35,43,a77d8c2a-1e2a-43e6-a6cd-c48cde062a53,0.546059347422897,4.61085119593375
434,54550,Kojonup,2930.9925,5,Western Australia,251,17,467,737,2.3,168,41,221,33,14,,475,3,676,166,459,53.8,29.4,6.3,6.5,3.7,2,64.2,18.8,6.5,8.9,1,11.6,35.1,696,30,,5,3,737,305,156,192,57,27,41.4,21.2,26.1,7.7,3.7,9,591,67,4,22,200,1073,114,15,126,38,73.1,9.6,65.6,19.8,7,7,8,7,6,7,8,6,32.7,25.6,23.8,18.3,727,3,29.9,361,61,,,11,,514,43,,10,,4,16,76,673,8,11,560,180,97,11,967,34,180,253,116,135,b31ceb26-bb48-4040-95fd-aff9eadf6d55,0.28571539875702,2.87759088643462
435,54620,Kondinin,7440.8016,5,Western Australia,99,9,202,297,2.2,62,6,103,19,9,3,199,2.8,277,60,174,51,29.5,5.1,8.4,4.6,1.9,63.2,17,7.3,11.5,1.4,13.1,38.3,282,6,,4,,297,136,49,76,24,10,45.8,16.5,25.6,8.1,3.4,4,236,35,4,36,148,650,30,,57,13,61.2,,75,17.1,5,6,7,7,5,5,6,5,35.9,22.9,27.2,12.3,301,3,35.5,70,103,,,5,,217,13,,8,,11,13,54,322,6,10,238,84,34,7,459,10,92,100,48,42,7e4aa4cd-89ba-45f1-b2c7-9ef71c379f71,0.713434090479495,5.31490599846367
436,54690,Koorda,2832.313,5,Western Australia,56,4,94,157,2.2,29,3,53,3,,,95,2.9,142,33,90,57,24.2,3.3,12.6,3,2.1,66.9,19.9,6,4,,11.6,30.1,154,,,,,157,84,27,26,9,9,53.5,17.2,16.6,5.7,5.7,,134,6,6,169,129,748,15,,15,5,55.6,,57.7,19.2,6,5,3,6,5,4,2,4,39.5,27.4,20.4,12.7,157,2,38.2,35,240,,,3,,102,3,,6,,,,12,124,,,100,36,22,5,193,5,58,47,16,25,837c18a5-15da-42d6-bf38-ad1b6ec216aa,0.266376957634748,2.65703707723089
437,54760,Kulin,4718.9219,5,Western Australia,73,6,197,270,2.5,76,6,102,7,8,,196,2.9,290,69,121,61.5,25.8,3.3,5.8,2.5,2,58.2,20.8,7.4,11.6,0.7,9.6,41.5,258,4,,4,5,270,147,44,51,27,,54.4,16.3,18.9,10,,,205,31,,,169,546,33,,36,9,75,,70.6,17.6,9,9,9,10,9,9,9,9,24.1,24.4,31.5,22.6,270,4,32.1,64,340,,,4,,176,4,,5,,3,17,53,263,3,4,185,91,41,,404,3,56,91,44,58,97464c78-945a-4e8d-9920-a4060c5edc9f,0.453882441549013,5.14742326584985
438,54830,Kwinana,120.0123,5,Western Australia,3588,533,11540,15666,2.7,4977,800,3640,1518,766,196,11898,3.1,13619,4355,13181,43.4,40.7,3.4,8.4,4.1,1.9,58.7,24.6,6.3,9.2,1.1,9.9,10.9,14566,552,529,9,7,15666,2571,8400,4324,126,242,16.4,53.6,27.6,0.8,1.5,391,12596,1838,140,31,315,1724,5998,1138,2481,1318,71.4,13.5,57.4,30.5,5,5,4,7,4,5,4,6,24,24.6,28.5,22.9,15589,2,11.5,7700,100,900,,365,4,13451,1025,49,131,42,25,356,183,16538,1179,2305,15115,1050,2524,88,21377,773,5400,6265,1979,1013,a87dcc77-255d-4626-a744-c0f97803c955,0.011481732915172,0.494821970378791
439,54900,Lake Grace,11886.3198,5,Western Australia,133,8,320,469,2.4,127,18,159,13,10,3,321,3,478,111,241,56.2,29.1,4,7.4,3.2,2,63.2,22.4,6.1,7.5,0.4,9,37.1,438,18,3,4,4,469,212,92,97,56,15,45.2,19.6,20.7,11.9,3.2,4,363,44,3,24,180,1000,68,4,58,11,73.9,4.3,59.8,11.3,9,9,9,9,9,9,9,9,25.4,27.8,27.1,19.2,468,4,37.9,114,150,,,5,,376,25,,18,,8,5,81,518,10,8,404,153,57,8,744,14,112,188,59,92,7682e770-41cf-4ca3-bfd0-ec6997fd0723,1.14760963962681,6.42807448176943
440,54970,Laverton,179993.971,5,Western Australia,64,,115,183,2.5,32,7,50,25,4,9,120,3.1,86,79,183,31.2,54.2,1.5,9.6,4.2,2.3,48,11.4,3.5,37.6,0.3,4.6,6.6,149,18,4,5,7,183,26,14,108,24,11,14.2,7.7,59,13.1,6,18,121,32,52,133,80,413,11,,84,11,78.6,,77.8,10.2,1,1,3,1,1,1,2,1,64.2,16.8,17.9,0,179,1,55.8,29,125,,,77,,164,47,4,3,,4,94,59,452,35,93,230,9,25,4,518,33,75,34,22,9,3fc74d2e-bca4-4a0f-847f-af3c53bb20c9,16.4971402185713,21.4276491690457
441,55040,Leonora,31915.0562,5,Western Australia,99,4,209,314,2.5,75,13,89,25,10,6,210,3.1,227,115,215,36.9,48.3,1.9,8.1,4.5,2.2,45.2,14.6,4.2,34.7,1.1,4.4,10,248,18,7,29,9,314,57,26,143,63,25,18.2,8.3,45.5,20.1,8,17,207,55,30,80,93,683,20,3,102,8,76.9,11.5,71.3,5.6,3,3,1,2,3,3,1,2,37.7,37.3,21.8,6.8,308,2,62.6,143,200,,,81,,254,40,,8,,3,73,86,552,25,88,314,17,71,10,669,38,119,101,29,6,181888d4-c667-4f51-babc-6a968c3ff8c7,2.93370105900249,11.3599564124318
442,55110,Mandurah,174.8968,5,Western Australia,9909,829,24619,35358,2.4,7195,1675,11632,2921,1386,301,25111,2.8,31019,7880,26302,47.9,30.3,6.6,11.2,4,1.8,67.7,17.2,7.5,6.7,0.9,11.5,13.2,29540,4557,1006,224,32,35358,11882,12729,9008,1178,564,33.6,36,25.5,3.3,1.6,410,30210,3037,224,26,300,1733,8664,1592,4326,3573,68.1,12.5,48,39.7,4,4,3,7,3,3,3,6,32.7,27.6,24.5,15.2,35202,2,20.2,15202,80,534,,812,5,21884,1789,76,225,61,95,918,476,26860,1119,2159,24511,2279,5698,208,36163,1788,13845,12896,4200,2091,f2678694-3eeb-48f2-9e17-c470eb563c59,0.0168067311246887,1.33691639633217
443,55180,Manjimup,7029.6076,5,Western Australia,1118,71,2322,3514,2.3,674,155,1177,197,107,33,2346,2.8,2957,914,2458,47.1,33.6,5.9,9.7,3.7,1.9,70.1,15.4,5.2,8.4,0.9,12.7,24.6,3251,203,23,9,28,3514,1395,1057,883,111,68,39.7,30.1,25.1,3.2,1.9,60,2882,420,49,54,230,1300,729,147,530,264,69,13.9,60,29.9,4,4,3,5,3,3,3,4,35.5,27,25.8,11.4,3503,2,30.5,962,160,,,48,,2713,264,,36,13,25,47,239,3383,30,55,3007,433,451,44,4339,164,1134,1283,541,333,a873d1d0-129a-4e0b-833d-173628c57893,0.690463642485611,5.21954884347368
444,55250,Meekatharra,100188.5478,5,Western Australia,103,7,170,276,2.4,45,6,70,37,6,13,182,3,119,122,286,27.8,56,3,7.7,5.4,2.2,52.5,12.4,5.4,28.2,0.7,6.4,8.9,217,18,11,10,14,276,71,14,137,32,23,25.7,5.1,49.6,11.6,8.3,25,173,63,24,101,115,650,14,,85,18,100,,62,13.1,1,1,2,1,1,1,2,1,57.9,22.4,16.2,5.4,259,1,57.4,73,210,,,47,,175,31,,3,,,43,90,398,16,56,211,26,22,10,483,46,103,60,19,22,abf5ec12-809a-4ec5-80bd-229081d9fe2d,8.97087135040647,16.1541767364491
445,55320,Melville,52.8505,5,Western Australia,9375,1049,28152,38566,2.6,11092,2430,11072,2261,1405,426,28676,3,41460,6458,30557,52.9,31.4,5.4,7.8,2.5,1.8,65.8,20.5,8.7,4.3,0.8,12.5,19.8,29265,7179,2067,4,44,38566,15624,13430,8070,1062,377,40.5,34.8,20.9,2.8,1,383,32546,4171,133,13,400,2200,10020,1653,4885,2327,74.6,12.3,60.5,28.8,10,10,10,10,10,10,10,10,16.9,21.5,24.5,37.2,38455,4,10.4,18748,175,944,,1602,7,31763,2133,122,132,129,435,435,584,38293,2166,4443,34883,5168,5956,160,51746,1660,12760,16236,4905,2639,6f43630d-f7ea-4455-bd52-5d62a2a46560,0.00504649475510632,0.424880339640685
446,55390,Menzies,124115.424,5,Western Australia,31,,35,66,2.1,6,3,17,3,,,37,2.8,22,35,63,35.4,51.4,1.8,8.7,2.6,1.9,55.1,9.1,3.7,32.9,,8.3,5.9,42,,6,10,12,66,18,,27,14,8,27.3,,40.9,21.2,12.1,4,39,16,9,66,150,397,,,15,5,,,55.6,18.5,1,1,1,1,1,1,1,1,69.1,14.7,11.8,0,68,1,69.6,,,,,27,,57,36,,,,,50,28,202,20,39,100,3,12,5,247,10,27,19,9,3,9695f421-2e02-45eb-b613-a3cfe2cb082b,11.5546331692242,25.7299742145038
447,55460,Merredin,3293.7824,5,Western Australia,359,30,759,1151,2.3,252,43,349,66,39,7,763,2.9,983,272,778,47.3,34.7,5.3,8.9,3.6,1.9,63,17.3,6.3,12.5,0.9,11.4,22.2,1092,43,3,6,6,1151,405,348,333,36,22,35.2,30.2,28.9,3.1,1.9,12,927,136,,,210,1078,268,29,225,71,77,8.3,67.6,21.3,5,4,3,4,4,4,3,3,37.1,27.3,23.6,12.3,1146,2,29.9,333,175,,,14,,933,52,,22,9,9,6,93,1139,13,16,1001,103,144,8,1414,64,372,406,176,102,76d2f042-89c0-490e-a884-6a2262cd8e90,0.312742075669803,3.11859250339283
448,55530,Mingenew,1934.8857,5,Western Australia,42,,101,147,2.4,36,10,49,4,3,,104,3,135,46,74,56.2,25.4,5.4,10,3.6,1.9,60.1,16.6,5.7,17.5,,8.8,27.8,132,3,,7,3,147,73,30,17,26,3,49.7,20.4,11.6,17.7,2,,111,17,,,150,729,21,7,11,,70,23.3,64.7,,8,7,6,9,7,6,5,8,29.1,27,22,22,141,3,46.4,53,102,,,,,99,4,,4,,,3,24,138,3,,104,32,13,,184,7,34,45,25,27,7c2f527d-6cb4-4ffc-893b-5abeb94c7486,0.179430764043673,2.08175361162352
449,55600,Moora,3763.0254,5,Western Australia,261,17,545,824,2.3,171,33,261,63,24,12,564,2.8,702,200,567,47.9,35.3,6.2,7.3,3.1,1.9,64.3,15.3,7.1,12.3,0.6,10.3,24.6,752,53,,10,7,824,340,213,188,52,33,41.3,25.8,22.8,6.3,4,21,651,77,4,17,225,1000,157,21,129,43,73.7,9.9,68.6,22.9,4,4,4,5,3,3,3,4,34.6,28.5,24.9,13,815,2,29.3,211,200,,,5,,701,44,,13,4,8,15,79,861,4,6,747,121,82,6,1078,33,257,268,127,102,329f3d33-9583-4522-8069-b37d717d3a76,0.353578498088382,3.20250531109647
450,55670,Morawa,3510.5929,5,Western Australia,73,7,134,214,2.3,49,7,70,10,8,,140,2.9,178,66,143,47,34.6,5.3,8.5,4.2,2,60.3,15,5.1,19.4,1.6,10.7,29.8,199,4,,3,4,214,104,36,50,17,4,48.6,16.8,23.4,7.9,1.9,8,172,18,33,449,190,500,24,5,29,8,66.7,13.9,58,16,3,4,5,3,2,3,4,3,33.5,24.5,23.1,14.6,212,2,35.6,82,50,,,,,141,10,,7,,,4,33,188,3,,149,39,17,4,249,12,62,76,44,23,58803443-bdaa-40aa-ac6a-f250c2bbba2c,0.325271607208606,3.10379097670123
451,55740,Mosman Park,4.3472,5,Western Australia,1147,124,2247,3520,2.4,960,140,880,188,73,31,2284,3,3192,666,2843,47.5,36.6,4.4,9,2.4,1.9,66.4,19.3,7.6,5.9,0.8,12,25,2160,507,843,,4,3520,1209,1033,1194,55,29,34.3,29.3,33.9,1.6,0.8,51,2532,789,6,7,300,3000,718,149,670,407,69.5,14.4,56.1,34.1,10,10,10,10,10,10,10,9,21.1,19.7,22.1,37.1,3514,4,14.6,1620,272,263,,103,,2464,155,13,8,19,57,40,118,3239,131,472,2701,600,505,17,4486,317,1283,1278,392,212,316c052e-d47b-4bee-af08-bd71649d312e,0.000414970562815142,0.0936498943073383
452,55810,Mount Magnet,13858.1182,5,Western Australia,49,10,71,128,2.1,18,,40,12,4,,71,2.7,67,40,96,32.4,41.4,3.4,12.4,9.2,1.9,41.2,10,3.2,46.5,,7.7,13.4,115,6,,5,,128,53,16,39,15,3,41.4,12.5,30.5,11.7,2.3,,92,24,,,175,542,11,,27,10,68.8,,69.2,25.6,1,1,2,2,1,1,2,1,47.6,29.8,15.3,10.5,124,1,69,35,294,,,9,,69,15,,3,,,11,30,145,,9,88,9,24,4,179,6,45,41,15,18,2e503b7c-941f-4a59-8357-4bcb57c11474,1.27411909327611,7.31270908539029
453,55880,Mount Marshall,10184.5937,5,Western Australia,60,5,115,174,2.3,37,14,55,6,3,,118,3,162,40,101,51.9,31.2,4.7,7.5,2.9,2,64.2,16.6,7.5,10.1,0.8,13.8,46.5,167,6,,,4,174,86,23,38,27,3,49.4,13.2,21.8,15.5,1.7,,144,10,,,145,650,17,,25,3,73.9,,65.8,7.9,6,7,8,6,5,6,8,5,32.8,20.7,25.9,16.7,174,3,45.1,35,80,,,4,,113,7,,4,,,4,35,173,,4,125,56,15,,249,3,53,57,27,37,856b85d2-b8b6-4f61-8caf-82f605deef7a,0.953966505330527,5.86365875573644
454,55950,Mukinbudin,3426.944,5,Western Australia,62,,148,215,2.3,52,9,80,7,8,6,153,2.9,245,23,119,62.3,24.2,6.3,6.1,1.3,2,59.9,19.6,5.4,11.1,0.7,11.3,37.3,215,,,,,215,107,36,47,26,3,49.8,16.7,21.9,12.1,1.4,6,169,23,,,155,778,29,,35,,80.6,,74.5,,8,8,8,9,8,8,8,8,32.2,25.2,29.4,13.6,214,4,35.7,55,357,,,3,,131,3,,10,,7,12,33,201,3,3,145,48,22,8,270,5,54,81,37,35,6f1bdd52-bdbe-44ba-a034-49caebccce36,0.322430261157706,2.87238206173261
455,56090,Mundaring,643.2012,5,Western Australia,2792,257,10489,13541,2.6,3638,1033,4594,823,597,101,10783,2.9,14344,3392,10054,50.6,32.2,4.6,9.2,3.4,1.8,61.7,18.3,8.2,10.7,1,12.6,18.4,12989,502,22,22,15,13541,5248,6498,1484,168,142,38.8,48,11,1.2,1,176,11453,1247,52,14,350,1950,4619,722,741,487,71.1,11.1,49.9,32.8,9,9,8,10,9,9,8,10,18,22.9,29.5,29.6,13493,4,9.8,6253,135,173,,234,,11768,688,30,209,63,53,257,204,13670,542,832,12894,1644,2496,109,18464,337,3273,5343,2555,1897,60e99298-31fa-4b5b-8d60-1da2c31f7748,0.0613201319793006,1.79718026953246
456,56160,Murchison,45046.0922,5,Western Australia,10,,28,32,2.6,5,,10,7,,,27,2.9,25,11,25,52.8,31.9,,5.6,8.3,2.1,65.3,23.6,5.6,8.3,6.9,4.2,25,18,3,,7,5,32,3,4,16,13,,9.4,12.5,50,40.6,,5,18,8,,,139,1800,3,,13,3,75,,81.3,18.8,1,2,9,1,1,1,9,1,37.5,21.9,31.3,18.8,32,1,54.3,,,,,,,7,,,,,,,16,19,,,11,15,4,,40,3,8,7,3,3,9f013c2d-14de-4d08-b0e0-e58423b17797,4.08737924189882,13.0539219858257
457,56230,Murray,1703.4688,5,Western Australia,1627,134,4878,6641,2.5,1440,417,2332,492,280,47,5016,2.9,6291,1645,4804,49.6,30,5.5,11,3.9,1.9,66.3,17,7.4,8.3,1,12.5,15.5,6154,268,14,192,9,6641,2373,2634,1238,271,125,35.7,39.7,18.6,4.1,1.9,112,5444,682,43,25,300,1750,1716,359,604,452,65.1,13.6,48.8,36.5,4,4,2,9,4,3,1,8,31.4,26.4,26.6,15.6,6596,2,19.5,3200,60,45,,119,,4431,335,4,91,15,16,191,127,5378,175,283,4925,536,1233,43,7368,163,2092,2363,1104,794,0cb5045c-0e7b-4ebe-a0ae-fdbc10c217f6,0.16367716001082,2.38525696133505
458,56300,Nannup,3053.9361,5,Western Australia,187,18,403,604,2.1,83,27,251,20,17,3,406,2.6,538,157,375,51.4,25.6,5.8,12.9,4.9,1.7,70,11.8,5.4,12.8,0.2,9.5,28.6,563,10,15,14,,604,304,162,112,22,7,50.3,26.8,18.5,3.6,1.2,12,468,96,,,254,1400,100,21,62,37,61.7,13,55.4,33,5,6,6,6,5,5,6,5,32.5,31.2,26.2,9.3,600,3,40.7,218,50,,,9,,320,18,,3,6,10,17,49,432,7,8,344,96,74,4,617,27,163,250,103,50,f2031b8f-4f16-486a-8160-1a701b8cff87,0.298461672073245,2.78945046798349
459,56370,Narembeen,3809.0285,5,Western Australia,69,4,189,262,2.3,67,12,98,9,9,,191,2.8,279,68,123,55.4,25,8.4,7.5,3.3,1.8,56.2,19,6.7,16.1,1.2,7.6,32.8,247,18,,,,262,147,48,49,19,,56.1,18.3,18.7,7.3,,,233,18,,,150,720,38,,40,3,79.2,,81.6,6.1,9,8,7,9,8,8,7,9,32.8,26.3,23.7,17.9,262,4,33.1,79,200,,,7,,203,12,,9,,3,9,37,272,5,7,213,63,25,,362,9,68,99,50,37,2f788ee0-a015-40ac-bf73-6f4095a9b523,0.363708350557772,3.10668631976492
460,56460,Narrogin,1631.3024,5,Western Australia,629,51,1143,1819,2.2,324,78,523,141,68,21,1155,2.8,1420,362,1402,44.9,35.3,7.4,8.4,4.1,1.8,65.7,15.9,6.3,11.5,0.5,10.5,24.3,1667,133,5,7,,1819,663,518,532,64,42,36.4,28.5,29.2,3.5,2.3,34,1487,203,21,44,240,1191,396,37,334,134,76.4,7.1,62.8,25.2,4,5,4,3,4,4,4,3,37.1,24.6,25.6,12.8,1813,2,24.6,607,150,,,28,,1440,109,,25,,3,21,116,1743,22,33,1569,126,204,20,2119,114,645,592,260,166,e6f01e0c-5169-4dc3-a2c7-ea9be4c6531b,0.157387130535881,2.49916796748986
461,56580,Nedlands,19.6449,5,Western Australia,1480,257,5865,7602,2.8,2759,391,2151,413,176,53,5950,3.2,9332,1034,6037,56.8,30.4,4.5,6.5,1.8,1.9,63.8,22.7,8.7,3.7,1.1,13.1,27.6,6202,917,474,,4,7602,3419,2278,1650,195,62,45,30,21.7,2.6,0.8,74,6253,928,8,4,520,3500,1606,357,980,468,70.5,15.7,59.4,28.4,10,10,10,10,10,10,10,10,10,15.2,23.9,50.9,7579,4,9.9,4382,300,158,,592,,5987,525,38,12,30,281,56,328,8021,236,936,6673,1482,1072,49,10851,264,2112,3484,1115,564,d7376557-8352-44a0-b18a-f62358d7d204,0.00187438266266327,0.3130134655809
462,56620,Ngaanyatjarraku,159815.9632,5,Western Australia,83,5,253,340,3.5,101,16,88,72,30,13,323,3.4,360,42,503,45.7,37.1,7,4.4,5.8,1.9,37.1,18.2,23.7,14.3,6.5,10.9,4.3,308,16,3,,13,340,,,271,49,25,,,79.7,14.4,7.4,93,168,70,82,569,65,,,,185,10,,,68.3,3.7,1,1,2,1,1,1,1,1,80.5,6.6,10.8,0,333,1,45.3,,,,,,,51,36,,,,,,107,198,7,,92,5,6,3,221,199,85,25,4,,becab943-0637-4b90-a6e3-6e824e633102,14.3067165692623,15.2770824376856
463,56730,Northam,1431.2215,5,Western Australia,1181,111,2777,4070,2.4,789,220,1279,329,201,38,2848,2.9,3340,1019,3243,42.9,35.1,6.3,10.9,4.7,1.9,63.6,15.5,6.5,13.5,0.8,11.3,16.8,3858,154,16,32,17,4070,1469,1489,944,69,99,36.1,36.6,23.2,1.7,2.4,114,3260,466,75,67,250,1393,1050,191,573,252,70.5,12.8,60.7,26.7,3,3,2,5,2,2,1,4,35.8,27.4,24.1,12.5,4046,1,22.7,1273,137,8,,40,,3026,277,11,48,7,13,59,184,3675,64,70,3370,305,504,29,4577,198,1265,1430,643,444,3f93eb58-5aa6-4341-bbd6-3cdbe23321bc,0.136137261366912,2.43889632374786
464,56790,Northampton,12543.7142,5,Western Australia,371,19,806,1191,2.2,184,55,489,49,34,10,816,2.7,1052,337,694,50.2,29.2,6.8,10.3,3.7,1.9,66.8,12.8,5.8,14.2,0.6,11.1,23.8,1029,77,16,51,19,1191,589,259,240,57,41,49.5,21.7,20.2,4.8,3.4,21,945,140,25,57,250,1300,160,40,127,76,61.8,15.4,52.9,31.7,4,3,2,6,3,3,2,4,41.4,28.8,21.9,8.9,1182,2,50.2,277,159,,,31,,668,61,,11,8,20,32,91,914,18,30,741,177,171,28,1306,26,361,452,190,123,bcb7e973-7f3e-4306-8b24-c41e0279bd05,1.1482110426482,5.76356732519342
465,56860,Nungarin,1166.0245,5,Western Australia,31,,61,93,2.1,14,5,30,5,3,,62,2.7,65,39,60,41,30.9,6,13.8,6,1.7,58.5,11.1,8.8,23.5,,11.1,31.8,86,,,4,,93,48,12,18,9,3,51.6,12.9,19.4,9.7,3.2,,74,9,,,88,1000,3,,19,,25,,105.6,,6,6,7,5,5,5,7,4,35.2,30.8,22,9.9,91,3,34.8,22,100,,,,,64,,,,,,,5,73,,3,68,15,12,,98,5,26,29,16,17,c5f11ba6-e307-4669-94d9-5fbe233f2623,0.110291741457786,2.10169525373089
466,56930,Peppermint Grove,1.0677,5,Western Australia,115,4,404,523,2.7,167,28,167,27,14,,408,3.1,641,71,439,52.5,37.6,3.5,5.2,1,2,68.5,18.3,9.1,4.4,,15.1,30.5,404,54,61,,,523,263,146,107,6,3,50.3,27.9,20.5,1.1,0.6,3,439,49,,,440,4167,95,28,55,32,65.1,19.2,51.4,29.9,10,10,10,10,10,10,10,10,7.8,14.7,23.5,51.6,523,4,15.1,335,676,24,,11,,418,35,,,,8,5,34,542,10,36,461,119,58,3,737,16,138,203,98,68,6c80a32f-3977-409a-9a2a-12613e4ddbd5,0.000101887947039359,0.0496272287257846
467,57000,Perenjori,8301.3551,5,Western Australia,46,3,93,139,2.3,35,5,45,3,8,,99,2.8,124,41,79,47.1,34,4.1,9.8,4.3,1.9,50.8,13.9,3.3,31.1,0.9,8.7,18.7,126,,,4,5,139,61,31,31,12,9,43.9,22.3,22.3,8.6,6.5,,109,18,,,170,780,29,,21,,93.5,,67.7,,9,9,9,9,9,9,9,8,24.6,27.5,32.6,13.8,138,4,46.1,32,50,,,32,,134,12,,3,,,25,41,241,13,37,149,36,19,3,308,4,32,47,17,22,ab7d9754-2d9a-48ac-9ed1-113b34b21ddb,0.77194000956797,5.14303734089519
468,57080,Perth,13.7335,5,Western Australia,5303,1181,5846,12329,1.8,1166,148,3858,339,192,170,5867,2.4,6569,3438,9933,31.5,54.9,2,8.4,3.3,1.4,77,8.7,3.7,10.4,0.2,5.9,16.7,371,819,11107,,27,12329,1897,2174,7975,154,137,15.4,17.6,64.7,1.2,1.1,551,6379,5004,633,196,400,1924,1588,371,5059,2288,73,17.1,63.4,28.7,9,10,10,2,9,10,10,2,21.8,26.8,37.3,14.2,12291,4,30.3,4449,160,362,,2828,10,5359,637,153,22,83,241,317,2743,12740,783,3860,6263,1349,1742,83,16702,2559,7115,2098,282,104,bc21a122-e3e1-4c74-8759-9eec2f17af15,0.0013101655401897,0.262786908635196
469,57140,Pingelly,1294.5721,5,Western Australia,151,3,279,432,2.2,61,23,150,25,19,5,286,2.8,372,83,285,48.7,26.4,8.4,10.6,6.1,2,71,15.2,7,6.8,0.3,13.5,30.7,424,8,,,,432,199,102,106,18,7,46.1,23.6,24.5,4.2,1.6,9,345,57,,,200,867,64,15,53,30,62.7,14.7,50,28.3,2,2,4,2,2,2,3,2,43.1,27.3,21.3,11.6,432,1,22.4,83,104,,,8,,210,23,3,5,,,5,30,280,7,8,239,64,36,,391,21,140,138,67,60,de5b8103-f91e-44d0-95ce-df9896737ef0,0.124247033746997,2.32147135956556
470,57210,Plantagenet,4876.682,5,Western Australia,550,49,1403,2001,2.3,394,103,751,112,62,14,1436,2.8,1900,488,1324,52.2,28.2,5.3,10.8,3.6,1.9,65.5,14.9,6.1,12.5,1.1,13.1,24.8,1939,26,3,24,,2001,895,587,382,84,45,44.7,29.3,19.1,4.2,2.2,40,1607,259,26,50,225,1278,397,74,206,117,67.6,12.6,53.9,30.6,3,4,5,6,3,3,5,5,35,28.2,24.9,12.1,1991,2,25.4,605,128,,,12,,1385,106,,18,3,4,27,120,1671,14,16,1500,336,264,27,2308,44,549,743,362,266,da17506e-f8a1-4a4f-8ddd-2cba63ed1156,0.479224970820042,4.70131447802958
471,57280,Port Hedland,18417.0777,5,Western Australia,1264,165,3443,4872,2.7,1580,164,1196,380,120,69,3514,3.2,3486,2147,3471,39.6,47.3,1.8,7.4,4,2,53.8,23.2,4.8,16.8,1.5,6,12.4,3419,888,452,69,34,4872,356,848,3248,327,87,7.3,17.4,66.7,6.7,1.8,181,3431,963,219,117,225,1517,637,70,2332,322,75.1,8.3,71.8,9.9,8,8,5,5,7,8,4,3,22.3,31.1,32.5,14.2,4817,4,39.3,2202,230,3,,78,3,5597,463,31,55,53,40,83,225,6631,77,102,6124,189,830,55,7782,264,1432,2004,733,334,7f251412-e024-44e8-a719-a2ae83db54cb,1.59923770793034,12.8342414645324
472,57350,Quairading,2016.9268,5,Western Australia,101,6,211,313,2.2,56,4,119,15,11,4,208,2.7,291,62,188,53.1,22.5,9.5,10.1,3.8,1.9,56.4,11.2,6,26,0.4,9.9,24.3,296,6,,,9,313,177,57,51,22,6,56.5,18.2,16.3,7,1.9,7,249,28,6,64,130,800,34,7,32,8,59.6,12.3,62.7,15.7,4,4,5,5,4,4,5,4,45.3,23,22.3,11.3,309,2,38.3,61,223,,,,,149,6,,6,,,9,34,217,4,,158,43,33,,296,7,99,109,42,43,5e0321b7-eb41-4018-9994-a4dffa582587,0.192501055352295,2.55353791252958
473,57420,Ravensthorpe,9841.7504,5,Western Australia,265,13,507,786,2.2,170,13,259,37,29,3,505,2.8,619,228,458,49.5,32,4.8,10.7,3.6,1.9,64,19.5,4.6,11.4,0.8,9.5,25.9,740,4,13,25,3,786,281,129,220,142,18,35.8,16.4,28,18.1,2.3,10,620,96,,,250,1029,98,13,116,34,76,10.1,52.7,15.5,7,7,6,6,7,6,6,4,33.8,29.6,25,10.7,783,3,44.8,213,200,,,92,,506,32,,17,,4,29,76,743,19,98,547,99,124,9,997,29,287,276,91,84,bf7a8bf8-1f81-4942-8178-efdbc61dfa0a,0.956190104611096,5.4954308555217
474,57490,Rockingham,257.4979,5,Western Australia,11283,1183,35958,48428,2.6,13819,2829,13164,4606,1949,441,36800,3.1,43554,12891,38021,45.8,36.3,4.4,9.5,4.1,1.9,61.9,22.6,7.6,6.7,1.2,10.8,11.8,43771,2745,1582,271,56,48428,12070,23053,12073,581,654,24.9,47.6,24.9,1.2,1.4,601,41043,4171,178,14,330,1733,16296,2659,6538,3957,70.7,11.5,54.2,32.8,6,6,4,9,6,6,4,8,24,25.3,30.2,20.5,48218,3,12.2,25085,93,1214,,1123,10,39733,2910,90,320,153,157,1373,799,47886,2507,4392,44304,3550,8805,281,63025,1909,16574,19282,6638,3369,409b2876-9711-4732-bc5a-5adc045204ed,0.0246661362482428,1.18595269156169
475,57630,Sandstone,32605.2912,5,Western Australia,22,,16,43,1.5,,,19,,,,19,2,27,10,31,31.9,34.5,7.1,13.3,7.1,,59.3,3.5,,31.9,,,10.6,34,,,7,3,43,18,3,3,10,3,41.9,7,7,23.3,7,,34,3,,,70,1517,,,,,,,,,4,2,1,3,3,2,1,3,35.7,47.6,16.7,0,42,1,60.6,,,,,,,9,,,,,4,,9,27,,,15,9,10,,44,,13,21,4,9,38244a85-7076-41d6-9a29-7e48f1e23283,3.00061611402498,10.5113434984422
476,57700,Serpentine-Jarrahdale,901.2054,5,Western Australia,1542,200,8477,10211,3,3837,720,2980,849,330,81,8804,3.2,11150,3215,7252,51.2,34.8,2.8,7.8,3.4,2,57.1,26.6,8.1,6.8,1.4,10.6,14.4,9959,74,36,112,26,10211,2192,6473,1288,133,119,21.5,63.4,12.6,1.3,1.2,151,8623,887,37,12,380,1972,4430,956,697,413,68.4,14.8,54.1,32.1,9,8,5,10,8,8,5,10,13.3,20.9,37.7,28,10174,4,9.4,6330,100,136,,203,6,10492,650,27,251,28,15,270,232,12312,426,651,11494,1182,2047,93,16059,124,2194,4277,1914,1569,3bbb4c71-882e-4a0e-aaad-47b14499f62c,0.0863282068985427,1.45874602779675
477,57770,Shark Bay,24201.5491,5,Western Australia,137,20,213,360,2.1,63,9,124,14,3,6,213,2.7,236,130,220,42.7,39.4,4.7,10.6,3.3,1.9,66,14.8,3.5,15.9,0.7,7.4,20.3,264,20,9,69,4,360,125,47,126,40,16,34.7,13.1,35,11.1,4.4,12,246,76,14,47,220,1387,29,16,55,26,61.7,34,43.7,20.6,5,5,3,2,4,4,3,2,43.7,33.1,18.4,6.4,359,2,72.4,109,102,,,3,,193,25,,5,,14,8,111,367,9,5,233,31,56,8,475,22,150,109,32,31,59cabd70-d378-4176-bda9-4a342d08051a,2.19189025508308,18.8533992859684
478,57840,South Perth,19.8114,5,Western Australia,5651,953,11092,17690,2.2,3821,671,5030,829,497,365,11213,2.8,14858,3664,14397,45,38.6,4.9,9,2.6,1.7,69.8,16.6,7.3,5.6,0.7,11,21.1,8709,6163,2787,4,24,17690,5577,5012,6433,511,165,31.5,28.3,36.4,2.9,0.9,234,14049,2763,54,13,360,2200,3729,690,4071,1712,74.4,13.8,63.3,26.6,10,10,10,8,10,10,10,7,18.3,24,26.7,31,17624,4,15.6,8209,200,261,,1596,40,13289,1021,123,38,59,342,248,381,17398,719,2496,14678,2378,2490,91,23079,988,7374,6620,1789,748,9e4e93d0-bcbf-4e17-bb70-651f98ee2532,0.001890715789159,0.253593900685683
479,57910,Stirling,104.7273,5,Western Australia,27703,3935,58676,90318,2.4,22034,3882,23852,5601,3268,1142,59778,2.9,77425,19499,73808,45.5,37.4,4.9,9.3,2.9,1.7,67.6,19.6,6.7,5.5,0.7,10.8,15.5,52380,28890,8917,63,61,90318,26576,31171,29779,1679,1110,29.4,34.5,33,1.9,1.2,1965,70698,13848,348,16,340,1967,23387,4082,18399,8432,75,13.1,61.8,28.3,9,9,9,8,8,9,9,7,23.1,25,24,28,89946,4,12,41920,146,1767,4,4700,6,74307,5247,543,451,380,880,1379,1175,90844,4679,10440,82106,9770,12492,433,118218,5386,35839,34242,9170,4547,06e2b8b6-1a0d-4f0c-b4cc-4b76829de80e,0.00998260128085349,0.49275480998699
480,57980,Subiaco,5.6182,5,Western Australia,2850,305,4381,7534,2.1,1614,181,2007,399,139,73,4416,2.8,5767,1646,5707,44.2,38.4,4.6,10.1,2.7,1.7,67.6,19.1,7.1,5.6,0.6,11.2,23.9,3441,1349,2726,12,4,7534,2332,1854,3032,254,60,31,24.6,40.2,3.4,0.8,152,4971,2183,33,19,400,2539,1422,249,1952,843,76.7,13.4,64.4,27.8,10,10,10,8,10,10,10,7,17.8,20.5,30.2,31.5,7516,4,14.8,3612,260,504,,721,,4042,398,69,3,44,293,78,674,6828,285,1443,4566,1115,897,23,9155,709,3794,2303,491,173,807cce87-3fd3-4c8a-a920-5fca4b8d68ed,0.000535866055088263,0.113219153005285
481,58050,Swan,1042.9936,5,Western Australia,11157,1442,40062,52666,2.8,16787,3326,13424,4798,2402,664,41397,3.1,51349,13049,44449,47.2,36.9,3.5,8.6,3.8,1.9,63.1,23.3,6.9,5.9,0.9,10.6,12.2,46792,4616,946,238,71,52666,11467,28374,11633,491,700,21.8,53.9,22.1,0.9,1.3,1237,42623,6177,977,65,340,1842,19855,4296,6526,3715,70,15.1,56.1,31.9,7,7,6,9,6,7,5,8,19.8,24.6,30,25.5,52393,3,11.1,25822,104,774,4,1304,11,51385,3610,233,596,194,194,1276,893,60473,2484,4038,56730,4501,8771,315,76545,1942,15965,21448,7887,4743,493c8d9f-b838-4a0c-afdd-c0a4eb903029,0.0992673151229155,1.79831234920712
482,58190,Tammin,1101.692,5,Western Australia,53,,91,136,2.5,32,9,36,11,3,5,87,3.1,113,30,110,42.2,36.8,6.7,9.2,5.1,2.1,64.1,17.1,3.2,14,1.9,13.3,34.6,136,,,,,136,72,22,27,17,5,52.9,16.2,19.9,12.5,3.7,5,100,18,,,161,563,11,3,17,5,50,13.6,63,18.5,4,5,6,5,3,4,6,4,38.6,24.3,18.6,15.7,140,2,44.1,27,151,,,,,90,3,,,,,5,19,118,,,92,24,19,,161,4,43,48,22,24,f3269d2b-abaa-4323-bca0-0aa666c25e86,0.104705129585454,1.73041024136179
483,58260,Three Springs,2656.6928,5,Western Australia,73,,136,205,2.3,51,4,73,13,,,144,2.9,182,61,114,54.3,28.4,4.8,9,3.3,1.9,60.9,18.5,4.4,14.9,0.7,7.3,29.5,191,11,,,7,205,85,34,55,30,5,41.5,16.6,26.8,14.6,2.4,4,156,25,,,120,650,20,,30,3,58.8,,54.5,5.5,4,5,6,4,4,4,6,3,36.3,28.4,24,11.8,204,2,35.4,46,205,,,4,,150,9,,4,,,,20,190,,4,158,44,9,4,242,6,72,65,28,23,26db3250-840f-4e12-8fe6-e9f24a0cfd86,0.247235249252071,2.57087722431359
484,58330,Toodyay,1691.6485,5,Western Australia,468,56,1229,1749,2.3,269,101,721,94,56,16,1261,2.7,1707,365,1189,51.5,26.2,5.1,12.9,4.3,1.9,68.3,12.2,6.7,12.1,0.8,11.6,20.7,1707,10,,26,9,1749,748,693,199,30,72,42.8,39.6,11.4,1.7,4.1,28,1391,196,16,36,285,1564,443,93,108,66,63.9,13.4,54.3,33.2,6,5,5,8,5,5,4,7,27.6,29.9,28.6,14.2,1735,2,26.9,619,129,,,36,,1114,78,,38,,,46,49,1363,31,55,1217,232,263,16,1904,30,415,644,310,277,d4f529a5-05f9-480a-b05f-876eaa1cc428,0.160546042206761,2.06437837696455
485,58400,Trayning,1651.2043,5,Western Australia,56,,70,131,1.9,15,,41,13,,,68,2.5,83,26,102,39.8,33.5,4.9,12.8,8.6,1.8,70.7,12,3.4,12,,12.4,23.3,125,3,,,4,131,74,17,26,9,6,56.5,13,19.8,6.9,4.6,,108,11,3,108,120,531,14,3,15,5,82.4,17.6,57.7,19.2,2,2,6,2,2,2,6,2,47.7,25.8,18.2,7.6,132,1,49.8,,,,,,,60,,,,,,,17,89,5,,67,21,15,6,125,6,44,50,18,10,6a52ad97-a22a-4623-86cc-ed5244f19b92,0.156175068534594,2.03025433924871
486,58470,Upper Gascoyne,57809.8737,5,Western Australia,19,6,38,57,2.9,15,,8,7,,6,40,3.4,29,25,59,24,55.8,,6.2,4.7,2.3,55.8,14,8.5,10.9,7.8,11.6,18.6,35,3,,10,11,57,9,6,26,19,,15.8,10.5,45.6,33.3,,5,35,7,14,452,75,826,,,19,,,,73.1,,2,3,7,1,2,2,7,1,46.6,17.2,17.2,6.9,58,1,64.2,,,,,,,18,,,,,,,26,45,,,19,6,3,,56,3,26,15,6,8,f59dd565-6639-469c-9c83-4890ce7b5266,5.15884649681948,13.3869471155032
487,58510,Victoria Park,17.9396,5,Western Australia,5323,1141,8898,15367,2.2,3043,352,4224,674,422,289,9003,2.7,10747,4029,12860,39,43.8,4.6,9.6,3,1.6,69,16.8,5.3,8.2,0.6,9,16.5,8361,3731,3257,6,16,15367,3303,4557,6843,477,189,21.5,29.7,44.5,3.1,1.2,377,10921,3472,121,33,350,2000,3491,543,4415,1788,76.6,11.9,64.5,26.1,9,9,9,4,9,9,10,3,24.2,24.6,25.6,25.6,15307,4,15.1,6873,156,557,,1821,3,11216,980,112,39,68,267,296,383,15733,718,2962,12561,1591,2305,65,20410,1416,6847,5140,1257,505,7709d366-753c-443e-b68a-1e96363af3f1,0.00171175318428141,0.243387162373185
488,58540,Victoria Plains,2551.0132,5,Western Australia,82,4,203,288,2.3,63,13,115,9,3,3,209,2.8,289,81,146,54.8,31,4.6,5.5,3.7,2,68.1,15.5,4.2,12.4,0.4,10.3,27.3,276,3,,5,6,288,128,51,75,26,3,44.4,17.7,26,9,1,,229,31,,,150,537,35,11,50,,68.6,21.6,66.7,,9,8,8,9,8,8,7,8,31.9,27.8,26,16.3,288,4,29.2,96,200,,,6,,230,9,,7,,,4,43,297,,6,250,77,30,3,412,5,58,108,53,55,b761bf39-0423-422e-b364-8996e88b5713,0.240959048167724,2.70857321303629
489,58570,Vincent,11.3771,5,Western Australia,5244,1254,8952,15450,2.2,3103,380,4302,686,364,182,9027,2.7,10174,4980,12501,36.2,48.9,3.6,8.6,2.8,1.7,70.2,17.6,5.4,6,0.8,10.1,19.4,7418,3380,4574,54,19,15450,3652,4897,6536,233,124,23.6,31.7,42.3,1.5,0.8,328,10213,4337,240,68,400,2197,3894,524,4350,1584,79.5,10.7,66.6,24.2,10,10,10,7,10,10,10,6,18.7,21,29.3,31,15415,4,15.3,7468,188,410,,2146,3,10612,880,214,52,95,565,247,1372,16592,712,3123,11820,2226,2401,81,22010,1453,7143,5122,1165,441,6747890a-4e48-4f1b-b7af-723519b30798,0.00108497073142644,0.165414565802735
490,58610,Wagin,1946.1763,5,Western Australia,242,21,430,684,2.2,107,23,230,39,24,6,433,2.8,550,158,479,47.3,30.1,8.1,11.8,2.8,1.9,66.9,14.9,6.2,11.4,0.2,11.7,27.9,640,38,,4,4,684,309,185,146,24,15,45.2,27,21.3,3.5,2.2,10,574,61,8,48,195,875,139,22,87,41,75.1,11.9,59.6,28.1,3,3,3,4,3,2,2,3,40.9,26.5,21.6,11.5,684,2,23.2,190,145,,,15,,441,30,,10,3,,5,43,544,10,16,482,75,96,9,734,40,215,251,92,79,8e2c4150-ef80-424a-b4dd-bf2ed4080861,0.188357546832094,2.6888490206465
491,58680,Wandering,1903.8645,5,Western Australia,41,4,134,182,2.4,37,12,76,4,7,,138,2.8,207,38,103,55.7,25.5,3,12.3,2.8,2,61.6,14.3,4.1,19.9,,12.7,21.6,182,,,,,182,92,53,19,17,6,50.5,29.1,10.4,9.3,3.3,,150,18,,,200,1600,38,6,7,,71.7,11.3,36.8,,7,8,7,9,7,7,7,9,23.6,21.4,36.3,16.5,182,3,28.8,65,156,,,5,,114,,,,,,,17,145,7,4,124,44,40,3,242,7,26,63,38,39,1b7fdbbd-e295-4537-b97e-6bbd2cc429ef,0.182781571551914,2.46356578248754
492,58760,Wanneroo,683.2602,5,Western Australia,13627,1535,56085,71246,2.8,24003,4984,18119,6745,3190,761,57797,3.1,72665,17722,59506,48.6,35.9,3.7,8.3,3.5,1.9,62.4,24.1,7.2,5.2,1,9.8,11.5,65649,5066,302,184,41,71246,14974,38457,15608,1347,857,21,54,21.9,1.9,1.2,1427,59550,6630,523,26,350,1900,26868,5537,8597,5177,69.9,14.4,55.1,33.2,8,8,7,10,7,7,7,10,18.7,23.9,30.2,27.2,70919,3,9.1,35051,100,2611,4,1374,27,67207,4934,245,803,230,157,1778,898,80262,4472,7762,75089,6960,12491,407,104601,2307,22195,29689,10418,5805,ceeb2748-8cf3-420f-8c65-12551b5a7860,0.064940821897153,1.33948328160427
493,58820,Waroona,832.2285,5,Western Australia,443,39,1101,1584,2.4,321,106,545,96,49,13,1131,2.9,1478,381,1138,49.3,29.6,5.8,11.2,4,1.9,66.1,16.4,7.4,9.5,1,11.4,19.4,1459,96,,25,5,1584,649,581,273,51,34,41,36.7,17.2,3.2,2.1,32,1274,165,7,17,260,1625,390,67,146,92,67.1,11.5,53.5,33.7,3,2,1,7,2,2,1,6,35,27,24,14.1,1570,1,29.2,731,78,,,42,,1088,77,,21,6,,34,49,1327,20,56,1186,118,261,30,1750,57,447,584,272,200,b5db4efd-f914-4c69-a4a0-dc1bad36f4b5,0.0801701609636893,1.75675621117398
494,58890,West Arthur,2831.8272,5,Western Australia,86,8,202,293,2.2,55,15,112,7,13,5,206,2.8,318,41,169,57.9,25.5,3.6,8.3,4.6,1.9,67.3,14.8,5.7,11.9,0.9,10.5,32.9,285,6,,,5,293,152,54,47,33,10,51.9,18.4,16,11.3,3.4,3,229,29,,,143,915,38,4,31,11,70.4,7.4,66,23.4,9,8,9,8,8,8,9,7,28.5,26.1,30.2,15.5,291,4,22.3,100,70,,,3,,188,7,,5,,,3,35,238,,3,196,111,22,6,378,4,63,109,51,63,bcd29a0b-ce8a-40ea-81b0-b3e0ca0afb4a,0.274633043611402,3.0489701222401
495,59030,Westonia,3319.4496,5,Western Australia,34,,63,101,2.2,20,,44,7,,,69,2.7,95,30,43,53.7,28.1,5.9,13.3,1.5,2,67,17.7,6.4,14.3,,13.8,30.5,95,,,,,101,53,8,17,12,,52.5,7.9,16.8,11.9,,,85,3,,,85,400,9,,7,,112.5,,41.2,,9,8,8,6,9,8,8,4,32.7,21.4,33.7,9.2,98,4,34,24,180,,,4,,63,6,,,,,,15,85,6,3,67,21,9,,115,8,21,35,21,14,1ca9222c-5789-44c4-9cde-73246b2c55c7,0.313413744332593,3.47017848619557
496,59100,Wickepin,2040.8985,5,Western Australia,65,3,166,229,2.4,51,10,88,12,10,4,166,2.9,213,71,126,51.3,28.3,4.7,11.6,2.9,2.1,61.1,17.6,6.5,16.5,,13,32.1,223,5,,,,229,120,47,42,15,5,52.4,20.5,18.3,6.6,2.2,,190,25,,,139,867,31,3,26,4,66,6.4,61.9,9.5,7,7,7,8,6,6,7,7,35.4,29.7,23.6,11.8,229,3,31.6,98,120,,,,,141,18,,9,,,14,35,212,4,,160,63,37,3,322,3,42,105,30,37,15455bd5-0985-4658-92b8-21c4c3707bb7,0.196494714673463,2.47271900285404
497,59170,Williams,2304.7119,5,Western Australia,95,7,260,365,2.4,95,11,137,13,5,,264,2.9,384,94,185,58.7,26.8,4.1,7.5,2.1,2.1,57,20.2,7.3,12.1,2,9.6,33.4,347,12,4,,5,365,156,82,80,42,7,42.7,22.5,21.9,11.5,1.9,5,297,38,,,200,1285,54,10,58,14,65.9,12.2,72.5,17.5,9,9,9,9,8,9,8,9,26.7,24,28.7,18.7,359,4,28.8,129,104,,,,,303,20,,5,,6,20,38,386,,3,317,92,54,3,537,9,93,132,85,43,dfdc049a-b345-4c48-92d1-5c913fefd262,0.222545715614842,2.60692918062708
498,59250,Wiluna,181297.3382,5,Western Australia,36,3,56,84,2.4,9,,27,17,4,6,62,2.9,28,45,90,24.1,55.8,2.9,9.5,7.3,2.2,49.6,10.2,5.1,33.2,,5.1,6.4,80,9,,,,84,12,,41,27,5,14.3,,48.8,32.1,6,11,53,17,26,200,118,,,,14,16,,,34.1,39,1,1,6,1,1,1,6,1,60.7,28.6,9.5,0,84,1,68.5,,,,,24,,48,16,,,,,30,40,159,10,25,69,6,10,8,196,9,37,22,3,7,0dd8c65c-ef87-4a19-83ba-3f9ff9663d2c,16.2556473511472,18.1032840309391
499,59310,Wongan-Ballidu,3365.0675,5,Western Australia,179,13,334,521,2.3,105,13,154,35,29,5,337,2.8,419,115,349,48.4,31.6,6.2,9.5,4.7,1.9,65.5,19,5.4,8.9,0.9,9.9,32.7,490,26,,9,,521,228,109,148,27,10,43.8,20.9,28.4,5.2,1.9,10,411,57,,,180,993,78,10,100,23,71.6,9.2,67.6,15.5,4,4,5,4,4,3,5,3,40.9,24.6,22.8,11.7,521,2,24.2,124,166,,,4,,382,18,,14,4,,10,57,497,,4,406,75,68,7,648,18,147,205,97,44,1825c765-3937-4a0a-8354-c0e10a1a557b,0.316886937250956,2.948585255332
500,59320,Woodanilling,1128.8348,5,Western Australia,44,7,119,161,2.5,43,9,49,11,3,,114,3,149,52,95,49.9,26.9,3.6,16.2,3.9,1.9,61.3,19.6,5.3,11.2,1.1,13.7,31.1,161,,,,,161,79,35,24,19,,49.1,21.7,14.9,11.8,,,128,21,,,150,1148,28,7,14,8,80,20,58.3,33.3,7,8,9,7,7,7,9,5,28.2,27.6,29.4,15.3,163,3,27.6,,,,,,,101,3,,,,,,16,125,,,105,57,21,3,210,,37,59,33,37,a151de29-6e27-4a47-9f42-e43d448cdd1a,0.109569971207293,2.193667444156
501,59330,Wyalkatchem,1594.4884,5,Western Australia,99,9,107,209,1.9,20,7,57,13,6,3,106,2.7,135,35,156,43.3,29.1,6.6,14.2,5.9,1.8,71.1,12.2,5.4,11.7,,13,32.8,201,6,,,,209,105,36,46,17,4,50.2,17.2,22,8.1,1.9,,180,21,,,150,650,30,3,32,15,83.3,8.3,69.6,32.6,2,2,5,2,2,2,5,2,47.1,26.9,18.8,9.1,208,1,41.9,36,185,,,,,122,6,,4,,,,15,146,3,,133,34,19,3,208,13,79,71,27,18,46c634f2-bd6d-4ebb-ac29-d3677dec6455,0.15087765232488,2.20637957258334
502,59340,Wyndham-East Kimberley,112066.3217,5,Western Australia,548,87,1488,2122,2.7,540,70,577,265,90,50,1591,3.1,1275,974,1915,32.7,54.2,2.8,7.4,2.9,2,53.9,16.7,8.6,19,1.9,7.5,16.2,1459,239,116,240,71,2122,313,303,1275,124,102,14.8,14.3,60.1,5.8,4.8,218,1229,496,137,125,230,2000,203,34,866,168,67,11.2,67.9,13.2,2,4,7,1,2,3,7,1,39.8,22.1,24.5,13.7,2080,2,52.4,734,150,5,,48,3,1835,248,8,28,29,59,71,418,2750,22,55,2105,140,236,48,3198,319,706,624,223,139,83fd482b-7e54-4cb1-83b2-e1e0a8777ab0,9.44226540149532,75.2663089588081
503,59350,Yalgoo,27949.4641,5,Western Australia,20,,29,44,2.6,5,3,12,12,,,29,2.9,20,19,46,28.1,55.3,1.6,10.2,5.1,1.9,40.6,8,1.9,48.2,,4.2,7,25,,,7,16,44,10,,16,6,3,22.7,,36.4,13.6,6.8,3,27,4,3,28,150,223,,,14,,,,87.5,,2,1,1,1,2,1,1,1,56.8,25,20.5,0,44,1,66.2,,,,,8,,33,7,,,3,,29,20,98,3,8,48,4,9,,120,6,14,15,4,3,88277170-e5d7-436b-916c-711abc172c93,2.57759921426191,13.5566679822966
504,59360,Yilgarn,30428.7648,5,Western Australia,159,8,210,377,2,54,7,122,17,8,3,214,2.7,276,88,252,41.9,36.9,3.5,13.1,5.2,1.9,64.2,11.3,3.7,20.2,0.8,6.9,18.9,347,24,3,,,377,163,68,108,31,8,43.2,18,28.6,8.2,2.1,4,296,44,,,150,790,46,8,73,14,67.6,11.8,67.6,13,5,6,4,4,5,5,3,3,41.2,24.7,23.9,8.8,376,3,47,112,150,,,63,,276,35,,10,,3,32,70,499,22,65,335,52,42,12,620,16,122,127,60,50,3c87b85b-6d56-4722-a0a5-aad0156cb313,2.87269052832721,8.23196784263812
505,59370,York,2131.5916,5,Western Australia,469,30,923,1420,2.2,206,61,523,75,59,7,936,2.7,1284,254,967,51.7,23.2,6.9,14.4,3.8,1.8,70.3,12.9,6.8,9.3,0.7,13.3,21.8,1344,39,6,11,13,1420,680,422,229,52,29,47.9,29.7,16.1,3.7,2,24,1179,141,9,26,260,1404,285,69,139,72,67.5,16.4,60.7,31.4,5,4,5,5,4,4,5,4,35,29.5,23,12.7,1410,2,25,444,100,,,18,,840,43,3,23,4,,34,39,1006,19,28,899,158,207,22,1408,43,461,500,239,151,a9a98f7a-0dbf-42ca-a285-da9a5394a7ae,0.203274234918354,2.97456246358178
506,59499,No usual address (WA),,5,Western Australia,,,,,,,,,,,,,,,,,,,,,,,,,,,,,,,,,,,,,,,,,,,,,,,,,,,,,,,,,,,,,,,,,,,,,,,,,,,,,,,,,,,,,,,,,,,,,,,,,,,,,,,a29a8853-9c71-4bb5-b180-607e10b78ecb,,
507,59799,Migratory - Offshore - Shipping (WA),,5,Western Australia,,,,,,,,,,,,,,,,,,,,,,,,,,,,,,,,,,,,,,,,,,,,,,,,,,,,,,,,,,,,,,,,,,,,,,,,,,,,,,,,,,,,,,,,,,,,,,,,,,,,,,,5b60d6c7-8ce7-494f-9ad0-83b544d318d2,,
508,60210,Break O'Day,3523.8858,6,Tasmania,1075,59,1861,3000,2,390,118,1096,153,105,19,1876,2.6,2330,780,1970,46.2,28.2,7.3,14.7,3.7,1.7,73.6,12.9,5.3,7.8,0.4,15.2,20.8,2744,86,86,69,13,3000,1622,666,585,69,55,54.1,22.2,19.5,2.3,1.8,73,2282,483,21,31,240,1083,464,92,297,227,69.7,13.8,50.8,38.8,2,2,2,2,3,2,5,3,47.5,29.7,16.3,6.4,2981,1,38.5,612,144,,,3,,1413,111,,29,7,10,23,129,1733,8,6,1525,273,298,22,2328,132,1065,1085,435,238,01934172-99a6-4b55-bc84-486de79f5ae7,0.379572453269702,5.78651116335238
509,60410,Brighton,171.1508,6,Tasmania,1526,174,5188,6889,2.6,1651,441,1736,1031,378,72,5311,3,5304,2258,5995,38.7,43.4,4.6,9.3,4,1.8,64.3,21.5,7,6,1.3,13.1,10.4,6101,121,648,6,4,6889,1728,2754,2247,61,100,25.1,40,32.6,0.9,1.5,298,4850,1328,68,36,280,1392,2164,299,1069,961,78.6,10.9,47.6,42.8,1,1,1,2,2,2,2,2,38.7,28,21.7,11.6,6848,1,9.1,3232,70,,,160,3,5870,456,4,125,34,3,30,82,6781,80,205,6409,377,967,58,8256,446,2149,2296,1081,798,22ddc3db-0cba-4f58-a4e2-9304a00d0b2d,0.0188092713569858,1.15767926364277
510,60610,Burnie,610.9528,6,Tasmania,2590,205,5306,8104,2.3,1619,375,2241,715,358,80,5387,2.9,6192,2040,6514,41.6,37.5,6.4,10.6,3.9,1.8,68.3,18.4,6.8,5.4,1,13.1,15.5,7310,632,145,15,5,8104,2693,2614,2583,84,127,33.2,32.3,31.9,1,1.6,165,6284,1258,105,53,240,1129,2087,206,1464,883,79.8,7.9,56.7,34.2,2,2,2,2,3,3,4,3,41.7,26.5,20.3,11.6,8064,1,13,2230,140,6,,66,3,6108,555,29,43,29,26,27,277,7157,77,94,6731,431,1020,51,8736,608,3074,2725,994,587,43668d7c-421c-44b5-bc15-40332d5e4bf5,0.0655999895493551,1.62575347398886
511,60810,Central Coast (Tas.),933.0891,6,Tasmania,2721,176,6341,9235,2.3,1748,490,3110,651,378,71,6437,2.8,8361,2068,6745,48.6,30.1,7.3,10.6,3.5,1.8,69.5,16.1,7.8,5.7,0.8,14.1,18.4,8335,716,30,143,12,9235,3967,3025,1913,142,188,43,32.8,20.7,1.5,2,176,7249,1318,70,31,250,1300,2340,277,1014,708,77.4,9.2,53,37,4,3,3,4,7,6,6,6,38.1,27.3,21.6,12.9,9198,2,11.9,2856,109,,,46,5,7025,397,7,77,34,26,64,229,7917,68,69,7489,753,1171,83,9989,409,3031,3356,1372,902,275ee57a-9877-49d2-85d1-2cc91bce12c3,0.100287019740335,2.40801549524556
512,61010,Central Highlands (Tas.),7982.4155,6,Tasmania,387,31,597,1012,2.1,166,44,309,44,27,8,601,2.8,751,265,756,42.6,32.6,5.7,14.7,4.7,1.9,69.6,15,5.1,9.9,0.3,11.5,15.3,964,,12,22,11,1012,490,263,165,62,25,48.4,26,16.3,6.1,2.5,37,752,161,4,16,200,900,190,37,102,32,72.2,14.1,61.8,19.4,2,2,2,3,2,3,3,5,45,27.8,20.1,7.2,1007,1,63.5,278,100,,,4,,584,43,,23,4,,11,77,749,11,3,639,129,98,10,989,20,287,346,186,140,a435addb-64c0-463d-8a26-8d0a13331411,0.87028548401986,5.39457268980785
513,61210,Circular Head,4897.6511,6,Tasmania,863,83,2081,3027,2.4,650,136,987,180,126,26,2108,2.9,2595,896,2187,46.2,34.2,6.5,9.6,3.5,1.9,64.9,18.3,7.1,9,1,11.7,19.8,2868,103,26,23,8,3027,1133,983,666,181,72,37.4,32.5,22,6,2.4,76,2370,415,36,44,220,1083,777,80,411,160,79,8.1,61.7,24,3,2,2,4,5,5,3,6,38.5,30.6,22.6,8.5,3023,1,25.5,595,180,,,8,,2416,173,3,32,71,8,36,181,2933,25,15,2616,285,344,38,3626,108,948,1168,465,264,31528043-9b64-4a81-9fce-09b650bb546e,0.524788055344743,11.0926224423174
514,61410,Clarence,377.9614,6,Tasmania,6209,659,16719,23584,2.4,5434,1262,7179,1880,1061,248,17067,2.9,21255,6086,18774,46.2,34.9,6,9.9,3,1.8,65.8,19.2,8.8,5.4,0.9,13.1,17.5,21987,1181,276,97,44,23584,8726,8794,5361,441,261,37,37.3,22.7,1.9,1.1,604,18350,3497,148,24,350,1541,7063,861,3014,1881,80.3,9.8,56.2,35.1,8,8,8,7,10,10,10,9,26.1,27.2,24,22.7,23532,3,9.1,13038,100,7,,1227,73,18731,1510,59,157,146,169,92,372,22544,498,1648,20684,2346,3495,108,28997,1274,7881,8890,3243,2033,329a88e6-a082-4b1d-bdef-b64e837bfe96,0.0416153468663651,2.90263098430396
515,61510,Derwent Valley,4108.1113,6,Tasmania,1088,77,2944,4102,2.5,825,287,1278,384,212,40,3037,2.9,3389,1303,3393,40.8,39.2,5.7,9.9,4.4,1.9,67.5,17.5,7.2,6.9,0.9,13.6,12.7,3861,127,68,46,6,4102,1453,1646,884,65,52,35.4,40.1,21.6,1.6,1.3,145,2979,757,48,44,285,1235,1290,165,456,315,78.4,10,51.6,35.6,2,2,1,3,3,2,2,5,38.8,28.6,23.5,9.1,4090,1,13.9,1893,56,,,59,,3280,229,6,70,15,6,14,83,3761,39,85,3542,273,517,30,4622,222,1198,1414,722,499,1385b993-8384-46c4-b84b-2b14af769810,0.452150701622941,4.29465294778695
516,61610,Devonport,111.259,6,Tasmania,3423,326,7019,10769,2.3,1914,477,3107,1045,481,105,7133,2.8,8328,2479,8834,42.3,35.1,7,11.6,4,1.8,69.8,16.7,6.9,5.5,1,13.4,15.4,9392,1234,24,98,16,10769,3773,3282,3421,117,181,35,30.5,31.8,1.1,1.7,284,8208,1745,223,86,250,1200,2659,265,1905,1173,81,8.1,55.7,34.3,2,2,2,2,2,3,2,2,42.6,28.5,18.6,10.3,10708,1,11.3,3551,100,,,99,4,7987,634,44,54,28,44,47,348,9288,86,120,8703,520,1251,72,11207,810,4043,3673,1334,743,8debd1f6-bc12-48f8-8a43-b0cc07601dab,0.0119448461236971,0.990963064672624
517,61810,Dorset,3230.5456,6,Tasmania,874,72,1816,2763,2.2,458,129,966,157,97,18,1830,2.8,2358,695,1952,46.6,31.7,7.9,10.6,3.1,1.9,68.4,14.7,7.4,8.6,0.8,12.8,20.7,2638,70,26,16,4,2763,1227,810,543,110,68,44.4,29.3,19.7,4,2.5,65,2181,377,8,12,220,1083,578,102,317,166,71.4,12.6,58.4,30.6,3,2,2,3,5,4,3,5,42.4,28.1,21.6,7.8,2748,1,30.4,952,50,,,7,,1916,104,6,30,13,8,17,141,2238,18,14,2043,313,271,26,2874,102,877,940,435,348,0a0649c7-4985-441a-86a1-dd53eb9792ca,0.346124967496507,4.67999645274988
518,62010,Flinders (Tas.),1996.6244,6,Tasmania,163,11,246,416,2,56,12,155,12,9,3,252,2.5,287,140,248,43.3,30.8,7.9,13.6,3.8,1.7,73.6,12.4,5.5,7.3,0.8,15.1,37.7,403,12,,,4,416,202,61,104,28,23,48.6,14.7,25,6.7,5.5,4,324,57,3,33,139,867,46,6,69,19,75.4,9.8,66.3,18.3,4,5,7,2,7,9,9,4,42.6,26.6,21.1,7.4,418,2,40.1,174,50,,,3,,258,18,,4,,,3,38,321,,3,282,81,33,7,453,24,128,139,76,33,6f769a26-7ab4-458a-ada8-dde266da4f9e,0.210942299077033,9.90124580916692
519,62210,George Town,653.4308,6,Tasmania,918,66,1926,2911,2.2,435,148,991,243,129,17,1966,2.7,2452,647,2219,45.3,32.8,6.9,10.7,4.1,1.8,72.4,14,6.3,6.6,0.7,14.5,15.8,2607,251,27,26,6,2911,1210,786,791,55,64,41.6,27,27.2,1.9,2.2,74,2269,418,12,17,220,1083,610,83,417,289,77.6,10.6,52.7,36.5,1,1,1,2,1,1,1,1,47.2,27.4,18.1,7.1,2889,1,21.5,755,100,,,13,,1731,114,,24,3,16,14,71,1984,16,8,1857,178,294,21,2489,187,1007,972,409,266,70b0c2a7-6b73-4d21-bcd4-2ce2f1e1c020,0.0700410188915157,1.87220391113477
520,62410,Glamorgan-Spring Bay,2591.591,6,Tasmania,651,51,1384,2085,2.1,246,81,909,91,64,12,1402,2.5,1913,496,1267,52.2,25.6,6.1,12.7,3.6,1.7,75,10.9,6,7.8,0.3,12.6,21.7,2003,35,10,18,21,2085,1101,468,423,58,35,52.8,22.4,20.3,2.8,1.7,47,1633,296,4,8,250,1103,306,72,239,134,65.4,15.4,56.5,31.7,4,3,4,4,6,6,7,6,40.4,33.3,19.3,7,2076,2,56.3,598,100,,,8,,1151,96,,29,4,14,17,216,1546,15,14,1257,223,213,22,2015,56,689,826,293,194,64e499a4-7a60-4a31-9167-89b8e44c14b0,0.282803269995838,9.19051813426589
521,62610,Glenorchy,121.1632,6,Tasmania,6253,847,12765,19865,2.4,3895,949,5013,1934,1073,281,13152,2.9,14484,4988,19400,38.9,40.8,6.3,10.6,3.4,1.7,69.3,17.7,6.9,5.2,0.9,12.2,14.2,16189,1064,2493,85,43,19865,5712,6375,7155,288,335,28.8,32.1,36,1.4,1.7,1175,13481,4137,312,62,325,1337,5008,731,4057,2431,78.6,11.5,56.7,34,2,3,4,2,4,5,6,2,36,28.8,22.1,13.1,19763,1,9.7,8765,100,6,,1288,3,15001,1611,145,134,147,209,101,520,19166,496,1604,17065,1208,2687,133,23678,1890,7666,6214,2351,1401,5c5759da-af3c-4440-8cf2-ef2c19cd6086,0.0133411196388806,0.874915249476862
522,62810,Hobart,77.8965,6,Tasmania,6465,1704,13288,21459,2.3,4433,676,6476,1119,585,241,13525,2.8,17048,5723,19235,40.8,43.5,4.6,8.8,2.3,1.7,71.7,15.7,6.8,4.9,0.8,11.6,25.2,14780,2451,4040,109,79,21459,7447,5739,7650,417,206,34.7,26.7,35.6,1.9,1,812,14624,5093,441,78,390,1800,4648,519,4400,2561,81,9,57.5,33.5,9,10,10,4,10,10,10,7,19.4,24.6,27.9,28.1,21415,4,13.9,11725,192,,6,1452,6,12911,1723,202,54,165,783,161,4159,21621,561,1741,15120,3056,3420,116,28780,2061,8929,7055,2121,1073,e2e232af-58b6-4290-afbd-28b025a7e037,0.00858521285454117,0.610825337269018
523,63010,Huon Valley,5507.3541,6,Tasmania,1819,162,4983,6966,2.4,1461,394,2447,484,266,59,5110,2.8,6281,2163,5054,46,34.2,5.5,11.2,3.2,1.8,67.3,17.6,6.7,7.3,1.1,13,19,6729,109,29,86,16,6966,3049,2579,1089,138,105,43.8,37,15.6,2,1.5,264,5153,1211,59,33,290,1300,1931,330,581,404,74.9,12.8,53.4,37.1,5,5,7,6,8,8,9,8,30,29.5,25.1,15.3,6939,2,20.8,2669,100,,,53,,4797,365,,85,14,19,30,251,5622,91,99,5263,1007,844,86,7657,203,2084,2724,1101,735,72749d39-cb69-441c-b04d-2e8304320979,0.61044424460124,13.1191314098449
524,63210,Kentish,1156.1888,6,Tasmania,618,61,1769,2451,2.4,496,163,928,128,85,14,1808,2.8,2465,637,1683,51.3,30.1,5.1,10.5,2.8,1.8,68.6,16,6.1,8.5,0.9,13.4,18.2,2349,77,,10,11,2451,1170,891,305,49,34,47.7,36.4,12.4,2,1.4,76,1888,359,19,28,230,1248,661,120,174,85,74.2,13.5,57,27.9,4,3,2,6,6,6,5,8,34.3,29.7,24.6,11.3,2443,1,16.3,733,121,,,11,,1834,114,,27,5,4,14,148,2162,18,18,1964,287,305,37,2815,59,609,925,472,351,0fe7adf0-206a-49f1-8501-700e989703e8,0.124590866750168,2.43101983043917
525,63410,King Island,1095.7407,6,Tasmania,234,21,405,652,2.1,116,20,214,30,21,3,401,2.7,492,196,403,44.9,35.3,6,9.8,3.6,1.8,66.8,16,6.3,10.4,1,11.9,31.5,622,23,4,3,4,652,283,157,161,37,16,43.4,24.1,24.7,5.7,2.5,9,521,84,,,190,1083,114,16,103,31,72.6,10.2,64,19.3,7,6,5,6,9,9,8,9,35.1,29.8,24.1,11.1,647,3,27.2,152,155,,,,,526,36,,9,10,,8,66,657,9,,568,100,61,8,838,25,240,231,92,50,228ee78b-5ebc-484f-aae2-73d20151e2e5,0.115338287573195,2.68098223341814
526,63610,Kingborough,720.1093,6,Tasmania,3610,424,11059,15083,2.5,3998,754,4741,1107,556,120,11280,2.9,14772,3890,11606,49.6,33,5,9.7,2.7,1.8,65.7,20.8,8.5,3.8,1.2,13.5,23.5,14002,745,234,86,21,15083,6064,5519,3079,289,140,40.2,36.6,20.4,1.9,0.9,403,11660,2284,77,20,380,1625,4335,581,1710,1118,78.5,10.5,55.5,36.3,9,9,9,8,10,10,10,10,19.8,27.2,25.4,27.7,15052,4,13,8154,150,5,,831,4,11927,1010,19,118,90,133,65,360,14550,375,1051,13287,2095,2339,88,19444,529,4934,5951,2177,1346,aeb7046f-a598-44a2-8101-21c94b5b7a67,0.0797373473155858,5.85938443329778
527,63810,Latrobe (Tas.),600.4619,6,Tasmania,1324,96,3486,4916,2.3,962,246,1815,316,170,44,3549,2.7,4710,1211,3340,51.5,28.1,7,10.2,3.4,1.8,69.6,16.7,7.1,5.8,0.9,13.5,16.6,4566,251,33,53,11,4916,2131,1553,1086,79,70,43.3,31.6,22.1,1.6,1.4,104,3911,663,27,22,260,1322,1189,153,626,350,76.6,9.9,57.6,32.2,5,4,3,5,8,7,5,7,37,29.5,21.9,11.5,4894,2,15.9,1605,104,,,25,,3928,220,,51,10,7,32,121,4403,26,29,4176,395,618,37,5479,143,1545,1889,775,482,9b5801ed-c382-49b6-a3de-02cbe6dd178f,0.0645007375305795,2.6491989035556
528,64010,Launceston,1413.6306,6,Tasmania,8695,1208,17827,27729,2.3,5468,1177,7521,2457,1234,319,18174,2.8,21232,6635,24036,41,39.5,6.2,10,3.4,1.8,69.1,17.7,6.6,5.8,0.8,12.3,16.2,22246,2922,2396,108,62,27729,8761,8555,9368,482,560,31.6,30.9,33.8,1.7,2,945,20103,5204,442,63,278,1300,6883,755,5496,3076,80.5,8.8,58.7,32.8,3,3,5,2,5,7,8,3,35.3,27.7,21.7,15.3,27609,2,12,9856,122,5,3,491,,21578,1910,180,132,130,188,153,1573,26352,332,631,23792,2066,3554,161,32465,2141,10412,9327,3390,1890,b1ccec0a-3346-4ea6-8594-96f637dd8435,0.152118508745389,2.64398692868412
529,64210,Meander Valley,3330.8146,6,Tasmania,2329,179,5747,8257,2.4,1737,484,2769,531,300,50,5864,2.8,7847,1958,5925,49.7,30.6,6.1,10.1,3.4,1.8,69.5,17.5,7.2,5,0.9,13,18.3,7426,406,366,51,8,8257,3531,2774,1691,142,115,42.8,33.6,20.5,1.7,1.4,190,6567,1127,56,27,270,1322,2190,270,978,571,78.9,9.7,57.8,33.8,5,4,4,6,8,8,7,8,34.7,27.8,23.1,14.5,8227,2,11.3,2732,113,,,146,,6669,372,12,88,34,25,78,259,7678,67,172,7105,839,994,70,9654,307,2503,3013,1376,939,be312d72-21b8-433e-ad21-26af8adf7559,0.359870549031257,4.20138461454099
530,64610,Northern Midlands,5135.2505,6,Tasmania,1571,114,3822,5506,2.3,1087,307,1860,388,212,45,3890,2.8,5001,1386,3929,48.1,31.8,6.3,10.3,3.4,1.8,68.9,17.4,6.8,6,0.8,12.2,17,4980,127,341,39,7,5506,2231,1859,1130,177,102,40.5,33.8,20.5,3.2,1.9,125,4375,754,31,23,250,1300,1440,203,654,331,77.5,10.9,57.9,29.3,5,4,3,5,7,7,6,7,35.3,29.9,22.3,12.5,5476,2,14.9,1754,100,,,52,,4319,256,,72,20,13,30,263,5043,39,67,4616,543,626,63,6313,194,1670,2039,915,602,c5d171aa-b25b-45f2-9216-d6d7635e0603,0.556654037800399,5.25436650690841
531,64810,Sorell,583.7723,6,Tasmania,1758,157,4605,6514,2.4,1368,367,2069,555,283,60,4707,2.8,5498,2017,4927,44,35.3,5.4,11.7,3.7,1.8,66.2,18.8,7.8,6.2,1.1,13.2,15.5,6373,100,8,20,18,6514,2321,2812,1196,83,101,35.6,43.2,18.4,1.3,1.6,170,4930,1037,24,15,350,1400,2154,337,620,479,76.6,12,51.8,40.1,6,5,5,7,9,8,8,9,28.1,32.1,25,14.9,6487,2,20.2,3160,80,,,90,,5389,330,4,78,29,9,27,128,6076,84,137,5797,650,990,37,7839,161,2016,2479,1071,691,36c11e95-7cf9-47a1-abad-a532a3c77587,0.0642167298401546,2.27510020433383
532,65010,Southern Midlands,2615.4935,6,Tasmania,600,48,1817,2465,2.5,549,198,820,173,107,20,1865,2.9,2248,830,1858,44.5,36.5,5,10.1,4,1.8,65.8,17.5,7.7,8.2,0.7,14.6,15.4,2424,9,22,7,4,2465,959,1069,319,76,46,38.9,43.4,12.9,3.1,1.9,78,1891,345,19,29,250,1300,792,137,165,102,74.1,12.8,51.7,32,4,3,2,7,6,5,4,10,32.9,27.5,27.8,11.5,2454,1,17.7,1031,60,,,13,,2012,124,3,68,9,,14,80,2326,21,20,2163,297,310,37,2994,60,524,893,492,454,5b7fdaea-eb12-4183-8084-da19df42ede8,0.286149871161797,3.74046566198477
533,65210,Tasman,660.3947,6,Tasmania,434,25,684,1144,2,132,40,417,47,45,11,689,2.5,827,312,798,42.6,30.7,6.9,15.2,4.1,1.7,74.4,10.5,5,9.4,0.5,17,22.2,1105,15,7,21,7,1144,647,275,165,20,33,56.6,24,14.4,1.7,2.9,31,858,188,4,16,250,1083,182,47,75,69,66.2,17.1,45.5,41.8,2,2,5,3,4,4,7,4,42.5,33.6,17.7,6.6,1135,1,57,329,100,,,4,,516,43,,14,3,5,4,53,643,3,9,563,132,141,9,939,34,399,416,178,96,85a8e656-7352-41d0-8732-d033bcf01b90,0.0729665316052888,4.6035856488204
534,65410,Waratah-Wynyard,3535.9075,6,Tasmania,1829,107,3911,5850,2.3,1037,283,1971,430,216,38,3970,2.8,5052,1347,4204,47.3,31.2,7.3,10.6,3.6,1.9,68.7,16.2,7.8,6.4,0.9,14.1,16.2,5407,355,21,58,13,5850,2439,1838,1408,81,87,41.7,31.4,24.1,1.4,1.5,123,4648,832,28,20,240,1200,1417,166,787,488,77.1,9,55.9,34.7,2,2,2,3,4,4,4,4,41.5,27,20.1,11.2,5820,1,15.8,1397,150,,4,36,,4129,215,5,45,20,7,19,154,4636,32,55,4378,421,693,52,5836,363,2015,2033,856,508,219c0b6d-9de4-4ce6-90de-97702ddf0297,0.380630491919874,3.66508519591464
535,65610,West Coast,9583.5388,6,Tasmania,798,50,1024,1875,2,261,51,523,109,72,11,1030,2.7,1152,469,1401,37.6,39.7,6.7,11.3,4.5,1.8,68.8,14.8,5,10.9,0.7,13.1,16.3,1754,49,24,16,26,1875,848,436,474,73,41,45.2,23.3,25.3,3.9,2.2,38,1498,239,13,29,160,650,349,27,322,103,80,6.2,67.9,21.7,1,1,1,2,1,1,1,1,52.1,28.7,15.6,3.4,1870,1,40.3,427,125,,,5,,1011,92,5,3,3,3,5,149,1274,11,10,1111,70,214,13,1588,151,808,579,207,84,b39c6b84-4cce-4333-beb0-3e1e61c2ba8f,1.04629130781859,13.1414153552071
536,65810,West Tamar,691.1537,6,Tasmania,2538,223,7016,9781,2.4,2193,553,3363,635,330,78,7147,2.8,9763,2211,7042,51.7,29.7,5.7,9.8,3.1,1.8,69.1,18,6.8,5.2,0.9,12.7,18.6,9390,117,186,72,13,9781,4125,3572,1797,119,156,42.2,36.5,18.4,1.2,1.6,188,7868,1280,57,23,300,1364,2806,375,1042,593,78.6,10.5,58,33,7,7,7,7,9,9,9,10,27.9,28,24.7,19.4,9753,3,13.8,3678,140,4,,67,,8009,513,13,65,40,41,50,224,9021,99,109,8610,955,1370,58,11506,287,2944,3699,1628,1077,6171669e-3ad0-497b-9067-8271e7bd6535,0.0742845352801851,2.67401914710032
537,69499,No usual address (Tas.),,6,Tasmania,,,,,,,,,,,,,,,,,,,,,,,,,,,,,,,,,,,,,,,,,,,,,,,,,,,,,,,,,,,,,,,,,,,,,,,,,,,,,,,,,,,,,,,,,,,,,,,,,,,,,,,33722953-b405-45d0-b138-e13de2ce1a3e,,
538,69799,Migratory - Offshore - Shipping (Tas.),,6,Tasmania,,,,,,,,,,,,,,,,,,,,,,,,,,,,,,,,,,,,,,,,,,,,,,,,,,,,,,,,,,,,,,,,,,,,,,,,,,,,,,,,,,,,,,,,,,,,,,,,,,,,,,,4a3f64bb-6854-4128-81fb-0eba9dc397ad,,
539,70200,Alice Springs,327.7132,7,Northern Territory,2409,502,5976,8891,2.6,2341,341,2256,819,330,125,6213,3,6645,2883,7867,39.2,46.5,3,7.6,3.6,1.9,64.7,19.9,6.3,8.1,1.1,8.7,17.4,5709,2482,375,175,151,8891,1399,3210,3838,243,199,15.7,36.1,43.2,2.7,2.2,672,5575,2066,911,315,375,1800,2475,295,2565,703,77.1,9.2,66.8,18.3,7,8,9,3,8,8,9,7,23.6,22.5,28.2,25.8,8834,4,24.4,4447,195,3,6,201,4,9059,1043,60,70,137,549,82,662,11878,188,252,10285,435,1151,79,13726,756,3213,3003,1128,582,1dd69430-d55c-4280-93fa-fe4f32768381,0.0290206639965618,0.879812732964584
540,70420,Barkly,322710.4145,7,Northern Territory,453,47,1098,1599,3.2,507,73,365,283,98,34,1365,3.4,1423,433,2024,40.7,45,4,5.3,4.9,2.1,49.9,19.2,14.9,12.5,3.7,9.6,9.1,1362,116,53,52,20,1599,152,126,953,309,61,9.5,7.9,59.6,19.3,3.8,351,759,390,913,1197,115,1087,90,8,575,85,71.4,6.3,60.3,8.9,1,1,2,1,6,6,5,6,57.1,17.8,20.1,5.1,1573,1,46.4,427,166,,,19,,855,158,,6,10,34,70,485,1637,18,23,1027,104,111,39,1904,522,610,277,70,58,e3a84bd8-1e43-4bba-82a4-dd71cdab2658,27.770197206589,28.0087896158728
541,70540,Belyuen,41.4054,7,Northern Territory,9,,38,46,3.2,5,7,14,13,6,,43,2.9,38,9,74,42.9,50,4.8,2.4,2.4,1.6,65.1,15.1,6.3,16.7,,8.7,,32,,10,,,46,,,44,,4,,,95.7,,8.7,12,21,9,19,1267,75,,,,28,6,,,63.6,13.6,1,1,1,1,2,1,1,1,89.1,0,0,0,46,1,0,,,,,,,6,,,,,,,6,10,,,6,,,7,17,33,8,,,,605464bd-868b-4a3a-aeef-8a97b97e5478,0.00344383799802017,0.234741432073262
542,70620,Central Desert,281338.022,7,Northern Territory,142,13,554,715,4.1,300,43,190,173,48,30,784,3.6,808,245,1121,41.3,45.7,4.6,4.5,4,2.2,41.6,21.5,21,11.3,4.2,9.3,6.3,645,18,13,17,15,715,19,8,514,139,28,2.7,1.1,71.9,19.4,3.9,259,265,150,513,1112,75,498,3,,376,42,37.5,,73.2,8.2,1,1,1,1,3,3,3,4,74.7,9.4,13.1,2.3,700,1,44.8,61,200,,,21,,227,53,,,,3,43,290,645,16,26,290,45,22,15,744,208,300,101,30,28,9015d124-2bb8-4661-aff6-ad72e6753e97,24.5276137419519,33.7777406767864
543,70700,Coomalie ,2056.0547,7,Northern Territory,153,22,259,433,2.1,52,4,156,34,13,6,265,2.6,289,117,332,41.5,37.9,3.7,12.9,4.3,1.9,58.2,9.9,4.9,26.4,0.9,9.5,16.4,361,27,3,35,10,433,164,118,108,31,18,37.9,27.3,24.9,7.2,4.2,28,256,123,7,32,175,1517,64,30,58,27,54.2,25.4,53.7,25,2,2,3,2,6,6,6,6,43.6,29.7,21.3,5.6,431,1,60,145,100,,,4,,211,21,,,3,10,9,74,329,3,6,236,39,50,13,435,40,164,138,43,32,b7e7a4b5-1a5d-409b-a5d2-55426f981648,0.17139892801822,2.70099692430383
544,71000,Darwin,111.2614,7,Northern Territory,7221,1951,19284,28456,2.6,7431,1191,7776,2092,995,397,19887,2.9,23469,8119,24897,42.6,42.8,3.2,8.1,3.2,1.8,65.3,18.9,5.8,9.2,0.8,9.1,17.6,14745,3671,9768,181,94,28456,5256,8402,13931,379,484,18.5,29.5,49,1.3,1.7,1685,18553,6541,1567,178,380,2000,6265,953,9561,2565,74.6,11.3,68.6,18.4,9,9,9,5,9,10,10,9,19.5,24.6,29.9,25.9,28249,4,18.8,16270,120,4,5,1250,18,28843,2752,236,131,619,1096,501,2115,37569,652,1558,32170,1884,3827,205,44133,1923,10445,10629,3316,1586,ed4ab54e-af92-40ec-882e-487c85cfae06,0.00924914426218493,0.640486011580166
545,71150,Darwin Waterfront Precinct,0.7447,7,Northern Territory,79,5,67,158,1.6,12,,54,3,,,67,2.3,60,60,106,30.8,49.1,1.1,11.4,7.3,1.4,76.6,10.3,5.9,6.6,,9.2,19,,,158,,,158,14,20,121,6,,8.9,12.7,76.6,3.8,,7,74,68,,,533,1907,20,6,79,30,100,30,65.3,24.8,10,10,10,4,10,10,10,8,10.6,24.5,55.6,11.3,151,4,43,60,143,,,,,125,10,,,,3,3,34,179,4,,139,10,8,,209,7,108,38,9,,7549b615-8508-43dc-8064-feac6d42579c,6.19312933167748E-05,0.0394637154997942
546,71300,East Arnhem,33309.9334,7,Northern Territory,164,10,1281,1450,4.8,741,151,350,432,193,82,1947,3.7,2201,277,3646,45.5,42.4,6.2,2.8,3.1,2.2,35.4,17.3,29.2,7.5,10.5,18.1,5.6,1307,99,9,15,23,1450,51,7,1143,218,44,3.5,0.5,78.8,15,3,754,396,255,2872,2993,80,997,,,825,78,,,72.2,6.8,1,1,1,1,2,2,4,2,82.3,7.2,8.6,2,1440,1,27,66,235,,,36,,319,199,,9,3,3,28,696,1303,49,48,569,20,30,100,1498,722,469,162,32,11,bcce227e-3f4e-4eed-b059-14bc7618af89,2.77465351204148,39.0055452560537
547,72200,Katherine,7416.6444,7,Northern Territory,677,159,2025,2852,2.7,789,109,823,266,104,40,2122,3.1,2137,1151,2407,38.6,47.1,3.1,7.2,4,2,58.5,17.3,6.1,16.8,1.3,8.1,14.9,2209,432,53,73,89,2852,447,700,1508,97,108,15.7,24.5,52.9,3.4,3.8,222,1767,640,493,420,295,1625,489,73,1059,197,69.9,10.4,70.2,13.1,4,7,8,2,7,7,8,7,26.3,27.6,27.7,18.5,2783,3,37.2,1372,112,,,23,,3066,288,12,26,49,127,25,303,3909,54,31,3401,184,298,46,4486,208,894,999,388,222,edb9312f-019e-4169-b8a6-a91b3e033803,0.622352789109755,3.97224304963011
548,72300,Litchfield,2903.3391,7,Northern Territory,1193,188,4864,6251,2.8,1871,503,2060,405,239,53,5127,3,5960,2500,4969,43.8,41.2,2.7,8.7,3.6,1.9,58.8,17.7,5.8,16.9,0.8,8.7,14.5,5750,115,119,226,47,6251,1735,3102,1114,168,132,27.8,49.6,17.8,2.7,2.1,365,4107,1299,176,66,380,2253,2130,384,676,257,68.7,12.4,60.7,23.1,9,9,7,10,9,9,7,10,18.9,24.2,28.4,28.5,6203,4,30.1,3698,100,5,,93,3,7420,452,3,172,72,69,171,370,8825,112,142,7967,676,1043,111,10776,108,1315,2263,1261,1161,ab3c4218-bcf7-4307-82d7-690a211ea920,0.241480411438715,4.42173476361586
549,72330,MacDonnell,268339.0281,7,Northern Territory,269,16,842,1126,3.8,442,53,269,238,102,53,1158,3.5,1265,259,1826,46,42,4.9,3,4.1,2.1,37.7,15.5,19.4,22.5,4.7,12,5.5,982,54,18,47,31,1126,75,9,752,244,49,6.7,0.8,66.8,21.7,4.4,384,429,274,930,1329,75,758,5,,541,31,55.6,,71.9,4.1,1,1,1,1,5,4,3,5,77.6,10.4,10,1.6,1091,1,51.6,67,144,,,31,,329,103,,,,,9,537,1018,18,40,455,56,34,25,1155,445,440,125,37,24,d1eca105-0d26-4e96-9a05-8ebd42b5acc6,23.9303613309692,26.4925804027414
550,72800,Palmerston,52.6559,7,Northern Territory,2555,504,9263,12318,2.8,4083,518,2913,1386,482,124,9502,3.1,9809,4465,9929,40.7,44.9,2.5,8.1,3.8,1.9,57.6,25.1,6,9.9,1.3,9.2,12.8,9348,1158,1786,14,14,12318,1179,5267,5540,134,205,9.6,42.8,45,1.1,1.7,491,8777,2224,233,63,400,2037,3922,583,3505,1182,74.5,11.1,63.3,21.3,8,8,7,6,8,8,7,10,19.1,29.1,28.1,23.7,12205,4,16,7803,100,,,348,4,14074,1167,50,92,189,102,195,238,16454,252,454,15468,645,1825,82,19262,545,3855,5292,1710,666,18a8c361-123a-47d1-9ee9-11d6f90419c1,0.00437886656447972,0.329653498783839
551,73600,Roper Gulf,185213.4546,7,Northern Territory,213,33,939,1188,4.1,530,61,369,277,100,45,1369,3.5,1557,339,2066,46.3,39.8,4.9,5.1,3.7,2.2,40.2,17,23.2,13.1,6.6,12.9,6,807,176,28,134,36,1188,135,25,800,190,41,11.4,2.1,67.3,16,3.5,536,319,287,1336,1346,75,1290,9,3,660,48,36,12,82.5,6,1,1,1,1,4,3,4,4,75.1,10.3,11.9,3.3,1179,1,59.5,129,100,,,55,,344,155,,7,3,9,41,528,1145,16,56,511,99,53,56,1367,481,396,189,42,38,d29da361-8130-4334-8cc0-97bb9c8efa8f,15.5990138014589,33.2773394579947
552,74050,Tiwi Islands,7483.1661,7,Northern Territory,116,10,489,604,3.4,189,32,155,92,61,37,570,3.3,334,412,844,23.6,69,4.6,1.8,1.7,2,62.1,19,10,8.1,1,6.3,6.3,489,30,61,15,16,604,25,7,490,70,18,4.1,1.2,81.1,11.6,3,158,269,165,102,428,80,845,4,,316,90,57.1,,64.5,18.4,1,1,1,1,4,5,2,3,83.9,6.5,9.8,1.2,603,1,24.3,51,189,,,,,110,41,,,,3,5,257,423,,,155,13,10,19,462,373,169,42,10,,d04be7fc-d5b7-4e4e-b374-c7dc1fa171b5,0.620194630571063,8.82608979455843
553,74550,Victoria Daly,153287.3722,7,Northern Territory,156,18,406,585,3.5,211,34,110,101,44,22,524,3.6,462,254,857,31.7,55.2,3.6,6.8,2.8,2.1,47.8,17.2,13.9,13.9,7.2,12.3,8.5,440,86,4,30,28,585,91,37,361,77,26,15.6,6.3,61.7,13.2,4.4,179,235,140,443,1184,85,1170,19,4,258,21,51.4,10.8,71.5,5.8,1,1,1,1,5,5,2,5,67.6,14.5,13.1,4.5,580,1,53.2,95,100,,,3,3,262,66,,5,8,3,29,306,688,25,11,346,80,36,14,836,183,228,92,43,23,a139bd2c-1a1a-485f-9e5a-177249aaacf7,12.9606944766002,26.5480763191644
554,74560,Wagait,5.6628,7,Northern Territory,52,9,119,175,2.1,26,5,68,11,4,4,119,2.5,127,51,116,46.1,30.4,6.6,14.9,3.3,1.6,67.7,15.5,7.2,10.2,,11.9,23.8,171,,,6,,175,70,72,23,,3,40,41.1,13.1,,1.7,17,107,50,,,250,1597,38,17,15,4,52.8,23.6,65.2,17.4,6,7,9,3,7,7,9,8,34.5,28.7,20.1,19.5,174,3,40.3,75,102,,,3,6,43,4,,,,5,4,13,74,79,85,114,16,26,4,186,7,72,66,26,4,a970d623-7873-41dd-a5d8-2d1537c37a2e,0.000470829421033159,0.168181608426979
555,74660,West Arnhem,49675.0342,7,Northern Territory,220,29,957,1199,4.2,609,89,366,241,104,39,1444,3.5,1822,278,2078,52.5,36.3,4,4,3.3,2,36.5,16.1,27,8.6,11.9,13.1,6.5,976,118,33,55,17,1199,33,4,893,234,35,2.8,0.3,74.5,19.5,2.9,528,372,249,1593,1971,80,488,3,,638,33,75,,71.4,3.7,1,1,1,1,3,4,5,3,67.5,13.9,14.7,3.3,1185,1,46.8,170,125,,,25,,497,239,,4,4,26,8,487,1297,20,30,752,18,81,50,1463,544,394,152,50,26,88f6db90-f41f-4b58-9178-85a2ee181e2c,4.13057151146859,23.235318910242
556,74680,West Daly,14069.698,7,Northern Territory,54,8,438,498,4.9,300,46,110,119,53,13,636,3.9,428,480,1058,23.2,69.8,3.5,1.8,1.4,2.5,40.9,25.5,23.8,7.9,1.9,11.1,4.7,398,78,6,13,7,498,37,,393,57,12,7.4,,78.9,11.4,2.4,259,118,112,941,3134,50,,,,239,51,,,60.8,13,1,1,2,1,1,2,6,2,83.8,6.3,7.9,2.4,495,1,30,46,100,,,30,,109,54,,,,4,5,205,403,10,29,174,4,17,32,470,312,118,37,13,3,74473c10-6648-478b-b258-8826ccd2ba3c,1.17826163944187,7.55652859466067
557,79399,Unincorporated NT,19792.8884,7,Northern Territory,686,77,1337,2099,2.4,611,66,551,85,31,10,1355,3.1,1592,769,1393,42.1,43.6,1.8,8.8,3.8,2,53.9,19,3.7,22.2,1.2,5.7,15.6,1485,305,161,91,62,2099,313,258,1074,384,67,14.9,12.3,51.2,18.3,3.2,87,1108,743,121,136,123,1785,169,38,758,52,65.5,14.7,70.6,4.8,9,9,8,4,10,9,8,9,30.3,31.3,24.2,14.4,2082,4,50,1031,200,,,89,,1844,264,,12,29,104,27,385,2762,41,94,2141,161,338,41,3334,222,779,737,200,104,84f5a86e-d1e8-40f7-9a56-abcb29601960,1.65013277500918,19.2713067601589
558,79499,No usual address (NT),,7,Northern Territory,,,,,,,,,,,,,,,,,,,,,,,,,,,,,,,,,,,,,,,,,,,,,,,,,,,,,,,,,,,,,,,,,,,,,,,,,,,,,,,,,,,,,,,,,,,,,,,,,,,,,,,85740192-f020-4534-957b-851f9effed91,,
559,79799,Migratory - Offshore - Shipping (NT),,7,Northern Territory,,,,,,,,,,,,,,,,,,,,,,,,,,,,,,,,,,,,,,,,,,,,,,,,,,,,,,,,,,,,,,,,,,,,,,,,,,,,,,,,,,,,,,,,,,,,,,,,,,,,,,,acd6dd17-cce0-4829-b5a9-91821b4a8c5a,,
560,89399,Unincorporated ACT,2358.133,8,Australian Capital Territory,43338,7850,117214,168400,2.5,46823,7448,47064,11064,5582,1773,119752,3,157859,42290,137415,46.8,39.2,3.7,7.7,2.5,1.8,67.1,20.9,6.5,4.6,0.8,12,18.4,106433,28921,32669,168,213,168400,44831,67754,51681,2675,1456,26.6,40.2,30.7,1.6,0.9,5169,122474,34109,1780,39,450,2080,55984,6395,35767,11874,82.6,9.4,69.2,23,10,10,10,9,,,,,14.3,19.4,29.4,36.8,167879,4,10.3,103815,250,110,2281,9027,33,146631,12458,565,1009,1776,5216,1068,9960,190134,5871,15602,162976,27189,24589,613,248388,9273,65446,64634,18290,9278,264b41f7-ba93-4298-8b2c-9a58bdd34621,0.234227203989121,3.03213303064297
561,89499,No usual address (ACT),,8,Australian Capital Territory,,,,,,,,,,,,,,,,,,,,,,,,,,,,,,,,,,,,,,,,,,,,,,,,,,,,,,,,,,,,,,,,,,,,,,,,,,,,,,,,,,,,,,,,,,,,,,,,,,,,,,,cda49741-2d67-475b-af71-32daee25e545,,
562,89799,Migratory - Offshore - Shipping (ACT),,8,Australian Capital Territory,,,,,,,,,,,,,,,,,,,,,,,,,,,,,,,,,,,,,,,,,,,,,,,,,,,,,,,,,,,,,,,,,,,,,,,,,,,,,,,,,,,,,,,,,,,,,,,,,,,,,,,1f532789-7058-46f1-93bc-3e741fc061c5,,
563,99399,Unincorp. Other Territories,105.8806,9,Other Territories,358,20,604,986,2.2,159,30,306,66,32,15,612,2.8,707,271,744,42.4,33.7,6.1,13.5,4.5,1.9,62.1,14.5,8.1,14.3,1.3,12.8,26.9,946,11,14,3,15,986,372,213,318,35,47,37.7,21.6,32.3,3.5,4.8,16,731,158,,,228,1300,152,35,212,65,71.4,16.4,66.7,20.4,6,5,7,3,,,,,35.1,31.3,22.2,10.5,968,2,29.5,142,130,,,,,762,38,,80,27,7,7,94,1022,16,,813,90,104,6,1231,33,352,358,125,72,eaa0cf57-045a-44b7-97ce-1ba071639b8e,0.0102306443959606,1.30100845770358
564,99499,No usual address (OT),,9,Other Territories,,,,,,,,,,,,,,,,,,,,,,,,,,,,,,,,,,,,,,,,,,,,,,,,,,,,,,,,,,,,,,,,,,,,,,,,,,,,,,,,,,,,,,,,,,,,,,,,,,,,,,,fc42963e-9c97-4fb2-aee0-54d1107a7e41,,
565,99799,Migratory - Offshore - Shipping (OT),,9,Other Territories,,,,,,,,,,,,,,,,,,,,,,,,,,,,,,,,,,,,,,,,,,,,,,,,,,,,,,,,,,,,,,,,,,,,,,,,,,,,,,,,,,,,,,,,,,,,,,,,,,,,,,,204353c0-3806-47b3-958a-371ea86e2b23,,
566,ZZZZZ,Outside Australia,,Z,Outside Australia,,,,,,,,,,,,,,,,,,,,,,,,,,,,,,,,,,,,,,,,,,,,,,,,,,,,,,,,,,,,,,,,,,,,,,,,,,,,,,,,,,,,,,,,,,,,,,,,,,,,,,,5fd6fe7c-07aa-4069-a4c5-9acde868ceb5,,
