source,habitat,voc_type,input_path,output_npy
XENO,rural,call,C:\Users\Brian Leap\Documents\Brian\Projects CS\AvianAura\SegmentedData\rural\call\MagpieRecord_1072736_seg001.wav,C:\Users\Brian Leap\Documents\Brian\Projects CS\AvianAura\Spectrograms\rural\call\MagpieRecord_1072736_seg001.npy
XENO,rural,call,C:\Users\Brian Leap\Documents\Brian\Projects CS\AvianAura\SegmentedData\rural\call\MagpieRecord_187499_seg001.wav,C:\Users\Brian Leap\Documents\Brian\Projects CS\AvianAura\Spectrograms\rural\call\MagpieRecord_187499_seg001.npy
XENO,rural,call,C:\Users\Brian Leap\Documents\Brian\Projects CS\AvianAura\SegmentedData\rural\call\MagpieRecord_200412_seg001.wav,C:\Users\Brian Leap\Documents\Brian\Projects CS\AvianAura\Spectrograms\rural\call\MagpieRecord_200412_seg001.npy
XENO,rural,call,C:\Users\Brian Leap\Documents\Brian\Projects CS\AvianAura\SegmentedData\rural\call\MagpieRecord_200412_seg002.wav,C:\Users\Brian Leap\Documents\Brian\Projects CS\AvianAura\Spectrograms\rural\call\MagpieRecord_200412_seg002.npy
XENO,rural,call,C:\Users\Brian Leap\Documents\Brian\Projects CS\AvianAura\SegmentedData\rural\call\MagpieRecord_244305_seg001.wav,C:\Users\Brian Leap\Documents\Brian\Projects CS\AvianAura\Spectrograms\rural\call\MagpieRecord_244305_seg001.npy
XENO,rural,call,C:\Users\Brian Leap\Documents\Brian\Projects CS\AvianAura\SegmentedData\rural\call\MagpieRecord_244305_seg002.wav,C:\Users\Brian Leap\Documents\Brian\Projects CS\AvianAura\Spectrograms\rural\call\MagpieRecord_244305_seg002.npy
XENO,rural,call,C:\Users\Brian Leap\Documents\Brian\Projects CS\AvianAura\SegmentedData\rural\call\MagpieRecord_244305_seg003.wav,C:\Users\Brian Leap\Documents\Brian\Projects CS\AvianAura\Spectrograms\rural\call\MagpieRecord_244305_seg003.npy
XENO,rural,call,C:\Users\Brian Leap\Documents\Brian\Projects CS\AvianAura\SegmentedData\rural\call\MagpieRecord_244305_seg004.wav,C:\Users\Brian Leap\Documents\Brian\Projects CS\AvianAura\Spectrograms\rural\call\MagpieRecord_244305_seg004.npy
XENO,rural,call,C:\Users\Brian Leap\Documents\Brian\Projects CS\AvianAura\SegmentedData\rural\call\MagpieRecord_293109_seg001.wav,C:\Users\Brian Leap\Documents\Brian\Projects CS\AvianAura\Spectrograms\rural\call\MagpieRecord_293109_seg001.npy
XENO,rural,call,C:\Users\Brian Leap\Documents\Brian\Projects CS\AvianAura\SegmentedData\rural\call\MagpieRecord_293109_seg002.wav,C:\Users\Brian Leap\Documents\Brian\Projects CS\AvianAura\Spectrograms\rural\call\MagpieRecord_293109_seg002.npy
XENO,rural,call,C:\Users\Brian Leap\Documents\Brian\Projects CS\AvianAura\SegmentedData\rural\call\MagpieRecord_293109_seg003.wav,C:\Users\Brian Leap\Documents\Brian\Projects CS\AvianAura\Spectrograms\rural\call\MagpieRecord_293109_seg003.npy
XENO,rural,call,C:\Users\Brian Leap\Documents\Brian\Projects CS\AvianAura\SegmentedData\rural\call\MagpieRecord_293109_seg004.wav,C:\Users\Brian Leap\Documents\Brian\Projects CS\AvianAura\Spectrograms\rural\call\MagpieRecord_293109_seg004.npy
XENO,rural,call,C:\Users\Brian Leap\Documents\Brian\Projects CS\AvianAura\SegmentedData\rural\call\MagpieRecord_327864_seg001.wav,C:\Users\Brian Leap\Documents\Brian\Projects CS\AvianAura\Spectrograms\rural\call\MagpieRecord_327864_seg001.npy
XENO,rural,call,C:\Users\Brian Leap\Documents\Brian\Projects CS\AvianAura\SegmentedData\rural\call\MagpieRecord_327864_seg002.wav,C:\Users\Brian Leap\Documents\Brian\Projects CS\AvianAura\Spectrograms\rural\call\MagpieRecord_327864_seg002.npy
XENO,rural,call,C:\Users\Brian Leap\Documents\Brian\Projects CS\AvianAura\SegmentedData\rural\call\MagpieRecord_335533_seg001.wav,C:\Users\Brian Leap\Documents\Brian\Projects CS\AvianAura\Spectrograms\rural\call\MagpieRecord_335533_seg001.npy
XENO,rural,call,C:\Users\Brian Leap\Documents\Brian\Projects CS\AvianAura\SegmentedData\rural\call\MagpieRecord_365138_seg001.wav,C:\Users\Brian Leap\Documents\Brian\Projects CS\AvianAura\Spectrograms\rural\call\MagpieRecord_365138_seg001.npy
XENO,rural,call,C:\Users\Brian Leap\Documents\Brian\Projects CS\AvianAura\SegmentedData\rural\call\MagpieRecord_365138_seg002.wav,C:\Users\Brian Leap\Documents\Brian\Projects CS\AvianAura\Spectrograms\rural\call\MagpieRecord_365138_seg002.npy
XENO,rural,call,C:\Users\Brian Leap\Documents\Brian\Projects CS\AvianAura\SegmentedData\rural\call\MagpieRecord_365138_seg003.wav,C:\Users\Brian Leap\Documents\Brian\Projects CS\AvianAura\Spectrograms\rural\call\MagpieRecord_365138_seg003.npy
XENO,rural,call,C:\Users\Brian Leap\Documents\Brian\Projects CS\AvianAura\SegmentedData\rural\call\MagpieRecord_365138_seg004.wav,C:\Users\Brian Leap\Documents\Brian\Projects CS\AvianAura\Spectrograms\rural\call\MagpieRecord_365138_seg004.npy
XENO,rural,call,C:\Users\Brian Leap\Documents\Brian\Projects CS\AvianAura\SegmentedData\rural\call\MagpieRecord_365138_seg005.wav,C:\Users\Brian Leap\Documents\Brian\Projects CS\AvianAura\Spectrograms\rural\call\MagpieRecord_365138_seg005.npy
XENO,rural,call,C:\Users\Brian Leap\Documents\Brian\Projects CS\AvianAura\SegmentedData\rural\call\MagpieRecord_365138_seg006.wav,C:\Users\Brian Leap\Documents\Brian\Projects CS\AvianAura\Spectrograms\rural\call\MagpieRecord_365138_seg006.npy
XENO,rural,call,C:\Users\Brian Leap\Documents\Brian\Projects CS\AvianAura\SegmentedData\rural\call\MagpieRecord_365138_seg007.wav,C:\Users\Brian Leap\Documents\Brian\Projects CS\AvianAura\Spectrograms\rural\call\MagpieRecord_365138_seg007.npy
XENO,rural,call,C:\Users\Brian Leap\Documents\Brian\Projects CS\AvianAura\SegmentedData\rural\call\MagpieRecord_365138_seg008.wav,C:\Users\Brian Leap\Documents\Brian\Projects CS\AvianAura\Spectrograms\rural\call\MagpieRecord_365138_seg008.npy
XENO,rural,call,C:\Users\Brian Leap\Documents\Brian\Projects CS\AvianAura\SegmentedData\rural\call\MagpieRecord_365138_seg009.wav,C:\Users\Brian Leap\Documents\Brian\Projects CS\AvianAura\Spectrograms\rural\call\MagpieRecord_365138_seg009.npy
XENO,rural,call,C:\Users\Brian Leap\Documents\Brian\Projects CS\AvianAura\SegmentedData\rural\call\MagpieRecord_365138_seg010.wav,C:\Users\Brian Leap\Documents\Brian\Projects CS\AvianAura\Spectrograms\rural\call\MagpieRecord_365138_seg010.npy
XENO,rural,call,C:\Users\Brian Leap\Documents\Brian\Projects CS\AvianAura\SegmentedData\rural\call\MagpieRecord_365138_seg011.wav,C:\Users\Brian Leap\Documents\Brian\Projects CS\AvianAura\Spectrograms\rural\call\MagpieRecord_365138_seg011.npy
XENO,rural,call,C:\Users\Brian Leap\Documents\Brian\Projects CS\AvianAura\SegmentedData\rural\call\MagpieRecord_689343_seg001.wav,C:\Users\Brian Leap\Documents\Brian\Projects CS\AvianAura\Spectrograms\rural\call\MagpieRecord_689343_seg001.npy
XENO,rural,call,C:\Users\Brian Leap\Documents\Brian\Projects CS\AvianAura\SegmentedData\rural\call\MagpieRecord_692695_seg001.wav,C:\Users\Brian Leap\Documents\Brian\Projects CS\AvianAura\Spectrograms\rural\call\MagpieRecord_692695_seg001.npy
XENO,rural,call,C:\Users\Brian Leap\Documents\Brian\Projects CS\AvianAura\SegmentedData\rural\call\MagpieRecord_692695_seg002.wav,C:\Users\Brian Leap\Documents\Brian\Projects CS\AvianAura\Spectrograms\rural\call\MagpieRecord_692695_seg002.npy
XENO,rural,call,C:\Users\Brian Leap\Documents\Brian\Projects CS\AvianAura\SegmentedData\rural\call\MagpieRecord_692695_seg003.wav,C:\Users\Brian Leap\Documents\Brian\Projects CS\AvianAura\Spectrograms\rural\call\MagpieRecord_692695_seg003.npy
XENO,rural,call,C:\Users\Brian Leap\Documents\Brian\Projects CS\AvianAura\SegmentedData\rural\call\MagpieRecord_692695_seg004.wav,C:\Users\Brian Leap\Documents\Brian\Projects CS\AvianAura\Spectrograms\rural\call\MagpieRecord_692695_seg004.npy
XENO,rural,call,C:\Users\Brian Leap\Documents\Brian\Projects CS\AvianAura\SegmentedData\rural\call\MagpieRecord_692695_seg005.wav,C:\Users\Brian Leap\Documents\Brian\Projects CS\AvianAura\Spectrograms\rural\call\MagpieRecord_692695_seg005.npy
XENO,rural,call,C:\Users\Brian Leap\Documents\Brian\Projects CS\AvianAura\SegmentedData\rural\call\MagpieRecord_816245_seg001.wav,C:\Users\Brian Leap\Documents\Brian\Projects CS\AvianAura\Spectrograms\rural\call\MagpieRecord_816245_seg001.npy
XENO,rural,call,C:\Users\Brian Leap\Documents\Brian\Projects CS\AvianAura\SegmentedData\rural\call\MagpieRecord_816245_seg002.wav,C:\Users\Brian Leap\Documents\Brian\Projects CS\AvianAura\Spectrograms\rural\call\MagpieRecord_816245_seg002.npy
XENO,rural,call,C:\Users\Brian Leap\Documents\Brian\Projects CS\AvianAura\SegmentedData\rural\call\MagpieRecord_816245_seg003.wav,C:\Users\Brian Leap\Documents\Brian\Projects CS\AvianAura\Spectrograms\rural\call\MagpieRecord_816245_seg003.npy
XENO,rural,call,C:\Users\Brian Leap\Documents\Brian\Projects CS\AvianAura\SegmentedData\rural\call\MagpieRecord_816245_seg004.wav,C:\Users\Brian Leap\Documents\Brian\Projects CS\AvianAura\Spectrograms\rural\call\MagpieRecord_816245_seg004.npy
XENO,rural,call,C:\Users\Brian Leap\Documents\Brian\Projects CS\AvianAura\SegmentedData\rural\call\MagpieRecord_816245_seg005.wav,C:\Users\Brian Leap\Documents\Brian\Projects CS\AvianAura\Spectrograms\rural\call\MagpieRecord_816245_seg005.npy
XENO,rural,call,C:\Users\Brian Leap\Documents\Brian\Projects CS\AvianAura\SegmentedData\rural\call\MagpieRecord_859894_seg001.wav,C:\Users\Brian Leap\Documents\Brian\Projects CS\AvianAura\Spectrograms\rural\call\MagpieRecord_859894_seg001.npy
XENO,rural,call,C:\Users\Brian Leap\Documents\Brian\Projects CS\AvianAura\SegmentedData\rural\call\MagpieRecord_859894_seg002.wav,C:\Users\Brian Leap\Documents\Brian\Projects CS\AvianAura\Spectrograms\rural\call\MagpieRecord_859894_seg002.npy
XENO,rural,call,C:\Users\Brian Leap\Documents\Brian\Projects CS\AvianAura\SegmentedData\rural\call\MagpieRecord_859894_seg003.wav,C:\Users\Brian Leap\Documents\Brian\Projects CS\AvianAura\Spectrograms\rural\call\MagpieRecord_859894_seg003.npy
XENO,rural,call,C:\Users\Brian Leap\Documents\Brian\Projects CS\AvianAura\SegmentedData\rural\call\MagpieRecord_859894_seg004.wav,C:\Users\Brian Leap\Documents\Brian\Projects CS\AvianAura\Spectrograms\rural\call\MagpieRecord_859894_seg004.npy
XENO,rural,call,C:\Users\Brian Leap\Documents\Brian\Projects CS\AvianAura\SegmentedData\rural\call\MagpieRecord_871683_seg001.wav,C:\Users\Brian Leap\Documents\Brian\Projects CS\AvianAura\Spectrograms\rural\call\MagpieRecord_871683_seg001.npy
XENO,rural,call,C:\Users\Brian Leap\Documents\Brian\Projects CS\AvianAura\SegmentedData\rural\call\MagpieRecord_895591_seg001.wav,C:\Users\Brian Leap\Documents\Brian\Projects CS\AvianAura\Spectrograms\rural\call\MagpieRecord_895591_seg001.npy
XENO,rural,call,C:\Users\Brian Leap\Documents\Brian\Projects CS\AvianAura\SegmentedData\rural\call\MagpieRecord_895591_seg002.wav,C:\Users\Brian Leap\Documents\Brian\Projects CS\AvianAura\Spectrograms\rural\call\MagpieRecord_895591_seg002.npy
XENO,rural,call,C:\Users\Brian Leap\Documents\Brian\Projects CS\AvianAura\SegmentedData\rural\call\MagpieRecord_895591_seg003.wav,C:\Users\Brian Leap\Documents\Brian\Projects CS\AvianAura\Spectrograms\rural\call\MagpieRecord_895591_seg003.npy
XENO,rural,call,C:\Users\Brian Leap\Documents\Brian\Projects CS\AvianAura\SegmentedData\rural\call\MagpieRecord_895591_seg004.wav,C:\Users\Brian Leap\Documents\Brian\Projects CS\AvianAura\Spectrograms\rural\call\MagpieRecord_895591_seg004.npy
XENO,rural,call,C:\Users\Brian Leap\Documents\Brian\Projects CS\AvianAura\SegmentedData\rural\call\MagpieRecord_895591_seg005.wav,C:\Users\Brian Leap\Documents\Brian\Projects CS\AvianAura\Spectrograms\rural\call\MagpieRecord_895591_seg005.npy
XENO,rural,call,C:\Users\Brian Leap\Documents\Brian\Projects CS\AvianAura\SegmentedData\rural\call\MagpieRecord_895591_seg006.wav,C:\Users\Brian Leap\Documents\Brian\Projects CS\AvianAura\Spectrograms\rural\call\MagpieRecord_895591_seg006.npy
XENO,rural,call,C:\Users\Brian Leap\Documents\Brian\Projects CS\AvianAura\SegmentedData\rural\call\MagpieRecord_895591_seg007.wav,C:\Users\Brian Leap\Documents\Brian\Projects CS\AvianAura\Spectrograms\rural\call\MagpieRecord_895591_seg007.npy
XENO,rural,call,C:\Users\Brian Leap\Documents\Brian\Projects CS\AvianAura\SegmentedData\rural\call\MagpieRecord_895591_seg008.wav,C:\Users\Brian Leap\Documents\Brian\Projects CS\AvianAura\Spectrograms\rural\call\MagpieRecord_895591_seg008.npy
XENO,rural,call,C:\Users\Brian Leap\Documents\Brian\Projects CS\AvianAura\SegmentedData\rural\call\MagpieRecord_895591_seg009.wav,C:\Users\Brian Leap\Documents\Brian\Projects CS\AvianAura\Spectrograms\rural\call\MagpieRecord_895591_seg009.npy
XENO,rural,call,C:\Users\Brian Leap\Documents\Brian\Projects CS\AvianAura\SegmentedData\rural\call\MagpieRecord_895591_seg010.wav,C:\Users\Brian Leap\Documents\Brian\Projects CS\AvianAura\Spectrograms\rural\call\MagpieRecord_895591_seg010.npy
XENO,rural,call,C:\Users\Brian Leap\Documents\Brian\Projects CS\AvianAura\SegmentedData\rural\call\MagpieRecord_895591_seg011.wav,C:\Users\Brian Leap\Documents\Brian\Projects CS\AvianAura\Spectrograms\rural\call\MagpieRecord_895591_seg011.npy
XENO,rural,call,C:\Users\Brian Leap\Documents\Brian\Projects CS\AvianAura\SegmentedData\rural\call\MagpieRecord_895591_seg012.wav,C:\Users\Brian Leap\Documents\Brian\Projects CS\AvianAura\Spectrograms\rural\call\MagpieRecord_895591_seg012.npy
XENO,rural,call,C:\Users\Brian Leap\Documents\Brian\Projects CS\AvianAura\SegmentedData\rural\call\MagpieRecord_895591_seg013.wav,C:\Users\Brian Leap\Documents\Brian\Projects CS\AvianAura\Spectrograms\rural\call\MagpieRecord_895591_seg013.npy
XENO,rural,call,C:\Users\Brian Leap\Documents\Brian\Projects CS\AvianAura\SegmentedData\rural\call\MagpieRecord_96885_seg001.wav,C:\Users\Brian Leap\Documents\Brian\Projects CS\AvianAura\Spectrograms\rural\call\MagpieRecord_96885_seg001.npy
XENO,rural,call,C:\Users\Brian Leap\Documents\Brian\Projects CS\AvianAura\SegmentedData\rural\call\MagpieRecord_96885_seg002.wav,C:\Users\Brian Leap\Documents\Brian\Projects CS\AvianAura\Spectrograms\rural\call\MagpieRecord_96885_seg002.npy
XENO,rural,call,C:\Users\Brian Leap\Documents\Brian\Projects CS\AvianAura\SegmentedData\rural\call\PRIMARY_jewruralcall_seg001.wav,C:\Users\Brian Leap\Documents\Brian\Projects CS\AvianAura\Spectrograms\rural\call\PRIMARY_jewruralcall_seg001.npy
XENO,rural,call,C:\Users\Brian Leap\Documents\Brian\Projects CS\AvianAura\SegmentedData\rural\call\PRIMARY_powerpolenetanyahururalcall_seg001.wav,C:\Users\Brian Leap\Documents\Brian\Projects CS\AvianAura\Spectrograms\rural\call\PRIMARY_powerpolenetanyahururalcall_seg001.npy
XENO,rural,call,C:\Users\Brian Leap\Documents\Brian\Projects CS\AvianAura\SegmentedData\rural\call\PRIMARY_powerpolenetanyahururalcall_seg002.wav,C:\Users\Brian Leap\Documents\Brian\Projects CS\AvianAura\Spectrograms\rural\call\PRIMARY_powerpolenetanyahururalcall_seg002.npy
XENO,rural,call,C:\Users\Brian Leap\Documents\Brian\Projects CS\AvianAura\SegmentedData\rural\call\PRIMARY_powerpolenetanyahururalcall_seg003.wav,C:\Users\Brian Leap\Documents\Brian\Projects CS\AvianAura\Spectrograms\rural\call\PRIMARY_powerpolenetanyahururalcall_seg003.npy
XENO,rural,call,C:\Users\Brian Leap\Documents\Brian\Projects CS\AvianAura\SegmentedData\rural\call\PRIMARY_rural call_seg001.wav,C:\Users\Brian Leap\Documents\Brian\Projects CS\AvianAura\Spectrograms\rural\call\PRIMARY_rural call_seg001.npy
XENO,rural,call,C:\Users\Brian Leap\Documents\Brian\Projects CS\AvianAura\SegmentedData\rural\call\PRIMARY_yt8mincliptobeseparated_seg001.wav,C:\Users\Brian Leap\Documents\Brian\Projects CS\AvianAura\Spectrograms\rural\call\PRIMARY_yt8mincliptobeseparated_seg001.npy
XENO,rural,call,C:\Users\Brian Leap\Documents\Brian\Projects CS\AvianAura\SegmentedData\rural\call\PRIMARY_yt8mincliptobeseparated_seg002.wav,C:\Users\Brian Leap\Documents\Brian\Projects CS\AvianAura\Spectrograms\rural\call\PRIMARY_yt8mincliptobeseparated_seg002.npy
XENO,rural,call,C:\Users\Brian Leap\Documents\Brian\Projects CS\AvianAura\SegmentedData\rural\call\PRIMARY_yt8mincliptobeseparated_seg003.wav,C:\Users\Brian Leap\Documents\Brian\Projects CS\AvianAura\Spectrograms\rural\call\PRIMARY_yt8mincliptobeseparated_seg003.npy
XENO,rural,call,C:\Users\Brian Leap\Documents\Brian\Projects CS\AvianAura\SegmentedData\rural\call\PRIMARY_yt8mincliptobeseparated_seg004.wav,C:\Users\Brian Leap\Documents\Brian\Projects CS\AvianAura\Spectrograms\rural\call\PRIMARY_yt8mincliptobeseparated_seg004.npy
XENO,rural,call,C:\Users\Brian Leap\Documents\Brian\Projects CS\AvianAura\SegmentedData\rural\call\PRIMARY_yt8mincliptobeseparated_seg005.wav,C:\Users\Brian Leap\Documents\Brian\Projects CS\AvianAura\Spectrograms\rural\call\PRIMARY_yt8mincliptobeseparated_seg005.npy
XENO,rural,call,C:\Users\Brian Leap\Documents\Brian\Projects CS\AvianAura\SegmentedData\rural\call\PRIMARY_yt8mincliptobeseparated_seg006.wav,C:\Users\Brian Leap\Documents\Brian\Projects CS\AvianAura\Spectrograms\rural\call\PRIMARY_yt8mincliptobeseparated_seg006.npy
XENO,rural,call,C:\Users\Brian Leap\Documents\Brian\Projects CS\AvianAura\SegmentedData\rural\call\PRIMARY_yt8mincliptobeseparated_seg007.wav,C:\Users\Brian Leap\Documents\Brian\Projects CS\AvianAura\Spectrograms\rural\call\PRIMARY_yt8mincliptobeseparated_seg007.npy
XENO,rural,call,C:\Users\Brian Leap\Documents\Brian\Projects CS\AvianAura\SegmentedData\rural\call\PRIMARY_yt8mincliptobeseparated_seg008.wav,C:\Users\Brian Leap\Documents\Brian\Projects CS\AvianAura\Spectrograms\rural\call\PRIMARY_yt8mincliptobeseparated_seg008.npy
XENO,rural,call,C:\Users\Brian Leap\Documents\Brian\Projects CS\AvianAura\SegmentedData\rural\call\PRIMARY_yt8mincliptobeseparated_seg009.wav,C:\Users\Brian Leap\Documents\Brian\Projects CS\AvianAura\Spectrograms\rural\call\PRIMARY_yt8mincliptobeseparated_seg009.npy
XENO,rural,call,C:\Users\Brian Leap\Documents\Brian\Projects CS\AvianAura\SegmentedData\rural\call\PRIMARY_yt8mincliptobeseparated_seg010.wav,C:\Users\Brian Leap\Documents\Brian\Projects CS\AvianAura\Spectrograms\rural\call\PRIMARY_yt8mincliptobeseparated_seg010.npy
XENO,rural,call,C:\Users\Brian Leap\Documents\Brian\Projects CS\AvianAura\SegmentedData\rural\call\PRIMARY_yt8mincliptobeseparated_seg011.wav,C:\Users\Brian Leap\Documents\Brian\Projects CS\AvianAura\Spectrograms\rural\call\PRIMARY_yt8mincliptobeseparated_seg011.npy
XENO,rural,call,C:\Users\Brian Leap\Documents\Brian\Projects CS\AvianAura\SegmentedData\rural\call\PRIMARY_yt8mincliptobeseparated_seg012.wav,C:\Users\Brian Leap\Documents\Brian\Projects CS\AvianAura\Spectrograms\rural\call\PRIMARY_yt8mincliptobeseparated_seg012.npy
XENO,rural,call,C:\Users\Brian Leap\Documents\Brian\Projects CS\AvianAura\SegmentedData\rural\call\PRIMARY_yt8mincliptobeseparated_seg013.wav,C:\Users\Brian Leap\Documents\Brian\Projects CS\AvianAura\Spectrograms\rural\call\PRIMARY_yt8mincliptobeseparated_seg013.npy
XENO,rural,call,C:\Users\Brian Leap\Documents\Brian\Projects CS\AvianAura\SegmentedData\rural\call\PRIMARY_yt8mincliptobeseparated_seg014.wav,C:\Users\Brian Leap\Documents\Brian\Projects CS\AvianAura\Spectrograms\rural\call\PRIMARY_yt8mincliptobeseparated_seg014.npy
XENO,rural,call,C:\Users\Brian Leap\Documents\Brian\Projects CS\AvianAura\SegmentedData\rural\call\PRIMARY_yt8mincliptobeseparated_seg015.wav,C:\Users\Brian Leap\Documents\Brian\Projects CS\AvianAura\Spectrograms\rural\call\PRIMARY_yt8mincliptobeseparated_seg015.npy
XENO,rural,call,C:\Users\Brian Leap\Documents\Brian\Projects CS\AvianAura\SegmentedData\rural\call\PRIMARY_yt8mincliptobeseparated_seg016.wav,C:\Users\Brian Leap\Documents\Brian\Projects CS\AvianAura\Spectrograms\rural\call\PRIMARY_yt8mincliptobeseparated_seg016.npy
XENO,rural,call,C:\Users\Brian Leap\Documents\Brian\Projects CS\AvianAura\SegmentedData\rural\call\PRIMARY_yt8mincliptobeseparated_seg017.wav,C:\Users\Brian Leap\Documents\Brian\Projects CS\AvianAura\Spectrograms\rural\call\PRIMARY_yt8mincliptobeseparated_seg017.npy
XENO,rural,call,C:\Users\Brian Leap\Documents\Brian\Projects CS\AvianAura\SegmentedData\rural\call\PRIMARY_yt8mincliptobeseparated_seg018.wav,C:\Users\Brian Leap\Documents\Brian\Projects CS\AvianAura\Spectrograms\rural\call\PRIMARY_yt8mincliptobeseparated_seg018.npy
XENO,rural,call,C:\Users\Brian Leap\Documents\Brian\Projects CS\AvianAura\SegmentedData\rural\call\PRIMARY_yt8mincliptobeseparated_seg019.wav,C:\Users\Brian Leap\Documents\Brian\Projects CS\AvianAura\Spectrograms\rural\call\PRIMARY_yt8mincliptobeseparated_seg019.npy
XENO,rural,call,C:\Users\Brian Leap\Documents\Brian\Projects CS\AvianAura\SegmentedData\rural\call\PRIMARY_yt8mincliptobeseparated_seg020.wav,C:\Users\Brian Leap\Documents\Brian\Projects CS\AvianAura\Spectrograms\rural\call\PRIMARY_yt8mincliptobeseparated_seg020.npy
XENO,rural,call,C:\Users\Brian Leap\Documents\Brian\Projects CS\AvianAura\SegmentedData\rural\call\PRIMARY_yt8mincliptobeseparated_seg021.wav,C:\Users\Brian Leap\Documents\Brian\Projects CS\AvianAura\Spectrograms\rural\call\PRIMARY_yt8mincliptobeseparated_seg021.npy
XENO,rural,call,C:\Users\Brian Leap\Documents\Brian\Projects CS\AvianAura\SegmentedData\rural\call\PRIMARY_yt8mincliptobeseparated_seg022.wav,C:\Users\Brian Leap\Documents\Brian\Projects CS\AvianAura\Spectrograms\rural\call\PRIMARY_yt8mincliptobeseparated_seg022.npy
XENO,rural,call,C:\Users\Brian Leap\Documents\Brian\Projects CS\AvianAura\SegmentedData\rural\call\PRIMARY_yt8mincliptobeseparated_seg023.wav,C:\Users\Brian Leap\Documents\Brian\Projects CS\AvianAura\Spectrograms\rural\call\PRIMARY_yt8mincliptobeseparated_seg023.npy
XENO,rural,call,C:\Users\Brian Leap\Documents\Brian\Projects CS\AvianAura\SegmentedData\rural\call\PRIMARY_yt8mincliptobeseparated_seg024.wav,C:\Users\Brian Leap\Documents\Brian\Projects CS\AvianAura\Spectrograms\rural\call\PRIMARY_yt8mincliptobeseparated_seg024.npy
XENO,rural,call,C:\Users\Brian Leap\Documents\Brian\Projects CS\AvianAura\SegmentedData\rural\call\PRIMARY_yt8mincliptobeseparated_seg025.wav,C:\Users\Brian Leap\Documents\Brian\Projects CS\AvianAura\Spectrograms\rural\call\PRIMARY_yt8mincliptobeseparated_seg025.npy
XENO,rural,call,C:\Users\Brian Leap\Documents\Brian\Projects CS\AvianAura\SegmentedData\rural\call\PRIMARY_yt8mincliptobeseparated_seg026.wav,C:\Users\Brian Leap\Documents\Brian\Projects CS\AvianAura\Spectrograms\rural\call\PRIMARY_yt8mincliptobeseparated_seg026.npy
XENO,rural,call,C:\Users\Brian Leap\Documents\Brian\Projects CS\AvianAura\SegmentedData\rural\call\PRIMARY_yt8mincliptobeseparated_seg027.wav,C:\Users\Brian Leap\Documents\Brian\Projects CS\AvianAura\Spectrograms\rural\call\PRIMARY_yt8mincliptobeseparated_seg027.npy
XENO,rural,call,C:\Users\Brian Leap\Documents\Brian\Projects CS\AvianAura\SegmentedData\rural\call\PRIMARY_yt8mincliptobeseparated_seg028.wav,C:\Users\Brian Leap\Documents\Brian\Projects CS\AvianAura\Spectrograms\rural\call\PRIMARY_yt8mincliptobeseparated_seg028.npy
XENO,rural,call,C:\Users\Brian Leap\Documents\Brian\Projects CS\AvianAura\SegmentedData\rural\call\PRIMARY_yt8mincliptobeseparated_seg029.wav,C:\Users\Brian Leap\Documents\Brian\Projects CS\AvianAura\Spectrograms\rural\call\PRIMARY_yt8mincliptobeseparated_seg029.npy
XENO,rural,call,C:\Users\Brian Leap\Documents\Brian\Projects CS\AvianAura\SegmentedData\rural\call\PRIMARY_yt8mincliptobeseparated_seg030.wav,C:\Users\Brian Leap\Documents\Brian\Projects CS\AvianAura\Spectrograms\rural\call\PRIMARY_yt8mincliptobeseparated_seg030.npy
XENO,rural,call,C:\Users\Brian Leap\Documents\Brian\Projects CS\AvianAura\SegmentedData\rural\call\PRIMARY_yt8mincliptobeseparated_seg031.wav,C:\Users\Brian Leap\Documents\Brian\Projects CS\AvianAura\Spectrograms\rural\call\PRIMARY_yt8mincliptobeseparated_seg031.npy
XENO,rural,call,C:\Users\Brian Leap\Documents\Brian\Projects CS\AvianAura\SegmentedData\rural\call\PRIMARY_yt8mincliptobeseparated_seg032.wav,C:\Users\Brian Leap\Documents\Brian\Projects CS\AvianAura\Spectrograms\rural\call\PRIMARY_yt8mincliptobeseparated_seg032.npy
XENO,rural,call,C:\Users\Brian Leap\Documents\Brian\Projects CS\AvianAura\SegmentedData\rural\call\PRIMARY_yt8mincliptobeseparated_seg033.wav,C:\Users\Brian Leap\Documents\Brian\Projects CS\AvianAura\Spectrograms\rural\call\PRIMARY_yt8mincliptobeseparated_seg033.npy
XENO,rural,call,C:\Users\Brian Leap\Documents\Brian\Projects CS\AvianAura\SegmentedData\rural\call\PRIMARY_yt8mincliptobeseparated_seg034.wav,C:\Users\Brian Leap\Documents\Brian\Projects CS\AvianAura\Spectrograms\rural\call\PRIMARY_yt8mincliptobeseparated_seg034.npy
XENO,rural,call,C:\Users\Brian Leap\Documents\Brian\Projects CS\AvianAura\SegmentedData\rural\call\PRIMARY_yt8mincliptobeseparated_seg035.wav,C:\Users\Brian Leap\Documents\Brian\Projects CS\AvianAura\Spectrograms\rural\call\PRIMARY_yt8mincliptobeseparated_seg035.npy
XENO,rural,call,C:\Users\Brian Leap\Documents\Brian\Projects CS\AvianAura\SegmentedData\rural\call\PRIMARY_yt8mincliptobeseparated_seg036.wav,C:\Users\Brian Leap\Documents\Brian\Projects CS\AvianAura\Spectrograms\rural\call\PRIMARY_yt8mincliptobeseparated_seg036.npy
XENO,rural,call,C:\Users\Brian Leap\Documents\Brian\Projects CS\AvianAura\SegmentedData\rural\call\PRIMARY_yt8mincliptobeseparated_seg037.wav,C:\Users\Brian Leap\Documents\Brian\Projects CS\AvianAura\Spectrograms\rural\call\PRIMARY_yt8mincliptobeseparated_seg037.npy
XENO,rural,call,C:\Users\Brian Leap\Documents\Brian\Projects CS\AvianAura\SegmentedData\rural\call\PRIMARY_yt8mincliptobeseparated_seg038.wav,C:\Users\Brian Leap\Documents\Brian\Projects CS\AvianAura\Spectrograms\rural\call\PRIMARY_yt8mincliptobeseparated_seg038.npy
XENO,rural,call,C:\Users\Brian Leap\Documents\Brian\Projects CS\AvianAura\SegmentedData\rural\call\PRIMARY_yt8mincliptobeseparated_seg039.wav,C:\Users\Brian Leap\Documents\Brian\Projects CS\AvianAura\Spectrograms\rural\call\PRIMARY_yt8mincliptobeseparated_seg039.npy
XENO,rural,song,C:\Users\Brian Leap\Documents\Brian\Projects CS\AvianAura\SegmentedData\rural\song\MagpieRecord_1026927_seg001.wav,C:\Users\Brian Leap\Documents\Brian\Projects CS\AvianAura\Spectrograms\rural\song\MagpieRecord_1026927_seg001.npy
XENO,rural,song,C:\Users\Brian Leap\Documents\Brian\Projects CS\AvianAura\SegmentedData\rural\song\MagpieRecord_1026927_seg002.wav,C:\Users\Brian Leap\Documents\Brian\Projects CS\AvianAura\Spectrograms\rural\song\MagpieRecord_1026927_seg002.npy
XENO,rural,song,C:\Users\Brian Leap\Documents\Brian\Projects CS\AvianAura\SegmentedData\rural\song\MagpieRecord_1026927_seg003.wav,C:\Users\Brian Leap\Documents\Brian\Projects CS\AvianAura\Spectrograms\rural\song\MagpieRecord_1026927_seg003.npy
XENO,rural,song,C:\Users\Brian Leap\Documents\Brian\Projects CS\AvianAura\SegmentedData\rural\song\MagpieRecord_1026927_seg004.wav,C:\Users\Brian Leap\Documents\Brian\Projects CS\AvianAura\Spectrograms\rural\song\MagpieRecord_1026927_seg004.npy
XENO,rural,song,C:\Users\Brian Leap\Documents\Brian\Projects CS\AvianAura\SegmentedData\rural\song\MagpieRecord_1045892_seg001.wav,C:\Users\Brian Leap\Documents\Brian\Projects CS\AvianAura\Spectrograms\rural\song\MagpieRecord_1045892_seg001.npy
XENO,rural,song,C:\Users\Brian Leap\Documents\Brian\Projects CS\AvianAura\SegmentedData\rural\song\MagpieRecord_1045892_seg002.wav,C:\Users\Brian Leap\Documents\Brian\Projects CS\AvianAura\Spectrograms\rural\song\MagpieRecord_1045892_seg002.npy
XENO,rural,song,C:\Users\Brian Leap\Documents\Brian\Projects CS\AvianAura\SegmentedData\rural\song\MagpieRecord_1045892_seg003.wav,C:\Users\Brian Leap\Documents\Brian\Projects CS\AvianAura\Spectrograms\rural\song\MagpieRecord_1045892_seg003.npy
XENO,rural,song,C:\Users\Brian Leap\Documents\Brian\Projects CS\AvianAura\SegmentedData\rural\song\MagpieRecord_1045892_seg004.wav,C:\Users\Brian Leap\Documents\Brian\Projects CS\AvianAura\Spectrograms\rural\song\MagpieRecord_1045892_seg004.npy
XENO,rural,song,C:\Users\Brian Leap\Documents\Brian\Projects CS\AvianAura\SegmentedData\rural\song\MagpieRecord_1045892_seg005.wav,C:\Users\Brian Leap\Documents\Brian\Projects CS\AvianAura\Spectrograms\rural\song\MagpieRecord_1045892_seg005.npy
XENO,rural,song,C:\Users\Brian Leap\Documents\Brian\Projects CS\AvianAura\SegmentedData\rural\song\MagpieRecord_1054235_seg001.wav,C:\Users\Brian Leap\Documents\Brian\Projects CS\AvianAura\Spectrograms\rural\song\MagpieRecord_1054235_seg001.npy
XENO,rural,song,C:\Users\Brian Leap\Documents\Brian\Projects CS\AvianAura\SegmentedData\rural\song\MagpieRecord_1066594_seg001.wav,C:\Users\Brian Leap\Documents\Brian\Projects CS\AvianAura\Spectrograms\rural\song\MagpieRecord_1066594_seg001.npy
XENO,rural,song,C:\Users\Brian Leap\Documents\Brian\Projects CS\AvianAura\SegmentedData\rural\song\MagpieRecord_1066594_seg002.wav,C:\Users\Brian Leap\Documents\Brian\Projects CS\AvianAura\Spectrograms\rural\song\MagpieRecord_1066594_seg002.npy
XENO,rural,song,C:\Users\Brian Leap\Documents\Brian\Projects CS\AvianAura\SegmentedData\rural\song\MagpieRecord_1066594_seg003.wav,C:\Users\Brian Leap\Documents\Brian\Projects CS\AvianAura\Spectrograms\rural\song\MagpieRecord_1066594_seg003.npy
XENO,rural,song,C:\Users\Brian Leap\Documents\Brian\Projects CS\AvianAura\SegmentedData\rural\song\MagpieRecord_1086678_seg001.wav,C:\Users\Brian Leap\Documents\Brian\Projects CS\AvianAura\Spectrograms\rural\song\MagpieRecord_1086678_seg001.npy
XENO,rural,song,C:\Users\Brian Leap\Documents\Brian\Projects CS\AvianAura\SegmentedData\rural\song\MagpieRecord_152949_seg001.wav,C:\Users\Brian Leap\Documents\Brian\Projects CS\AvianAura\Spectrograms\rural\song\MagpieRecord_152949_seg001.npy
XENO,rural,song,C:\Users\Brian Leap\Documents\Brian\Projects CS\AvianAura\SegmentedData\rural\song\MagpieRecord_152949_seg002.wav,C:\Users\Brian Leap\Documents\Brian\Projects CS\AvianAura\Spectrograms\rural\song\MagpieRecord_152949_seg002.npy
XENO,rural,song,C:\Users\Brian Leap\Documents\Brian\Projects CS\AvianAura\SegmentedData\rural\song\MagpieRecord_153012_seg001.wav,C:\Users\Brian Leap\Documents\Brian\Projects CS\AvianAura\Spectrograms\rural\song\MagpieRecord_153012_seg001.npy
XENO,rural,song,C:\Users\Brian Leap\Documents\Brian\Projects CS\AvianAura\SegmentedData\rural\song\MagpieRecord_153012_seg002.wav,C:\Users\Brian Leap\Documents\Brian\Projects CS\AvianAura\Spectrograms\rural\song\MagpieRecord_153012_seg002.npy
XENO,rural,song,C:\Users\Brian Leap\Documents\Brian\Projects CS\AvianAura\SegmentedData\rural\song\MagpieRecord_153012_seg003.wav,C:\Users\Brian Leap\Documents\Brian\Projects CS\AvianAura\Spectrograms\rural\song\MagpieRecord_153012_seg003.npy
XENO,rural,song,C:\Users\Brian Leap\Documents\Brian\Projects CS\AvianAura\SegmentedData\rural\song\MagpieRecord_153012_seg004.wav,C:\Users\Brian Leap\Documents\Brian\Projects CS\AvianAura\Spectrograms\rural\song\MagpieRecord_153012_seg004.npy
XENO,rural,song,C:\Users\Brian Leap\Documents\Brian\Projects CS\AvianAura\SegmentedData\rural\song\MagpieRecord_172203_seg001.wav,C:\Users\Brian Leap\Documents\Brian\Projects CS\AvianAura\Spectrograms\rural\song\MagpieRecord_172203_seg001.npy
XENO,rural,song,C:\Users\Brian Leap\Documents\Brian\Projects CS\AvianAura\SegmentedData\rural\song\MagpieRecord_172203_seg002.wav,C:\Users\Brian Leap\Documents\Brian\Projects CS\AvianAura\Spectrograms\rural\song\MagpieRecord_172203_seg002.npy
XENO,rural,song,C:\Users\Brian Leap\Documents\Brian\Projects CS\AvianAura\SegmentedData\rural\song\MagpieRecord_172204_seg001.wav,C:\Users\Brian Leap\Documents\Brian\Projects CS\AvianAura\Spectrograms\rural\song\MagpieRecord_172204_seg001.npy
XENO,rural,song,C:\Users\Brian Leap\Documents\Brian\Projects CS\AvianAura\SegmentedData\rural\song\MagpieRecord_172204_seg002.wav,C:\Users\Brian Leap\Documents\Brian\Projects CS\AvianAura\Spectrograms\rural\song\MagpieRecord_172204_seg002.npy
XENO,rural,song,C:\Users\Brian Leap\Documents\Brian\Projects CS\AvianAura\SegmentedData\rural\song\MagpieRecord_172204_seg003.wav,C:\Users\Brian Leap\Documents\Brian\Projects CS\AvianAura\Spectrograms\rural\song\MagpieRecord_172204_seg003.npy
XENO,rural,song,C:\Users\Brian Leap\Documents\Brian\Projects CS\AvianAura\SegmentedData\rural\song\MagpieRecord_172204_seg004.wav,C:\Users\Brian Leap\Documents\Brian\Projects CS\AvianAura\Spectrograms\rural\song\MagpieRecord_172204_seg004.npy
XENO,rural,song,C:\Users\Brian Leap\Documents\Brian\Projects CS\AvianAura\SegmentedData\rural\song\MagpieRecord_172204_seg005.wav,C:\Users\Brian Leap\Documents\Brian\Projects CS\AvianAura\Spectrograms\rural\song\MagpieRecord_172204_seg005.npy
XENO,rural,song,C:\Users\Brian Leap\Documents\Brian\Projects CS\AvianAura\SegmentedData\rural\song\MagpieRecord_200286_seg001.wav,C:\Users\Brian Leap\Documents\Brian\Projects CS\AvianAura\Spectrograms\rural\song\MagpieRecord_200286_seg001.npy
XENO,rural,song,C:\Users\Brian Leap\Documents\Brian\Projects CS\AvianAura\SegmentedData\rural\song\MagpieRecord_200287_seg001.wav,C:\Users\Brian Leap\Documents\Brian\Projects CS\AvianAura\Spectrograms\rural\song\MagpieRecord_200287_seg001.npy
XENO,rural,song,C:\Users\Brian Leap\Documents\Brian\Projects CS\AvianAura\SegmentedData\rural\song\MagpieRecord_200287_seg002.wav,C:\Users\Brian Leap\Documents\Brian\Projects CS\AvianAura\Spectrograms\rural\song\MagpieRecord_200287_seg002.npy
XENO,rural,song,C:\Users\Brian Leap\Documents\Brian\Projects CS\AvianAura\SegmentedData\rural\song\MagpieRecord_344823_seg001.wav,C:\Users\Brian Leap\Documents\Brian\Projects CS\AvianAura\Spectrograms\rural\song\MagpieRecord_344823_seg001.npy
XENO,rural,song,C:\Users\Brian Leap\Documents\Brian\Projects CS\AvianAura\SegmentedData\rural\song\MagpieRecord_357317_seg001.wav,C:\Users\Brian Leap\Documents\Brian\Projects CS\AvianAura\Spectrograms\rural\song\MagpieRecord_357317_seg001.npy
XENO,rural,song,C:\Users\Brian Leap\Documents\Brian\Projects CS\AvianAura\SegmentedData\rural\song\MagpieRecord_357317_seg002.wav,C:\Users\Brian Leap\Documents\Brian\Projects CS\AvianAura\Spectrograms\rural\song\MagpieRecord_357317_seg002.npy
XENO,rural,song,C:\Users\Brian Leap\Documents\Brian\Projects CS\AvianAura\SegmentedData\rural\song\MagpieRecord_357317_seg003.wav,C:\Users\Brian Leap\Documents\Brian\Projects CS\AvianAura\Spectrograms\rural\song\MagpieRecord_357317_seg003.npy
XENO,rural,song,C:\Users\Brian Leap\Documents\Brian\Projects CS\AvianAura\SegmentedData\rural\song\MagpieRecord_357317_seg004.wav,C:\Users\Brian Leap\Documents\Brian\Projects CS\AvianAura\Spectrograms\rural\song\MagpieRecord_357317_seg004.npy
XENO,rural,song,C:\Users\Brian Leap\Documents\Brian\Projects CS\AvianAura\SegmentedData\rural\song\MagpieRecord_357317_seg005.wav,C:\Users\Brian Leap\Documents\Brian\Projects CS\AvianAura\Spectrograms\rural\song\MagpieRecord_357317_seg005.npy
XENO,rural,song,C:\Users\Brian Leap\Documents\Brian\Projects CS\AvianAura\SegmentedData\rural\song\MagpieRecord_357317_seg006.wav,C:\Users\Brian Leap\Documents\Brian\Projects CS\AvianAura\Spectrograms\rural\song\MagpieRecord_357317_seg006.npy
XENO,rural,song,C:\Users\Brian Leap\Documents\Brian\Projects CS\AvianAura\SegmentedData\rural\song\MagpieRecord_365136_seg001.wav,C:\Users\Brian Leap\Documents\Brian\Projects CS\AvianAura\Spectrograms\rural\song\MagpieRecord_365136_seg001.npy
XENO,rural,song,C:\Users\Brian Leap\Documents\Brian\Projects CS\AvianAura\SegmentedData\rural\song\MagpieRecord_365136_seg002.wav,C:\Users\Brian Leap\Documents\Brian\Projects CS\AvianAura\Spectrograms\rural\song\MagpieRecord_365136_seg002.npy
XENO,rural,song,C:\Users\Brian Leap\Documents\Brian\Projects CS\AvianAura\SegmentedData\rural\song\MagpieRecord_365136_seg003.wav,C:\Users\Brian Leap\Documents\Brian\Projects CS\AvianAura\Spectrograms\rural\song\MagpieRecord_365136_seg003.npy
XENO,rural,song,C:\Users\Brian Leap\Documents\Brian\Projects CS\AvianAura\SegmentedData\rural\song\MagpieRecord_365136_seg004.wav,C:\Users\Brian Leap\Documents\Brian\Projects CS\AvianAura\Spectrograms\rural\song\MagpieRecord_365136_seg004.npy
XENO,rural,song,C:\Users\Brian Leap\Documents\Brian\Projects CS\AvianAura\SegmentedData\rural\song\MagpieRecord_365136_seg005.wav,C:\Users\Brian Leap\Documents\Brian\Projects CS\AvianAura\Spectrograms\rural\song\MagpieRecord_365136_seg005.npy
XENO,rural,song,C:\Users\Brian Leap\Documents\Brian\Projects CS\AvianAura\SegmentedData\rural\song\MagpieRecord_382720_seg001.wav,C:\Users\Brian Leap\Documents\Brian\Projects CS\AvianAura\Spectrograms\rural\song\MagpieRecord_382720_seg001.npy
XENO,rural,song,C:\Users\Brian Leap\Documents\Brian\Projects CS\AvianAura\SegmentedData\rural\song\MagpieRecord_382720_seg002.wav,C:\Users\Brian Leap\Documents\Brian\Projects CS\AvianAura\Spectrograms\rural\song\MagpieRecord_382720_seg002.npy
XENO,rural,song,C:\Users\Brian Leap\Documents\Brian\Projects CS\AvianAura\SegmentedData\rural\song\MagpieRecord_382720_seg003.wav,C:\Users\Brian Leap\Documents\Brian\Projects CS\AvianAura\Spectrograms\rural\song\MagpieRecord_382720_seg003.npy
XENO,rural,song,C:\Users\Brian Leap\Documents\Brian\Projects CS\AvianAura\SegmentedData\rural\song\MagpieRecord_382769_seg001.wav,C:\Users\Brian Leap\Documents\Brian\Projects CS\AvianAura\Spectrograms\rural\song\MagpieRecord_382769_seg001.npy
XENO,rural,song,C:\Users\Brian Leap\Documents\Brian\Projects CS\AvianAura\SegmentedData\rural\song\MagpieRecord_382769_seg002.wav,C:\Users\Brian Leap\Documents\Brian\Projects CS\AvianAura\Spectrograms\rural\song\MagpieRecord_382769_seg002.npy
XENO,rural,song,C:\Users\Brian Leap\Documents\Brian\Projects CS\AvianAura\SegmentedData\rural\song\MagpieRecord_382769_seg003.wav,C:\Users\Brian Leap\Documents\Brian\Projects CS\AvianAura\Spectrograms\rural\song\MagpieRecord_382769_seg003.npy
XENO,rural,song,C:\Users\Brian Leap\Documents\Brian\Projects CS\AvianAura\SegmentedData\rural\song\MagpieRecord_413372_seg001.wav,C:\Users\Brian Leap\Documents\Brian\Projects CS\AvianAura\Spectrograms\rural\song\MagpieRecord_413372_seg001.npy
XENO,rural,song,C:\Users\Brian Leap\Documents\Brian\Projects CS\AvianAura\SegmentedData\rural\song\MagpieRecord_413372_seg002.wav,C:\Users\Brian Leap\Documents\Brian\Projects CS\AvianAura\Spectrograms\rural\song\MagpieRecord_413372_seg002.npy
XENO,rural,song,C:\Users\Brian Leap\Documents\Brian\Projects CS\AvianAura\SegmentedData\rural\song\MagpieRecord_413372_seg003.wav,C:\Users\Brian Leap\Documents\Brian\Projects CS\AvianAura\Spectrograms\rural\song\MagpieRecord_413372_seg003.npy
XENO,rural,song,C:\Users\Brian Leap\Documents\Brian\Projects CS\AvianAura\SegmentedData\rural\song\MagpieRecord_413372_seg004.wav,C:\Users\Brian Leap\Documents\Brian\Projects CS\AvianAura\Spectrograms\rural\song\MagpieRecord_413372_seg004.npy
XENO,rural,song,C:\Users\Brian Leap\Documents\Brian\Projects CS\AvianAura\SegmentedData\rural\song\MagpieRecord_413372_seg005.wav,C:\Users\Brian Leap\Documents\Brian\Projects CS\AvianAura\Spectrograms\rural\song\MagpieRecord_413372_seg005.npy
XENO,rural,song,C:\Users\Brian Leap\Documents\Brian\Projects CS\AvianAura\SegmentedData\rural\song\MagpieRecord_413372_seg006.wav,C:\Users\Brian Leap\Documents\Brian\Projects CS\AvianAura\Spectrograms\rural\song\MagpieRecord_413372_seg006.npy
XENO,rural,song,C:\Users\Brian Leap\Documents\Brian\Projects CS\AvianAura\SegmentedData\rural\song\MagpieRecord_413372_seg007.wav,C:\Users\Brian Leap\Documents\Brian\Projects CS\AvianAura\Spectrograms\rural\song\MagpieRecord_413372_seg007.npy
XENO,rural,song,C:\Users\Brian Leap\Documents\Brian\Projects CS\AvianAura\SegmentedData\rural\song\MagpieRecord_507774_seg001.wav,C:\Users\Brian Leap\Documents\Brian\Projects CS\AvianAura\Spectrograms\rural\song\MagpieRecord_507774_seg001.npy
XENO,rural,song,C:\Users\Brian Leap\Documents\Brian\Projects CS\AvianAura\SegmentedData\rural\song\MagpieRecord_507774_seg002.wav,C:\Users\Brian Leap\Documents\Brian\Projects CS\AvianAura\Spectrograms\rural\song\MagpieRecord_507774_seg002.npy
XENO,rural,song,C:\Users\Brian Leap\Documents\Brian\Projects CS\AvianAura\SegmentedData\rural\song\MagpieRecord_507774_seg003.wav,C:\Users\Brian Leap\Documents\Brian\Projects CS\AvianAura\Spectrograms\rural\song\MagpieRecord_507774_seg003.npy
XENO,rural,song,C:\Users\Brian Leap\Documents\Brian\Projects CS\AvianAura\SegmentedData\rural\song\MagpieRecord_507774_seg004.wav,C:\Users\Brian Leap\Documents\Brian\Projects CS\AvianAura\Spectrograms\rural\song\MagpieRecord_507774_seg004.npy
XENO,rural,song,C:\Users\Brian Leap\Documents\Brian\Projects CS\AvianAura\SegmentedData\rural\song\MagpieRecord_594050_seg001.wav,C:\Users\Brian Leap\Documents\Brian\Projects CS\AvianAura\Spectrograms\rural\song\MagpieRecord_594050_seg001.npy
XENO,rural,song,C:\Users\Brian Leap\Documents\Brian\Projects CS\AvianAura\SegmentedData\rural\song\MagpieRecord_594050_seg002.wav,C:\Users\Brian Leap\Documents\Brian\Projects CS\AvianAura\Spectrograms\rural\song\MagpieRecord_594050_seg002.npy
XENO,rural,song,C:\Users\Brian Leap\Documents\Brian\Projects CS\AvianAura\SegmentedData\rural\song\MagpieRecord_594050_seg003.wav,C:\Users\Brian Leap\Documents\Brian\Projects CS\AvianAura\Spectrograms\rural\song\MagpieRecord_594050_seg003.npy
XENO,rural,song,C:\Users\Brian Leap\Documents\Brian\Projects CS\AvianAura\SegmentedData\rural\song\MagpieRecord_594050_seg004.wav,C:\Users\Brian Leap\Documents\Brian\Projects CS\AvianAura\Spectrograms\rural\song\MagpieRecord_594050_seg004.npy
XENO,rural,song,C:\Users\Brian Leap\Documents\Brian\Projects CS\AvianAura\SegmentedData\rural\song\MagpieRecord_597149_seg001.wav,C:\Users\Brian Leap\Documents\Brian\Projects CS\AvianAura\Spectrograms\rural\song\MagpieRecord_597149_seg001.npy
XENO,rural,song,C:\Users\Brian Leap\Documents\Brian\Projects CS\AvianAura\SegmentedData\rural\song\MagpieRecord_597149_seg002.wav,C:\Users\Brian Leap\Documents\Brian\Projects CS\AvianAura\Spectrograms\rural\song\MagpieRecord_597149_seg002.npy
XENO,rural,song,C:\Users\Brian Leap\Documents\Brian\Projects CS\AvianAura\SegmentedData\rural\song\MagpieRecord_597149_seg003.wav,C:\Users\Brian Leap\Documents\Brian\Projects CS\AvianAura\Spectrograms\rural\song\MagpieRecord_597149_seg003.npy
XENO,rural,song,C:\Users\Brian Leap\Documents\Brian\Projects CS\AvianAura\SegmentedData\rural\song\MagpieRecord_597149_seg004.wav,C:\Users\Brian Leap\Documents\Brian\Projects CS\AvianAura\Spectrograms\rural\song\MagpieRecord_597149_seg004.npy
XENO,rural,song,C:\Users\Brian Leap\Documents\Brian\Projects CS\AvianAura\SegmentedData\rural\song\MagpieRecord_609051_seg001.wav,C:\Users\Brian Leap\Documents\Brian\Projects CS\AvianAura\Spectrograms\rural\song\MagpieRecord_609051_seg001.npy
XENO,rural,song,C:\Users\Brian Leap\Documents\Brian\Projects CS\AvianAura\SegmentedData\rural\song\MagpieRecord_609051_seg002.wav,C:\Users\Brian Leap\Documents\Brian\Projects CS\AvianAura\Spectrograms\rural\song\MagpieRecord_609051_seg002.npy
XENO,rural,song,C:\Users\Brian Leap\Documents\Brian\Projects CS\AvianAura\SegmentedData\rural\song\MagpieRecord_609051_seg003.wav,C:\Users\Brian Leap\Documents\Brian\Projects CS\AvianAura\Spectrograms\rural\song\MagpieRecord_609051_seg003.npy
XENO,rural,song,C:\Users\Brian Leap\Documents\Brian\Projects CS\AvianAura\SegmentedData\rural\song\MagpieRecord_609051_seg004.wav,C:\Users\Brian Leap\Documents\Brian\Projects CS\AvianAura\Spectrograms\rural\song\MagpieRecord_609051_seg004.npy
XENO,rural,song,C:\Users\Brian Leap\Documents\Brian\Projects CS\AvianAura\SegmentedData\rural\song\MagpieRecord_609051_seg005.wav,C:\Users\Brian Leap\Documents\Brian\Projects CS\AvianAura\Spectrograms\rural\song\MagpieRecord_609051_seg005.npy
XENO,rural,song,C:\Users\Brian Leap\Documents\Brian\Projects CS\AvianAura\SegmentedData\rural\song\MagpieRecord_609051_seg006.wav,C:\Users\Brian Leap\Documents\Brian\Projects CS\AvianAura\Spectrograms\rural\song\MagpieRecord_609051_seg006.npy
XENO,rural,song,C:\Users\Brian Leap\Documents\Brian\Projects CS\AvianAura\SegmentedData\rural\song\MagpieRecord_609051_seg007.wav,C:\Users\Brian Leap\Documents\Brian\Projects CS\AvianAura\Spectrograms\rural\song\MagpieRecord_609051_seg007.npy
XENO,rural,song,C:\Users\Brian Leap\Documents\Brian\Projects CS\AvianAura\SegmentedData\rural\song\MagpieRecord_609051_seg008.wav,C:\Users\Brian Leap\Documents\Brian\Projects CS\AvianAura\Spectrograms\rural\song\MagpieRecord_609051_seg008.npy
XENO,rural,song,C:\Users\Brian Leap\Documents\Brian\Projects CS\AvianAura\SegmentedData\rural\song\MagpieRecord_609051_seg009.wav,C:\Users\Brian Leap\Documents\Brian\Projects CS\AvianAura\Spectrograms\rural\song\MagpieRecord_609051_seg009.npy
XENO,rural,song,C:\Users\Brian Leap\Documents\Brian\Projects CS\AvianAura\SegmentedData\rural\song\MagpieRecord_609051_seg010.wav,C:\Users\Brian Leap\Documents\Brian\Projects CS\AvianAura\Spectrograms\rural\song\MagpieRecord_609051_seg010.npy
XENO,rural,song,C:\Users\Brian Leap\Documents\Brian\Projects CS\AvianAura\SegmentedData\rural\song\MagpieRecord_609051_seg011.wav,C:\Users\Brian Leap\Documents\Brian\Projects CS\AvianAura\Spectrograms\rural\song\MagpieRecord_609051_seg011.npy
XENO,rural,song,C:\Users\Brian Leap\Documents\Brian\Projects CS\AvianAura\SegmentedData\rural\song\MagpieRecord_609051_seg012.wav,C:\Users\Brian Leap\Documents\Brian\Projects CS\AvianAura\Spectrograms\rural\song\MagpieRecord_609051_seg012.npy
XENO,rural,song,C:\Users\Brian Leap\Documents\Brian\Projects CS\AvianAura\SegmentedData\rural\song\MagpieRecord_609051_seg013.wav,C:\Users\Brian Leap\Documents\Brian\Projects CS\AvianAura\Spectrograms\rural\song\MagpieRecord_609051_seg013.npy
XENO,rural,song,C:\Users\Brian Leap\Documents\Brian\Projects CS\AvianAura\SegmentedData\rural\song\MagpieRecord_609051_seg014.wav,C:\Users\Brian Leap\Documents\Brian\Projects CS\AvianAura\Spectrograms\rural\song\MagpieRecord_609051_seg014.npy
XENO,rural,song,C:\Users\Brian Leap\Documents\Brian\Projects CS\AvianAura\SegmentedData\rural\song\MagpieRecord_663449_seg001.wav,C:\Users\Brian Leap\Documents\Brian\Projects CS\AvianAura\Spectrograms\rural\song\MagpieRecord_663449_seg001.npy
XENO,rural,song,C:\Users\Brian Leap\Documents\Brian\Projects CS\AvianAura\SegmentedData\rural\song\MagpieRecord_663449_seg002.wav,C:\Users\Brian Leap\Documents\Brian\Projects CS\AvianAura\Spectrograms\rural\song\MagpieRecord_663449_seg002.npy
XENO,rural,song,C:\Users\Brian Leap\Documents\Brian\Projects CS\AvianAura\SegmentedData\rural\song\MagpieRecord_663449_seg003.wav,C:\Users\Brian Leap\Documents\Brian\Projects CS\AvianAura\Spectrograms\rural\song\MagpieRecord_663449_seg003.npy
XENO,rural,song,C:\Users\Brian Leap\Documents\Brian\Projects CS\AvianAura\SegmentedData\rural\song\MagpieRecord_663449_seg004.wav,C:\Users\Brian Leap\Documents\Brian\Projects CS\AvianAura\Spectrograms\rural\song\MagpieRecord_663449_seg004.npy
XENO,rural,song,C:\Users\Brian Leap\Documents\Brian\Projects CS\AvianAura\SegmentedData\rural\song\MagpieRecord_747690_seg001.wav,C:\Users\Brian Leap\Documents\Brian\Projects CS\AvianAura\Spectrograms\rural\song\MagpieRecord_747690_seg001.npy
XENO,rural,song,C:\Users\Brian Leap\Documents\Brian\Projects CS\AvianAura\SegmentedData\rural\song\MagpieRecord_747690_seg002.wav,C:\Users\Brian Leap\Documents\Brian\Projects CS\AvianAura\Spectrograms\rural\song\MagpieRecord_747690_seg002.npy
XENO,rural,song,C:\Users\Brian Leap\Documents\Brian\Projects CS\AvianAura\SegmentedData\rural\song\MagpieRecord_747690_seg003.wav,C:\Users\Brian Leap\Documents\Brian\Projects CS\AvianAura\Spectrograms\rural\song\MagpieRecord_747690_seg003.npy
XENO,rural,song,C:\Users\Brian Leap\Documents\Brian\Projects CS\AvianAura\SegmentedData\rural\song\MagpieRecord_747690_seg004.wav,C:\Users\Brian Leap\Documents\Brian\Projects CS\AvianAura\Spectrograms\rural\song\MagpieRecord_747690_seg004.npy
XENO,rural,song,C:\Users\Brian Leap\Documents\Brian\Projects CS\AvianAura\SegmentedData\rural\song\MagpieRecord_747690_seg005.wav,C:\Users\Brian Leap\Documents\Brian\Projects CS\AvianAura\Spectrograms\rural\song\MagpieRecord_747690_seg005.npy
XENO,rural,song,C:\Users\Brian Leap\Documents\Brian\Projects CS\AvianAura\SegmentedData\rural\song\MagpieRecord_747690_seg006.wav,C:\Users\Brian Leap\Documents\Brian\Projects CS\AvianAura\Spectrograms\rural\song\MagpieRecord_747690_seg006.npy
XENO,rural,song,C:\Users\Brian Leap\Documents\Brian\Projects CS\AvianAura\SegmentedData\rural\song\MagpieRecord_816246_seg001.wav,C:\Users\Brian Leap\Documents\Brian\Projects CS\AvianAura\Spectrograms\rural\song\MagpieRecord_816246_seg001.npy
XENO,rural,song,C:\Users\Brian Leap\Documents\Brian\Projects CS\AvianAura\SegmentedData\rural\song\MagpieRecord_957831_seg001.wav,C:\Users\Brian Leap\Documents\Brian\Projects CS\AvianAura\Spectrograms\rural\song\MagpieRecord_957831_seg001.npy
XENO,rural,song,C:\Users\Brian Leap\Documents\Brian\Projects CS\AvianAura\SegmentedData\rural\song\MagpieRecord_957831_seg002.wav,C:\Users\Brian Leap\Documents\Brian\Projects CS\AvianAura\Spectrograms\rural\song\MagpieRecord_957831_seg002.npy
XENO,rural,song,C:\Users\Brian Leap\Documents\Brian\Projects CS\AvianAura\SegmentedData\rural\song\MagpieRecord_957831_seg003.wav,C:\Users\Brian Leap\Documents\Brian\Projects CS\AvianAura\Spectrograms\rural\song\MagpieRecord_957831_seg003.npy
XENO,rural,song,C:\Users\Brian Leap\Documents\Brian\Projects CS\AvianAura\SegmentedData\rural\song\MagpieRecord_957831_seg004.wav,C:\Users\Brian Leap\Documents\Brian\Projects CS\AvianAura\Spectrograms\rural\song\MagpieRecord_957831_seg004.npy
XENO,rural,song,C:\Users\Brian Leap\Documents\Brian\Projects CS\AvianAura\SegmentedData\rural\song\MagpieRecord_957831_seg005.wav,C:\Users\Brian Leap\Documents\Brian\Projects CS\AvianAura\Spectrograms\rural\song\MagpieRecord_957831_seg005.npy
XENO,rural,song,C:\Users\Brian Leap\Documents\Brian\Projects CS\AvianAura\SegmentedData\rural\song\MagpieRecord_957831_seg006.wav,C:\Users\Brian Leap\Documents\Brian\Projects CS\AvianAura\Spectrograms\rural\song\MagpieRecord_957831_seg006.npy
XENO,rural,song,C:\Users\Brian Leap\Documents\Brian\Projects CS\AvianAura\SegmentedData\rural\song\MagpieRecord_957831_seg007.wav,C:\Users\Brian Leap\Documents\Brian\Projects CS\AvianAura\Spectrograms\rural\song\MagpieRecord_957831_seg007.npy
XENO,rural,song,C:\Users\Brian Leap\Documents\Brian\Projects CS\AvianAura\SegmentedData\rural\song\MagpieRecord_957831_seg008.wav,C:\Users\Brian Leap\Documents\Brian\Projects CS\AvianAura\Spectrograms\rural\song\MagpieRecord_957831_seg008.npy
XENO,rural,song,C:\Users\Brian Leap\Documents\Brian\Projects CS\AvianAura\SegmentedData\rural\song\MagpieRecord_957831_seg009.wav,C:\Users\Brian Leap\Documents\Brian\Projects CS\AvianAura\Spectrograms\rural\song\MagpieRecord_957831_seg009.npy
XENO,rural,song,C:\Users\Brian Leap\Documents\Brian\Projects CS\AvianAura\SegmentedData\rural\song\MagpieRecord_957831_seg010.wav,C:\Users\Brian Leap\Documents\Brian\Projects CS\AvianAura\Spectrograms\rural\song\MagpieRecord_957831_seg010.npy
XENO,rural,song,C:\Users\Brian Leap\Documents\Brian\Projects CS\AvianAura\SegmentedData\rural\song\MagpieRecord_957831_seg011.wav,C:\Users\Brian Leap\Documents\Brian\Projects CS\AvianAura\Spectrograms\rural\song\MagpieRecord_957831_seg011.npy
XENO,rural,song,C:\Users\Brian Leap\Documents\Brian\Projects CS\AvianAura\SegmentedData\rural\song\MagpieRecord_959424_seg001.wav,C:\Users\Brian Leap\Documents\Brian\Projects CS\AvianAura\Spectrograms\rural\song\MagpieRecord_959424_seg001.npy
XENO,rural,song,C:\Users\Brian Leap\Documents\Brian\Projects CS\AvianAura\SegmentedData\rural\song\MagpieRecord_959424_seg002.wav,C:\Users\Brian Leap\Documents\Brian\Projects CS\AvianAura\Spectrograms\rural\song\MagpieRecord_959424_seg002.npy
XENO,rural,song,C:\Users\Brian Leap\Documents\Brian\Projects CS\AvianAura\SegmentedData\rural\song\MagpieRecord_959425_seg001.wav,C:\Users\Brian Leap\Documents\Brian\Projects CS\AvianAura\Spectrograms\rural\song\MagpieRecord_959425_seg001.npy
XENO,unknown,song,C:\Users\Brian Leap\Documents\Brian\Projects CS\AvianAura\SegmentedData\unknown\song\MagpieRecord_959293_seg001.wav,C:\Users\Brian Leap\Documents\Brian\Projects CS\AvianAura\Spectrograms\unknown\song\MagpieRecord_959293_seg001.npy
XENO,unknown,song,C:\Users\Brian Leap\Documents\Brian\Projects CS\AvianAura\SegmentedData\unknown\song\MagpieRecord_959293_seg002.wav,C:\Users\Brian Leap\Documents\Brian\Projects CS\AvianAura\Spectrograms\unknown\song\MagpieRecord_959293_seg002.npy
XENO,unknown,song,C:\Users\Brian Leap\Documents\Brian\Projects CS\AvianAura\SegmentedData\unknown\song\MagpieRecord_959293_seg003.wav,C:\Users\Brian Leap\Documents\Brian\Projects CS\AvianAura\Spectrograms\unknown\song\MagpieRecord_959293_seg003.npy
XENO,unknown,song,C:\Users\Brian Leap\Documents\Brian\Projects CS\AvianAura\SegmentedData\unknown\song\MagpieRecord_959293_seg004.wav,C:\Users\Brian Leap\Documents\Brian\Projects CS\AvianAura\Spectrograms\unknown\song\MagpieRecord_959293_seg004.npy
XENO,unknown,song,C:\Users\Brian Leap\Documents\Brian\Projects CS\AvianAura\SegmentedData\unknown\song\MagpieRecord_959293_seg005.wav,C:\Users\Brian Leap\Documents\Brian\Projects CS\AvianAura\Spectrograms\unknown\song\MagpieRecord_959293_seg005.npy
XENO,unknown,song,C:\Users\Brian Leap\Documents\Brian\Projects CS\AvianAura\SegmentedData\unknown\song\MagpieRecord_959293_seg006.wav,C:\Users\Brian Leap\Documents\Brian\Projects CS\AvianAura\Spectrograms\unknown\song\MagpieRecord_959293_seg006.npy
XENO,unknown,song,C:\Users\Brian Leap\Documents\Brian\Projects CS\AvianAura\SegmentedData\unknown\song\MagpieRecord_959293_seg007.wav,C:\Users\Brian Leap\Documents\Brian\Projects CS\AvianAura\Spectrograms\unknown\song\MagpieRecord_959293_seg007.npy
XENO,unknown,song,C:\Users\Brian Leap\Documents\Brian\Projects CS\AvianAura\SegmentedData\unknown\song\MagpieRecord_959293_seg008.wav,C:\Users\Brian Leap\Documents\Brian\Projects CS\AvianAura\Spectrograms\unknown\song\MagpieRecord_959293_seg008.npy
XENO,unknown,song,C:\Users\Brian Leap\Documents\Brian\Projects CS\AvianAura\SegmentedData\unknown\song\MagpieRecord_959293_seg009.wav,C:\Users\Brian Leap\Documents\Brian\Projects CS\AvianAura\Spectrograms\unknown\song\MagpieRecord_959293_seg009.npy
XENO,unknown,song,C:\Users\Brian Leap\Documents\Brian\Projects CS\AvianAura\SegmentedData\unknown\song\MagpieRecord_959293_seg010.wav,C:\Users\Brian Leap\Documents\Brian\Projects CS\AvianAura\Spectrograms\unknown\song\MagpieRecord_959293_seg010.npy
XENO,unknown,song,C:\Users\Brian Leap\Documents\Brian\Projects CS\AvianAura\SegmentedData\unknown\song\MagpieRecord_959293_seg011.wav,C:\Users\Brian Leap\Documents\Brian\Projects CS\AvianAura\Spectrograms\unknown\song\MagpieRecord_959293_seg011.npy
XENO,unknown,song,C:\Users\Brian Leap\Documents\Brian\Projects CS\AvianAura\SegmentedData\unknown\song\MagpieRecord_959293_seg012.wav,C:\Users\Brian Leap\Documents\Brian\Projects CS\AvianAura\Spectrograms\unknown\song\MagpieRecord_959293_seg012.npy
XENO,unknown,song,C:\Users\Brian Leap\Documents\Brian\Projects CS\AvianAura\SegmentedData\unknown\song\MagpieRecord_959293_seg013.wav,C:\Users\Brian Leap\Documents\Brian\Projects CS\AvianAura\Spectrograms\unknown\song\MagpieRecord_959293_seg013.npy
XENO,urban,call,C:\Users\Brian Leap\Documents\Brian\Projects CS\AvianAura\SegmentedData\urban\call\MagpieRecord_1050077_seg001.wav,C:\Users\Brian Leap\Documents\Brian\Projects CS\AvianAura\Spectrograms\urban\call\MagpieRecord_1050077_seg001.npy
XENO,urban,call,C:\Users\Brian Leap\Documents\Brian\Projects CS\AvianAura\SegmentedData\urban\call\MagpieRecord_1050077_seg002.wav,C:\Users\Brian Leap\Documents\Brian\Projects CS\AvianAura\Spectrograms\urban\call\MagpieRecord_1050077_seg002.npy
XENO,urban,call,C:\Users\Brian Leap\Documents\Brian\Projects CS\AvianAura\SegmentedData\urban\call\MagpieRecord_1050077_seg003.wav,C:\Users\Brian Leap\Documents\Brian\Projects CS\AvianAura\Spectrograms\urban\call\MagpieRecord_1050077_seg003.npy
XENO,urban,call,C:\Users\Brian Leap\Documents\Brian\Projects CS\AvianAura\SegmentedData\urban\call\MagpieRecord_1062641_seg001.wav,C:\Users\Brian Leap\Documents\Brian\Projects CS\AvianAura\Spectrograms\urban\call\MagpieRecord_1062641_seg001.npy
XENO,urban,call,C:\Users\Brian Leap\Documents\Brian\Projects CS\AvianAura\SegmentedData\urban\call\MagpieRecord_172265_seg001.wav,C:\Users\Brian Leap\Documents\Brian\Projects CS\AvianAura\Spectrograms\urban\call\MagpieRecord_172265_seg001.npy
XENO,urban,call,C:\Users\Brian Leap\Documents\Brian\Projects CS\AvianAura\SegmentedData\urban\call\MagpieRecord_172265_seg002.wav,C:\Users\Brian Leap\Documents\Brian\Projects CS\AvianAura\Spectrograms\urban\call\MagpieRecord_172265_seg002.npy
XENO,urban,call,C:\Users\Brian Leap\Documents\Brian\Projects CS\AvianAura\SegmentedData\urban\call\MagpieRecord_172265_seg003.wav,C:\Users\Brian Leap\Documents\Brian\Projects CS\AvianAura\Spectrograms\urban\call\MagpieRecord_172265_seg003.npy
XENO,urban,call,C:\Users\Brian Leap\Documents\Brian\Projects CS\AvianAura\SegmentedData\urban\call\MagpieRecord_172265_seg004.wav,C:\Users\Brian Leap\Documents\Brian\Projects CS\AvianAura\Spectrograms\urban\call\MagpieRecord_172265_seg004.npy
XENO,urban,call,C:\Users\Brian Leap\Documents\Brian\Projects CS\AvianAura\SegmentedData\urban\call\MagpieRecord_172265_seg005.wav,C:\Users\Brian Leap\Documents\Brian\Projects CS\AvianAura\Spectrograms\urban\call\MagpieRecord_172265_seg005.npy
XENO,urban,call,C:\Users\Brian Leap\Documents\Brian\Projects CS\AvianAura\SegmentedData\urban\call\MagpieRecord_174168_seg001.wav,C:\Users\Brian Leap\Documents\Brian\Projects CS\AvianAura\Spectrograms\urban\call\MagpieRecord_174168_seg001.npy
XENO,urban,call,C:\Users\Brian Leap\Documents\Brian\Projects CS\AvianAura\SegmentedData\urban\call\MagpieRecord_306950_seg001.wav,C:\Users\Brian Leap\Documents\Brian\Projects CS\AvianAura\Spectrograms\urban\call\MagpieRecord_306950_seg001.npy
XENO,urban,call,C:\Users\Brian Leap\Documents\Brian\Projects CS\AvianAura\SegmentedData\urban\call\MagpieRecord_327492_seg001.wav,C:\Users\Brian Leap\Documents\Brian\Projects CS\AvianAura\Spectrograms\urban\call\MagpieRecord_327492_seg001.npy
XENO,urban,call,C:\Users\Brian Leap\Documents\Brian\Projects CS\AvianAura\SegmentedData\urban\call\MagpieRecord_327492_seg002.wav,C:\Users\Brian Leap\Documents\Brian\Projects CS\AvianAura\Spectrograms\urban\call\MagpieRecord_327492_seg002.npy
XENO,urban,call,C:\Users\Brian Leap\Documents\Brian\Projects CS\AvianAura\SegmentedData\urban\call\MagpieRecord_372346_seg001.wav,C:\Users\Brian Leap\Documents\Brian\Projects CS\AvianAura\Spectrograms\urban\call\MagpieRecord_372346_seg001.npy
XENO,urban,call,C:\Users\Brian Leap\Documents\Brian\Projects CS\AvianAura\SegmentedData\urban\call\MagpieRecord_372346_seg002.wav,C:\Users\Brian Leap\Documents\Brian\Projects CS\AvianAura\Spectrograms\urban\call\MagpieRecord_372346_seg002.npy
XENO,urban,call,C:\Users\Brian Leap\Documents\Brian\Projects CS\AvianAura\SegmentedData\urban\call\MagpieRecord_372346_seg003.wav,C:\Users\Brian Leap\Documents\Brian\Projects CS\AvianAura\Spectrograms\urban\call\MagpieRecord_372346_seg003.npy
XENO,urban,call,C:\Users\Brian Leap\Documents\Brian\Projects CS\AvianAura\SegmentedData\urban\call\MagpieRecord_372346_seg004.wav,C:\Users\Brian Leap\Documents\Brian\Projects CS\AvianAura\Spectrograms\urban\call\MagpieRecord_372346_seg004.npy
XENO,urban,call,C:\Users\Brian Leap\Documents\Brian\Projects CS\AvianAura\SegmentedData\urban\call\MagpieRecord_372346_seg005.wav,C:\Users\Brian Leap\Documents\Brian\Projects CS\AvianAura\Spectrograms\urban\call\MagpieRecord_372346_seg005.npy
XENO,urban,call,C:\Users\Brian Leap\Documents\Brian\Projects CS\AvianAura\SegmentedData\urban\call\MagpieRecord_372346_seg006.wav,C:\Users\Brian Leap\Documents\Brian\Projects CS\AvianAura\Spectrograms\urban\call\MagpieRecord_372346_seg006.npy
XENO,urban,call,C:\Users\Brian Leap\Documents\Brian\Projects CS\AvianAura\SegmentedData\urban\call\MagpieRecord_500508_seg001.wav,C:\Users\Brian Leap\Documents\Brian\Projects CS\AvianAura\Spectrograms\urban\call\MagpieRecord_500508_seg001.npy
XENO,urban,call,C:\Users\Brian Leap\Documents\Brian\Projects CS\AvianAura\SegmentedData\urban\call\MagpieRecord_500508_seg002.wav,C:\Users\Brian Leap\Documents\Brian\Projects CS\AvianAura\Spectrograms\urban\call\MagpieRecord_500508_seg002.npy
XENO,urban,call,C:\Users\Brian Leap\Documents\Brian\Projects CS\AvianAura\SegmentedData\urban\call\MagpieRecord_500508_seg003.wav,C:\Users\Brian Leap\Documents\Brian\Projects CS\AvianAura\Spectrograms\urban\call\MagpieRecord_500508_seg003.npy
XENO,urban,call,C:\Users\Brian Leap\Documents\Brian\Projects CS\AvianAura\SegmentedData\urban\call\MagpieRecord_500508_seg004.wav,C:\Users\Brian Leap\Documents\Brian\Projects CS\AvianAura\Spectrograms\urban\call\MagpieRecord_500508_seg004.npy
XENO,urban,call,C:\Users\Brian Leap\Documents\Brian\Projects CS\AvianAura\SegmentedData\urban\call\MagpieRecord_500508_seg005.wav,C:\Users\Brian Leap\Documents\Brian\Projects CS\AvianAura\Spectrograms\urban\call\MagpieRecord_500508_seg005.npy
XENO,urban,call,C:\Users\Brian Leap\Documents\Brian\Projects CS\AvianAura\SegmentedData\urban\call\MagpieRecord_500508_seg006.wav,C:\Users\Brian Leap\Documents\Brian\Projects CS\AvianAura\Spectrograms\urban\call\MagpieRecord_500508_seg006.npy
XENO,urban,call,C:\Users\Brian Leap\Documents\Brian\Projects CS\AvianAura\SegmentedData\urban\call\MagpieRecord_564335_seg001.wav,C:\Users\Brian Leap\Documents\Brian\Projects CS\AvianAura\Spectrograms\urban\call\MagpieRecord_564335_seg001.npy
XENO,urban,call,C:\Users\Brian Leap\Documents\Brian\Projects CS\AvianAura\SegmentedData\urban\call\MagpieRecord_564335_seg002.wav,C:\Users\Brian Leap\Documents\Brian\Projects CS\AvianAura\Spectrograms\urban\call\MagpieRecord_564335_seg002.npy
XENO,urban,call,C:\Users\Brian Leap\Documents\Brian\Projects CS\AvianAura\SegmentedData\urban\call\MagpieRecord_564335_seg003.wav,C:\Users\Brian Leap\Documents\Brian\Projects CS\AvianAura\Spectrograms\urban\call\MagpieRecord_564335_seg003.npy
XENO,urban,call,C:\Users\Brian Leap\Documents\Brian\Projects CS\AvianAura\SegmentedData\urban\call\MagpieRecord_564335_seg004.wav,C:\Users\Brian Leap\Documents\Brian\Projects CS\AvianAura\Spectrograms\urban\call\MagpieRecord_564335_seg004.npy
XENO,urban,call,C:\Users\Brian Leap\Documents\Brian\Projects CS\AvianAura\SegmentedData\urban\call\MagpieRecord_564335_seg005.wav,C:\Users\Brian Leap\Documents\Brian\Projects CS\AvianAura\Spectrograms\urban\call\MagpieRecord_564335_seg005.npy
XENO,urban,call,C:\Users\Brian Leap\Documents\Brian\Projects CS\AvianAura\SegmentedData\urban\call\MagpieRecord_564335_seg006.wav,C:\Users\Brian Leap\Documents\Brian\Projects CS\AvianAura\Spectrograms\urban\call\MagpieRecord_564335_seg006.npy
XENO,urban,call,C:\Users\Brian Leap\Documents\Brian\Projects CS\AvianAura\SegmentedData\urban\call\MagpieRecord_565890_seg001.wav,C:\Users\Brian Leap\Documents\Brian\Projects CS\AvianAura\Spectrograms\urban\call\MagpieRecord_565890_seg001.npy
XENO,urban,call,C:\Users\Brian Leap\Documents\Brian\Projects CS\AvianAura\SegmentedData\urban\call\MagpieRecord_580373_seg001.wav,C:\Users\Brian Leap\Documents\Brian\Projects CS\AvianAura\Spectrograms\urban\call\MagpieRecord_580373_seg001.npy
XENO,urban,call,C:\Users\Brian Leap\Documents\Brian\Projects CS\AvianAura\SegmentedData\urban\call\MagpieRecord_580373_seg002.wav,C:\Users\Brian Leap\Documents\Brian\Projects CS\AvianAura\Spectrograms\urban\call\MagpieRecord_580373_seg002.npy
XENO,urban,call,C:\Users\Brian Leap\Documents\Brian\Projects CS\AvianAura\SegmentedData\urban\call\MagpieRecord_580373_seg003.wav,C:\Users\Brian Leap\Documents\Brian\Projects CS\AvianAura\Spectrograms\urban\call\MagpieRecord_580373_seg003.npy
XENO,urban,call,C:\Users\Brian Leap\Documents\Brian\Projects CS\AvianAura\SegmentedData\urban\call\MagpieRecord_580379_seg001.wav,C:\Users\Brian Leap\Documents\Brian\Projects CS\AvianAura\Spectrograms\urban\call\MagpieRecord_580379_seg001.npy
XENO,urban,call,C:\Users\Brian Leap\Documents\Brian\Projects CS\AvianAura\SegmentedData\urban\call\MagpieRecord_580379_seg002.wav,C:\Users\Brian Leap\Documents\Brian\Projects CS\AvianAura\Spectrograms\urban\call\MagpieRecord_580379_seg002.npy
XENO,urban,call,C:\Users\Brian Leap\Documents\Brian\Projects CS\AvianAura\SegmentedData\urban\call\MagpieRecord_580379_seg003.wav,C:\Users\Brian Leap\Documents\Brian\Projects CS\AvianAura\Spectrograms\urban\call\MagpieRecord_580379_seg003.npy
XENO,urban,call,C:\Users\Brian Leap\Documents\Brian\Projects CS\AvianAura\SegmentedData\urban\call\MagpieRecord_589240_seg001.wav,C:\Users\Brian Leap\Documents\Brian\Projects CS\AvianAura\Spectrograms\urban\call\MagpieRecord_589240_seg001.npy
XENO,urban,call,C:\Users\Brian Leap\Documents\Brian\Projects CS\AvianAura\SegmentedData\urban\call\MagpieRecord_589240_seg002.wav,C:\Users\Brian Leap\Documents\Brian\Projects CS\AvianAura\Spectrograms\urban\call\MagpieRecord_589240_seg002.npy
XENO,urban,call,C:\Users\Brian Leap\Documents\Brian\Projects CS\AvianAura\SegmentedData\urban\call\MagpieRecord_589240_seg003.wav,C:\Users\Brian Leap\Documents\Brian\Projects CS\AvianAura\Spectrograms\urban\call\MagpieRecord_589240_seg003.npy
XENO,urban,call,C:\Users\Brian Leap\Documents\Brian\Projects CS\AvianAura\SegmentedData\urban\call\MagpieRecord_589240_seg004.wav,C:\Users\Brian Leap\Documents\Brian\Projects CS\AvianAura\Spectrograms\urban\call\MagpieRecord_589240_seg004.npy
XENO,urban,call,C:\Users\Brian Leap\Documents\Brian\Projects CS\AvianAura\SegmentedData\urban\call\MagpieRecord_589240_seg005.wav,C:\Users\Brian Leap\Documents\Brian\Projects CS\AvianAura\Spectrograms\urban\call\MagpieRecord_589240_seg005.npy
XENO,urban,call,C:\Users\Brian Leap\Documents\Brian\Projects CS\AvianAura\SegmentedData\urban\call\MagpieRecord_589240_seg006.wav,C:\Users\Brian Leap\Documents\Brian\Projects CS\AvianAura\Spectrograms\urban\call\MagpieRecord_589240_seg006.npy
XENO,urban,call,C:\Users\Brian Leap\Documents\Brian\Projects CS\AvianAura\SegmentedData\urban\call\MagpieRecord_826873_seg001.wav,C:\Users\Brian Leap\Documents\Brian\Projects CS\AvianAura\Spectrograms\urban\call\MagpieRecord_826873_seg001.npy
XENO,urban,call,C:\Users\Brian Leap\Documents\Brian\Projects CS\AvianAura\SegmentedData\urban\call\MagpieRecord_826873_seg002.wav,C:\Users\Brian Leap\Documents\Brian\Projects CS\AvianAura\Spectrograms\urban\call\MagpieRecord_826873_seg002.npy
XENO,urban,call,C:\Users\Brian Leap\Documents\Brian\Projects CS\AvianAura\SegmentedData\urban\call\PRIMARY_brunswick urban calls good_seg001.wav,C:\Users\Brian Leap\Documents\Brian\Projects CS\AvianAura\Spectrograms\urban\call\PRIMARY_brunswick urban calls good_seg001.npy
XENO,urban,call,C:\Users\Brian Leap\Documents\Brian\Projects CS\AvianAura\SegmentedData\urban\call\PRIMARY_brunswick urban calls good_seg002.wav,C:\Users\Brian Leap\Documents\Brian\Projects CS\AvianAura\Spectrograms\urban\call\PRIMARY_brunswick urban calls good_seg002.npy
XENO,urban,call,C:\Users\Brian Leap\Documents\Brian\Projects CS\AvianAura\SegmentedData\urban\call\PRIMARY_doncaster calls_seg001.wav,C:\Users\Brian Leap\Documents\Brian\Projects CS\AvianAura\Spectrograms\urban\call\PRIMARY_doncaster calls_seg001.npy
XENO,urban,call,C:\Users\Brian Leap\Documents\Brian\Projects CS\AvianAura\SegmentedData\urban\call\PRIMARY_homing11-20(2beseparated)_seg001.wav,C:\Users\Brian Leap\Documents\Brian\Projects CS\AvianAura\Spectrograms\urban\call\PRIMARY_homing11-20(2beseparated)_seg001.npy
XENO,urban,call,C:\Users\Brian Leap\Documents\Brian\Projects CS\AvianAura\SegmentedData\urban\call\PRIMARY_homing11-20(2beseparated)_seg002.wav,C:\Users\Brian Leap\Documents\Brian\Projects CS\AvianAura\Spectrograms\urban\call\PRIMARY_homing11-20(2beseparated)_seg002.npy
XENO,urban,call,C:\Users\Brian Leap\Documents\Brian\Projects CS\AvianAura\SegmentedData\urban\call\PRIMARY_homing11-20(2beseparated)_seg003.wav,C:\Users\Brian Leap\Documents\Brian\Projects CS\AvianAura\Spectrograms\urban\call\PRIMARY_homing11-20(2beseparated)_seg003.npy
XENO,urban,call,C:\Users\Brian Leap\Documents\Brian\Projects CS\AvianAura\SegmentedData\urban\call\PRIMARY_homing11-20(2beseparated)_seg004.wav,C:\Users\Brian Leap\Documents\Brian\Projects CS\AvianAura\Spectrograms\urban\call\PRIMARY_homing11-20(2beseparated)_seg004.npy
XENO,urban,call,C:\Users\Brian Leap\Documents\Brian\Projects CS\AvianAura\SegmentedData\urban\call\PRIMARY_homing11-20(2beseparated)_seg005.wav,C:\Users\Brian Leap\Documents\Brian\Projects CS\AvianAura\Spectrograms\urban\call\PRIMARY_homing11-20(2beseparated)_seg005.npy
XENO,urban,call,C:\Users\Brian Leap\Documents\Brian\Projects CS\AvianAura\SegmentedData\urban\call\PRIMARY_homing11-20(2beseparated)_seg006.wav,C:\Users\Brian Leap\Documents\Brian\Projects CS\AvianAura\Spectrograms\urban\call\PRIMARY_homing11-20(2beseparated)_seg006.npy
XENO,urban,call,C:\Users\Brian Leap\Documents\Brian\Projects CS\AvianAura\SegmentedData\urban\call\PRIMARY_homing11-20(2beseparated)_seg007.wav,C:\Users\Brian Leap\Documents\Brian\Projects CS\AvianAura\Spectrograms\urban\call\PRIMARY_homing11-20(2beseparated)_seg007.npy
XENO,urban,call,C:\Users\Brian Leap\Documents\Brian\Projects CS\AvianAura\SegmentedData\urban\call\PRIMARY_homing11-20(2beseparated)_seg008.wav,C:\Users\Brian Leap\Documents\Brian\Projects CS\AvianAura\Spectrograms\urban\call\PRIMARY_homing11-20(2beseparated)_seg008.npy
XENO,urban,call,C:\Users\Brian Leap\Documents\Brian\Projects CS\AvianAura\SegmentedData\urban\call\PRIMARY_homing11-20(2beseparated)_seg009.wav,C:\Users\Brian Leap\Documents\Brian\Projects CS\AvianAura\Spectrograms\urban\call\PRIMARY_homing11-20(2beseparated)_seg009.npy
XENO,urban,call,C:\Users\Brian Leap\Documents\Brian\Projects CS\AvianAura\SegmentedData\urban\call\PRIMARY_urban call 1 _seg001.wav,C:\Users\Brian Leap\Documents\Brian\Projects CS\AvianAura\Spectrograms\urban\call\PRIMARY_urban call 1 _seg001.npy
XENO,urban,other,C:\Users\Brian Leap\Documents\Brian\Projects CS\AvianAura\SegmentedData\urban\other\MagpieRecord_675712_seg001.wav,C:\Users\Brian Leap\Documents\Brian\Projects CS\AvianAura\Spectrograms\urban\other\MagpieRecord_675712_seg001.npy
XENO,urban,other,C:\Users\Brian Leap\Documents\Brian\Projects CS\AvianAura\SegmentedData\urban\other\MagpieRecord_675712_seg002.wav,C:\Users\Brian Leap\Documents\Brian\Projects CS\AvianAura\Spectrograms\urban\other\MagpieRecord_675712_seg002.npy
XENO,urban,other,C:\Users\Brian Leap\Documents\Brian\Projects CS\AvianAura\SegmentedData\urban\other\MagpieRecord_675712_seg003.wav,C:\Users\Brian Leap\Documents\Brian\Projects CS\AvianAura\Spectrograms\urban\other\MagpieRecord_675712_seg003.npy
XENO,urban,other,C:\Users\Brian Leap\Documents\Brian\Projects CS\AvianAura\SegmentedData\urban\other\MagpieRecord_675712_seg004.wav,C:\Users\Brian Leap\Documents\Brian\Projects CS\AvianAura\Spectrograms\urban\other\MagpieRecord_675712_seg004.npy
XENO,urban,other,C:\Users\Brian Leap\Documents\Brian\Projects CS\AvianAura\SegmentedData\urban\other\MagpieRecord_675712_seg005.wav,C:\Users\Brian Leap\Documents\Brian\Projects CS\AvianAura\Spectrograms\urban\other\MagpieRecord_675712_seg005.npy
XENO,urban,other,C:\Users\Brian Leap\Documents\Brian\Projects CS\AvianAura\SegmentedData\urban\other\MagpieRecord_934083_seg001.wav,C:\Users\Brian Leap\Documents\Brian\Projects CS\AvianAura\Spectrograms\urban\other\MagpieRecord_934083_seg001.npy
XENO,urban,other,C:\Users\Brian Leap\Documents\Brian\Projects CS\AvianAura\SegmentedData\urban\other\MagpieRecord_934083_seg002.wav,C:\Users\Brian Leap\Documents\Brian\Projects CS\AvianAura\Spectrograms\urban\other\MagpieRecord_934083_seg002.npy
XENO,urban,other,C:\Users\Brian Leap\Documents\Brian\Projects CS\AvianAura\SegmentedData\urban\other\MagpieRecord_934083_seg003.wav,C:\Users\Brian Leap\Documents\Brian\Projects CS\AvianAura\Spectrograms\urban\other\MagpieRecord_934083_seg003.npy
XENO,urban,other,C:\Users\Brian Leap\Documents\Brian\Projects CS\AvianAura\SegmentedData\urban\other\MagpieRecord_934083_seg004.wav,C:\Users\Brian Leap\Documents\Brian\Projects CS\AvianAura\Spectrograms\urban\other\MagpieRecord_934083_seg004.npy
XENO,urban,song,C:\Users\Brian Leap\Documents\Brian\Projects CS\AvianAura\SegmentedData\urban\song\MagpieRecord_1008335_seg001.wav,C:\Users\Brian Leap\Documents\Brian\Projects CS\AvianAura\Spectrograms\urban\song\MagpieRecord_1008335_seg001.npy
XENO,urban,song,C:\Users\Brian Leap\Documents\Brian\Projects CS\AvianAura\SegmentedData\urban\song\MagpieRecord_1008335_seg002.wav,C:\Users\Brian Leap\Documents\Brian\Projects CS\AvianAura\Spectrograms\urban\song\MagpieRecord_1008335_seg002.npy
XENO,urban,song,C:\Users\Brian Leap\Documents\Brian\Projects CS\AvianAura\SegmentedData\urban\song\MagpieRecord_1008335_seg003.wav,C:\Users\Brian Leap\Documents\Brian\Projects CS\AvianAura\Spectrograms\urban\song\MagpieRecord_1008335_seg003.npy
XENO,urban,song,C:\Users\Brian Leap\Documents\Brian\Projects CS\AvianAura\SegmentedData\urban\song\MagpieRecord_1017328_seg001.wav,C:\Users\Brian Leap\Documents\Brian\Projects CS\AvianAura\Spectrograms\urban\song\MagpieRecord_1017328_seg001.npy
XENO,urban,song,C:\Users\Brian Leap\Documents\Brian\Projects CS\AvianAura\SegmentedData\urban\song\MagpieRecord_1017328_seg002.wav,C:\Users\Brian Leap\Documents\Brian\Projects CS\AvianAura\Spectrograms\urban\song\MagpieRecord_1017328_seg002.npy
XENO,urban,song,C:\Users\Brian Leap\Documents\Brian\Projects CS\AvianAura\SegmentedData\urban\song\MagpieRecord_1017328_seg003.wav,C:\Users\Brian Leap\Documents\Brian\Projects CS\AvianAura\Spectrograms\urban\song\MagpieRecord_1017328_seg003.npy
XENO,urban,song,C:\Users\Brian Leap\Documents\Brian\Projects CS\AvianAura\SegmentedData\urban\song\MagpieRecord_1017328_seg004.wav,C:\Users\Brian Leap\Documents\Brian\Projects CS\AvianAura\Spectrograms\urban\song\MagpieRecord_1017328_seg004.npy
XENO,urban,song,C:\Users\Brian Leap\Documents\Brian\Projects CS\AvianAura\SegmentedData\urban\song\MagpieRecord_1017328_seg005.wav,C:\Users\Brian Leap\Documents\Brian\Projects CS\AvianAura\Spectrograms\urban\song\MagpieRecord_1017328_seg005.npy
XENO,urban,song,C:\Users\Brian Leap\Documents\Brian\Projects CS\AvianAura\SegmentedData\urban\song\MagpieRecord_1017328_seg006.wav,C:\Users\Brian Leap\Documents\Brian\Projects CS\AvianAura\Spectrograms\urban\song\MagpieRecord_1017328_seg006.npy
XENO,urban,song,C:\Users\Brian Leap\Documents\Brian\Projects CS\AvianAura\SegmentedData\urban\song\MagpieRecord_1017328_seg007.wav,C:\Users\Brian Leap\Documents\Brian\Projects CS\AvianAura\Spectrograms\urban\song\MagpieRecord_1017328_seg007.npy
XENO,urban,song,C:\Users\Brian Leap\Documents\Brian\Projects CS\AvianAura\SegmentedData\urban\song\MagpieRecord_1017328_seg008.wav,C:\Users\Brian Leap\Documents\Brian\Projects CS\AvianAura\Spectrograms\urban\song\MagpieRecord_1017328_seg008.npy
XENO,urban,song,C:\Users\Brian Leap\Documents\Brian\Projects CS\AvianAura\SegmentedData\urban\song\MagpieRecord_1017328_seg009.wav,C:\Users\Brian Leap\Documents\Brian\Projects CS\AvianAura\Spectrograms\urban\song\MagpieRecord_1017328_seg009.npy
XENO,urban,song,C:\Users\Brian Leap\Documents\Brian\Projects CS\AvianAura\SegmentedData\urban\song\MagpieRecord_1041375_seg001.wav,C:\Users\Brian Leap\Documents\Brian\Projects CS\AvianAura\Spectrograms\urban\song\MagpieRecord_1041375_seg001.npy
XENO,urban,song,C:\Users\Brian Leap\Documents\Brian\Projects CS\AvianAura\SegmentedData\urban\song\MagpieRecord_1041375_seg002.wav,C:\Users\Brian Leap\Documents\Brian\Projects CS\AvianAura\Spectrograms\urban\song\MagpieRecord_1041375_seg002.npy
XENO,urban,song,C:\Users\Brian Leap\Documents\Brian\Projects CS\AvianAura\SegmentedData\urban\song\MagpieRecord_1041375_seg003.wav,C:\Users\Brian Leap\Documents\Brian\Projects CS\AvianAura\Spectrograms\urban\song\MagpieRecord_1041375_seg003.npy
XENO,urban,song,C:\Users\Brian Leap\Documents\Brian\Projects CS\AvianAura\SegmentedData\urban\song\MagpieRecord_1041382_seg001.wav,C:\Users\Brian Leap\Documents\Brian\Projects CS\AvianAura\Spectrograms\urban\song\MagpieRecord_1041382_seg001.npy
XENO,urban,song,C:\Users\Brian Leap\Documents\Brian\Projects CS\AvianAura\SegmentedData\urban\song\MagpieRecord_1045893_seg001.wav,C:\Users\Brian Leap\Documents\Brian\Projects CS\AvianAura\Spectrograms\urban\song\MagpieRecord_1045893_seg001.npy
XENO,urban,song,C:\Users\Brian Leap\Documents\Brian\Projects CS\AvianAura\SegmentedData\urban\song\MagpieRecord_1045893_seg002.wav,C:\Users\Brian Leap\Documents\Brian\Projects CS\AvianAura\Spectrograms\urban\song\MagpieRecord_1045893_seg002.npy
XENO,urban,song,C:\Users\Brian Leap\Documents\Brian\Projects CS\AvianAura\SegmentedData\urban\song\MagpieRecord_1045893_seg003.wav,C:\Users\Brian Leap\Documents\Brian\Projects CS\AvianAura\Spectrograms\urban\song\MagpieRecord_1045893_seg003.npy
XENO,urban,song,C:\Users\Brian Leap\Documents\Brian\Projects CS\AvianAura\SegmentedData\urban\song\MagpieRecord_1045893_seg004.wav,C:\Users\Brian Leap\Documents\Brian\Projects CS\AvianAura\Spectrograms\urban\song\MagpieRecord_1045893_seg004.npy
XENO,urban,song,C:\Users\Brian Leap\Documents\Brian\Projects CS\AvianAura\SegmentedData\urban\song\MagpieRecord_1045893_seg005.wav,C:\Users\Brian Leap\Documents\Brian\Projects CS\AvianAura\Spectrograms\urban\song\MagpieRecord_1045893_seg005.npy
XENO,urban,song,C:\Users\Brian Leap\Documents\Brian\Projects CS\AvianAura\SegmentedData\urban\song\MagpieRecord_1045893_seg006.wav,C:\Users\Brian Leap\Documents\Brian\Projects CS\AvianAura\Spectrograms\urban\song\MagpieRecord_1045893_seg006.npy
XENO,urban,song,C:\Users\Brian Leap\Documents\Brian\Projects CS\AvianAura\SegmentedData\urban\song\MagpieRecord_1045893_seg007.wav,C:\Users\Brian Leap\Documents\Brian\Projects CS\AvianAura\Spectrograms\urban\song\MagpieRecord_1045893_seg007.npy
XENO,urban,song,C:\Users\Brian Leap\Documents\Brian\Projects CS\AvianAura\SegmentedData\urban\song\MagpieRecord_1045893_seg008.wav,C:\Users\Brian Leap\Documents\Brian\Projects CS\AvianAura\Spectrograms\urban\song\MagpieRecord_1045893_seg008.npy
XENO,urban,song,C:\Users\Brian Leap\Documents\Brian\Projects CS\AvianAura\SegmentedData\urban\song\MagpieRecord_1045893_seg009.wav,C:\Users\Brian Leap\Documents\Brian\Projects CS\AvianAura\Spectrograms\urban\song\MagpieRecord_1045893_seg009.npy
XENO,urban,song,C:\Users\Brian Leap\Documents\Brian\Projects CS\AvianAura\SegmentedData\urban\song\MagpieRecord_1045893_seg010.wav,C:\Users\Brian Leap\Documents\Brian\Projects CS\AvianAura\Spectrograms\urban\song\MagpieRecord_1045893_seg010.npy
XENO,urban,song,C:\Users\Brian Leap\Documents\Brian\Projects CS\AvianAura\SegmentedData\urban\song\MagpieRecord_105995_seg001.wav,C:\Users\Brian Leap\Documents\Brian\Projects CS\AvianAura\Spectrograms\urban\song\MagpieRecord_105995_seg001.npy
XENO,urban,song,C:\Users\Brian Leap\Documents\Brian\Projects CS\AvianAura\SegmentedData\urban\song\MagpieRecord_1069711_seg001.wav,C:\Users\Brian Leap\Documents\Brian\Projects CS\AvianAura\Spectrograms\urban\song\MagpieRecord_1069711_seg001.npy
XENO,urban,song,C:\Users\Brian Leap\Documents\Brian\Projects CS\AvianAura\SegmentedData\urban\song\MagpieRecord_1069711_seg002.wav,C:\Users\Brian Leap\Documents\Brian\Projects CS\AvianAura\Spectrograms\urban\song\MagpieRecord_1069711_seg002.npy
XENO,urban,song,C:\Users\Brian Leap\Documents\Brian\Projects CS\AvianAura\SegmentedData\urban\song\MagpieRecord_1069711_seg003.wav,C:\Users\Brian Leap\Documents\Brian\Projects CS\AvianAura\Spectrograms\urban\song\MagpieRecord_1069711_seg003.npy
XENO,urban,song,C:\Users\Brian Leap\Documents\Brian\Projects CS\AvianAura\SegmentedData\urban\song\MagpieRecord_1069711_seg004.wav,C:\Users\Brian Leap\Documents\Brian\Projects CS\AvianAura\Spectrograms\urban\song\MagpieRecord_1069711_seg004.npy
XENO,urban,song,C:\Users\Brian Leap\Documents\Brian\Projects CS\AvianAura\SegmentedData\urban\song\MagpieRecord_1073083_seg001.wav,C:\Users\Brian Leap\Documents\Brian\Projects CS\AvianAura\Spectrograms\urban\song\MagpieRecord_1073083_seg001.npy
XENO,urban,song,C:\Users\Brian Leap\Documents\Brian\Projects CS\AvianAura\SegmentedData\urban\song\MagpieRecord_1073083_seg002.wav,C:\Users\Brian Leap\Documents\Brian\Projects CS\AvianAura\Spectrograms\urban\song\MagpieRecord_1073083_seg002.npy
XENO,urban,song,C:\Users\Brian Leap\Documents\Brian\Projects CS\AvianAura\SegmentedData\urban\song\MagpieRecord_1138305_seg001.wav,C:\Users\Brian Leap\Documents\Brian\Projects CS\AvianAura\Spectrograms\urban\song\MagpieRecord_1138305_seg001.npy
XENO,urban,song,C:\Users\Brian Leap\Documents\Brian\Projects CS\AvianAura\SegmentedData\urban\song\MagpieRecord_1138305_seg002.wav,C:\Users\Brian Leap\Documents\Brian\Projects CS\AvianAura\Spectrograms\urban\song\MagpieRecord_1138305_seg002.npy
XENO,urban,song,C:\Users\Brian Leap\Documents\Brian\Projects CS\AvianAura\SegmentedData\urban\song\MagpieRecord_1138305_seg003.wav,C:\Users\Brian Leap\Documents\Brian\Projects CS\AvianAura\Spectrograms\urban\song\MagpieRecord_1138305_seg003.npy
XENO,urban,song,C:\Users\Brian Leap\Documents\Brian\Projects CS\AvianAura\SegmentedData\urban\song\MagpieRecord_1138305_seg004.wav,C:\Users\Brian Leap\Documents\Brian\Projects CS\AvianAura\Spectrograms\urban\song\MagpieRecord_1138305_seg004.npy
XENO,urban,song,C:\Users\Brian Leap\Documents\Brian\Projects CS\AvianAura\SegmentedData\urban\song\MagpieRecord_1138305_seg005.wav,C:\Users\Brian Leap\Documents\Brian\Projects CS\AvianAura\Spectrograms\urban\song\MagpieRecord_1138305_seg005.npy
XENO,urban,song,C:\Users\Brian Leap\Documents\Brian\Projects CS\AvianAura\SegmentedData\urban\song\MagpieRecord_1138305_seg006.wav,C:\Users\Brian Leap\Documents\Brian\Projects CS\AvianAura\Spectrograms\urban\song\MagpieRecord_1138305_seg006.npy
XENO,urban,song,C:\Users\Brian Leap\Documents\Brian\Projects CS\AvianAura\SegmentedData\urban\song\MagpieRecord_1138305_seg007.wav,C:\Users\Brian Leap\Documents\Brian\Projects CS\AvianAura\Spectrograms\urban\song\MagpieRecord_1138305_seg007.npy
XENO,urban,song,C:\Users\Brian Leap\Documents\Brian\Projects CS\AvianAura\SegmentedData\urban\song\MagpieRecord_155127_seg001.wav,C:\Users\Brian Leap\Documents\Brian\Projects CS\AvianAura\Spectrograms\urban\song\MagpieRecord_155127_seg001.npy
XENO,urban,song,C:\Users\Brian Leap\Documents\Brian\Projects CS\AvianAura\SegmentedData\urban\song\MagpieRecord_155127_seg002.wav,C:\Users\Brian Leap\Documents\Brian\Projects CS\AvianAura\Spectrograms\urban\song\MagpieRecord_155127_seg002.npy
XENO,urban,song,C:\Users\Brian Leap\Documents\Brian\Projects CS\AvianAura\SegmentedData\urban\song\MagpieRecord_155127_seg003.wav,C:\Users\Brian Leap\Documents\Brian\Projects CS\AvianAura\Spectrograms\urban\song\MagpieRecord_155127_seg003.npy
XENO,urban,song,C:\Users\Brian Leap\Documents\Brian\Projects CS\AvianAura\SegmentedData\urban\song\MagpieRecord_155127_seg004.wav,C:\Users\Brian Leap\Documents\Brian\Projects CS\AvianAura\Spectrograms\urban\song\MagpieRecord_155127_seg004.npy
XENO,urban,song,C:\Users\Brian Leap\Documents\Brian\Projects CS\AvianAura\SegmentedData\urban\song\MagpieRecord_155127_seg005.wav,C:\Users\Brian Leap\Documents\Brian\Projects CS\AvianAura\Spectrograms\urban\song\MagpieRecord_155127_seg005.npy
XENO,urban,song,C:\Users\Brian Leap\Documents\Brian\Projects CS\AvianAura\SegmentedData\urban\song\MagpieRecord_155127_seg006.wav,C:\Users\Brian Leap\Documents\Brian\Projects CS\AvianAura\Spectrograms\urban\song\MagpieRecord_155127_seg006.npy
XENO,urban,song,C:\Users\Brian Leap\Documents\Brian\Projects CS\AvianAura\SegmentedData\urban\song\MagpieRecord_155127_seg007.wav,C:\Users\Brian Leap\Documents\Brian\Projects CS\AvianAura\Spectrograms\urban\song\MagpieRecord_155127_seg007.npy
XENO,urban,song,C:\Users\Brian Leap\Documents\Brian\Projects CS\AvianAura\SegmentedData\urban\song\MagpieRecord_157485_seg001.wav,C:\Users\Brian Leap\Documents\Brian\Projects CS\AvianAura\Spectrograms\urban\song\MagpieRecord_157485_seg001.npy
XENO,urban,song,C:\Users\Brian Leap\Documents\Brian\Projects CS\AvianAura\SegmentedData\urban\song\MagpieRecord_157485_seg002.wav,C:\Users\Brian Leap\Documents\Brian\Projects CS\AvianAura\Spectrograms\urban\song\MagpieRecord_157485_seg002.npy
XENO,urban,song,C:\Users\Brian Leap\Documents\Brian\Projects CS\AvianAura\SegmentedData\urban\song\MagpieRecord_157485_seg003.wav,C:\Users\Brian Leap\Documents\Brian\Projects CS\AvianAura\Spectrograms\urban\song\MagpieRecord_157485_seg003.npy
XENO,urban,song,C:\Users\Brian Leap\Documents\Brian\Projects CS\AvianAura\SegmentedData\urban\song\MagpieRecord_157485_seg004.wav,C:\Users\Brian Leap\Documents\Brian\Projects CS\AvianAura\Spectrograms\urban\song\MagpieRecord_157485_seg004.npy
XENO,urban,song,C:\Users\Brian Leap\Documents\Brian\Projects CS\AvianAura\SegmentedData\urban\song\MagpieRecord_171918_seg001.wav,C:\Users\Brian Leap\Documents\Brian\Projects CS\AvianAura\Spectrograms\urban\song\MagpieRecord_171918_seg001.npy
XENO,urban,song,C:\Users\Brian Leap\Documents\Brian\Projects CS\AvianAura\SegmentedData\urban\song\MagpieRecord_171918_seg002.wav,C:\Users\Brian Leap\Documents\Brian\Projects CS\AvianAura\Spectrograms\urban\song\MagpieRecord_171918_seg002.npy
XENO,urban,song,C:\Users\Brian Leap\Documents\Brian\Projects CS\AvianAura\SegmentedData\urban\song\MagpieRecord_171918_seg003.wav,C:\Users\Brian Leap\Documents\Brian\Projects CS\AvianAura\Spectrograms\urban\song\MagpieRecord_171918_seg003.npy
XENO,urban,song,C:\Users\Brian Leap\Documents\Brian\Projects CS\AvianAura\SegmentedData\urban\song\MagpieRecord_171919_seg001.wav,C:\Users\Brian Leap\Documents\Brian\Projects CS\AvianAura\Spectrograms\urban\song\MagpieRecord_171919_seg001.npy
XENO,urban,song,C:\Users\Brian Leap\Documents\Brian\Projects CS\AvianAura\SegmentedData\urban\song\MagpieRecord_218068_seg001.wav,C:\Users\Brian Leap\Documents\Brian\Projects CS\AvianAura\Spectrograms\urban\song\MagpieRecord_218068_seg001.npy
XENO,urban,song,C:\Users\Brian Leap\Documents\Brian\Projects CS\AvianAura\SegmentedData\urban\song\MagpieRecord_269668_seg001.wav,C:\Users\Brian Leap\Documents\Brian\Projects CS\AvianAura\Spectrograms\urban\song\MagpieRecord_269668_seg001.npy
XENO,urban,song,C:\Users\Brian Leap\Documents\Brian\Projects CS\AvianAura\SegmentedData\urban\song\MagpieRecord_269668_seg002.wav,C:\Users\Brian Leap\Documents\Brian\Projects CS\AvianAura\Spectrograms\urban\song\MagpieRecord_269668_seg002.npy
XENO,urban,song,C:\Users\Brian Leap\Documents\Brian\Projects CS\AvianAura\SegmentedData\urban\song\MagpieRecord_269668_seg003.wav,C:\Users\Brian Leap\Documents\Brian\Projects CS\AvianAura\Spectrograms\urban\song\MagpieRecord_269668_seg003.npy
XENO,urban,song,C:\Users\Brian Leap\Documents\Brian\Projects CS\AvianAura\SegmentedData\urban\song\MagpieRecord_269695_seg001.wav,C:\Users\Brian Leap\Documents\Brian\Projects CS\AvianAura\Spectrograms\urban\song\MagpieRecord_269695_seg001.npy
XENO,urban,song,C:\Users\Brian Leap\Documents\Brian\Projects CS\AvianAura\SegmentedData\urban\song\MagpieRecord_269695_seg002.wav,C:\Users\Brian Leap\Documents\Brian\Projects CS\AvianAura\Spectrograms\urban\song\MagpieRecord_269695_seg002.npy
XENO,urban,song,C:\Users\Brian Leap\Documents\Brian\Projects CS\AvianAura\SegmentedData\urban\song\MagpieRecord_269695_seg003.wav,C:\Users\Brian Leap\Documents\Brian\Projects CS\AvianAura\Spectrograms\urban\song\MagpieRecord_269695_seg003.npy
XENO,urban,song,C:\Users\Brian Leap\Documents\Brian\Projects CS\AvianAura\SegmentedData\urban\song\MagpieRecord_269695_seg004.wav,C:\Users\Brian Leap\Documents\Brian\Projects CS\AvianAura\Spectrograms\urban\song\MagpieRecord_269695_seg004.npy
XENO,urban,song,C:\Users\Brian Leap\Documents\Brian\Projects CS\AvianAura\SegmentedData\urban\song\MagpieRecord_269695_seg005.wav,C:\Users\Brian Leap\Documents\Brian\Projects CS\AvianAura\Spectrograms\urban\song\MagpieRecord_269695_seg005.npy
XENO,urban,song,C:\Users\Brian Leap\Documents\Brian\Projects CS\AvianAura\SegmentedData\urban\song\MagpieRecord_310808_seg001.wav,C:\Users\Brian Leap\Documents\Brian\Projects CS\AvianAura\Spectrograms\urban\song\MagpieRecord_310808_seg001.npy
XENO,urban,song,C:\Users\Brian Leap\Documents\Brian\Projects CS\AvianAura\SegmentedData\urban\song\MagpieRecord_383930_seg001.wav,C:\Users\Brian Leap\Documents\Brian\Projects CS\AvianAura\Spectrograms\urban\song\MagpieRecord_383930_seg001.npy
XENO,urban,song,C:\Users\Brian Leap\Documents\Brian\Projects CS\AvianAura\SegmentedData\urban\song\MagpieRecord_383930_seg002.wav,C:\Users\Brian Leap\Documents\Brian\Projects CS\AvianAura\Spectrograms\urban\song\MagpieRecord_383930_seg002.npy
XENO,urban,song,C:\Users\Brian Leap\Documents\Brian\Projects CS\AvianAura\SegmentedData\urban\song\MagpieRecord_383930_seg003.wav,C:\Users\Brian Leap\Documents\Brian\Projects CS\AvianAura\Spectrograms\urban\song\MagpieRecord_383930_seg003.npy
XENO,urban,song,C:\Users\Brian Leap\Documents\Brian\Projects CS\AvianAura\SegmentedData\urban\song\MagpieRecord_383930_seg004.wav,C:\Users\Brian Leap\Documents\Brian\Projects CS\AvianAura\Spectrograms\urban\song\MagpieRecord_383930_seg004.npy
XENO,urban,song,C:\Users\Brian Leap\Documents\Brian\Projects CS\AvianAura\SegmentedData\urban\song\MagpieRecord_383930_seg005.wav,C:\Users\Brian Leap\Documents\Brian\Projects CS\AvianAura\Spectrograms\urban\song\MagpieRecord_383930_seg005.npy
XENO,urban,song,C:\Users\Brian Leap\Documents\Brian\Projects CS\AvianAura\SegmentedData\urban\song\MagpieRecord_488921_seg001.wav,C:\Users\Brian Leap\Documents\Brian\Projects CS\AvianAura\Spectrograms\urban\song\MagpieRecord_488921_seg001.npy
XENO,urban,song,C:\Users\Brian Leap\Documents\Brian\Projects CS\AvianAura\SegmentedData\urban\song\MagpieRecord_488921_seg002.wav,C:\Users\Brian Leap\Documents\Brian\Projects CS\AvianAura\Spectrograms\urban\song\MagpieRecord_488921_seg002.npy
XENO,urban,song,C:\Users\Brian Leap\Documents\Brian\Projects CS\AvianAura\SegmentedData\urban\song\MagpieRecord_488921_seg003.wav,C:\Users\Brian Leap\Documents\Brian\Projects CS\AvianAura\Spectrograms\urban\song\MagpieRecord_488921_seg003.npy
XENO,urban,song,C:\Users\Brian Leap\Documents\Brian\Projects CS\AvianAura\SegmentedData\urban\song\MagpieRecord_488921_seg004.wav,C:\Users\Brian Leap\Documents\Brian\Projects CS\AvianAura\Spectrograms\urban\song\MagpieRecord_488921_seg004.npy
XENO,urban,song,C:\Users\Brian Leap\Documents\Brian\Projects CS\AvianAura\SegmentedData\urban\song\MagpieRecord_488921_seg005.wav,C:\Users\Brian Leap\Documents\Brian\Projects CS\AvianAura\Spectrograms\urban\song\MagpieRecord_488921_seg005.npy
XENO,urban,song,C:\Users\Brian Leap\Documents\Brian\Projects CS\AvianAura\SegmentedData\urban\song\MagpieRecord_488921_seg006.wav,C:\Users\Brian Leap\Documents\Brian\Projects CS\AvianAura\Spectrograms\urban\song\MagpieRecord_488921_seg006.npy
XENO,urban,song,C:\Users\Brian Leap\Documents\Brian\Projects CS\AvianAura\SegmentedData\urban\song\MagpieRecord_488921_seg007.wav,C:\Users\Brian Leap\Documents\Brian\Projects CS\AvianAura\Spectrograms\urban\song\MagpieRecord_488921_seg007.npy
XENO,urban,song,C:\Users\Brian Leap\Documents\Brian\Projects CS\AvianAura\SegmentedData\urban\song\MagpieRecord_488921_seg008.wav,C:\Users\Brian Leap\Documents\Brian\Projects CS\AvianAura\Spectrograms\urban\song\MagpieRecord_488921_seg008.npy
XENO,urban,song,C:\Users\Brian Leap\Documents\Brian\Projects CS\AvianAura\SegmentedData\urban\song\MagpieRecord_488921_seg009.wav,C:\Users\Brian Leap\Documents\Brian\Projects CS\AvianAura\Spectrograms\urban\song\MagpieRecord_488921_seg009.npy
XENO,urban,song,C:\Users\Brian Leap\Documents\Brian\Projects CS\AvianAura\SegmentedData\urban\song\MagpieRecord_488921_seg010.wav,C:\Users\Brian Leap\Documents\Brian\Projects CS\AvianAura\Spectrograms\urban\song\MagpieRecord_488921_seg010.npy
XENO,urban,song,C:\Users\Brian Leap\Documents\Brian\Projects CS\AvianAura\SegmentedData\urban\song\MagpieRecord_488921_seg011.wav,C:\Users\Brian Leap\Documents\Brian\Projects CS\AvianAura\Spectrograms\urban\song\MagpieRecord_488921_seg011.npy
XENO,urban,song,C:\Users\Brian Leap\Documents\Brian\Projects CS\AvianAura\SegmentedData\urban\song\MagpieRecord_488921_seg012.wav,C:\Users\Brian Leap\Documents\Brian\Projects CS\AvianAura\Spectrograms\urban\song\MagpieRecord_488921_seg012.npy
XENO,urban,song,C:\Users\Brian Leap\Documents\Brian\Projects CS\AvianAura\SegmentedData\urban\song\MagpieRecord_488921_seg013.wav,C:\Users\Brian Leap\Documents\Brian\Projects CS\AvianAura\Spectrograms\urban\song\MagpieRecord_488921_seg013.npy
XENO,urban,song,C:\Users\Brian Leap\Documents\Brian\Projects CS\AvianAura\SegmentedData\urban\song\MagpieRecord_488921_seg014.wav,C:\Users\Brian Leap\Documents\Brian\Projects CS\AvianAura\Spectrograms\urban\song\MagpieRecord_488921_seg014.npy
XENO,urban,song,C:\Users\Brian Leap\Documents\Brian\Projects CS\AvianAura\SegmentedData\urban\song\MagpieRecord_488921_seg015.wav,C:\Users\Brian Leap\Documents\Brian\Projects CS\AvianAura\Spectrograms\urban\song\MagpieRecord_488921_seg015.npy
XENO,urban,song,C:\Users\Brian Leap\Documents\Brian\Projects CS\AvianAura\SegmentedData\urban\song\MagpieRecord_488921_seg016.wav,C:\Users\Brian Leap\Documents\Brian\Projects CS\AvianAura\Spectrograms\urban\song\MagpieRecord_488921_seg016.npy
XENO,urban,song,C:\Users\Brian Leap\Documents\Brian\Projects CS\AvianAura\SegmentedData\urban\song\MagpieRecord_488921_seg017.wav,C:\Users\Brian Leap\Documents\Brian\Projects CS\AvianAura\Spectrograms\urban\song\MagpieRecord_488921_seg017.npy
XENO,urban,song,C:\Users\Brian Leap\Documents\Brian\Projects CS\AvianAura\SegmentedData\urban\song\MagpieRecord_488921_seg018.wav,C:\Users\Brian Leap\Documents\Brian\Projects CS\AvianAura\Spectrograms\urban\song\MagpieRecord_488921_seg018.npy
XENO,urban,song,C:\Users\Brian Leap\Documents\Brian\Projects CS\AvianAura\SegmentedData\urban\song\MagpieRecord_488921_seg019.wav,C:\Users\Brian Leap\Documents\Brian\Projects CS\AvianAura\Spectrograms\urban\song\MagpieRecord_488921_seg019.npy
XENO,urban,song,C:\Users\Brian Leap\Documents\Brian\Projects CS\AvianAura\SegmentedData\urban\song\MagpieRecord_488921_seg020.wav,C:\Users\Brian Leap\Documents\Brian\Projects CS\AvianAura\Spectrograms\urban\song\MagpieRecord_488921_seg020.npy
XENO,urban,song,C:\Users\Brian Leap\Documents\Brian\Projects CS\AvianAura\SegmentedData\urban\song\MagpieRecord_488921_seg021.wav,C:\Users\Brian Leap\Documents\Brian\Projects CS\AvianAura\Spectrograms\urban\song\MagpieRecord_488921_seg021.npy
XENO,urban,song,C:\Users\Brian Leap\Documents\Brian\Projects CS\AvianAura\SegmentedData\urban\song\MagpieRecord_488921_seg022.wav,C:\Users\Brian Leap\Documents\Brian\Projects CS\AvianAura\Spectrograms\urban\song\MagpieRecord_488921_seg022.npy
XENO,urban,song,C:\Users\Brian Leap\Documents\Brian\Projects CS\AvianAura\SegmentedData\urban\song\MagpieRecord_488921_seg023.wav,C:\Users\Brian Leap\Documents\Brian\Projects CS\AvianAura\Spectrograms\urban\song\MagpieRecord_488921_seg023.npy
XENO,urban,song,C:\Users\Brian Leap\Documents\Brian\Projects CS\AvianAura\SegmentedData\urban\song\MagpieRecord_488921_seg024.wav,C:\Users\Brian Leap\Documents\Brian\Projects CS\AvianAura\Spectrograms\urban\song\MagpieRecord_488921_seg024.npy
XENO,urban,song,C:\Users\Brian Leap\Documents\Brian\Projects CS\AvianAura\SegmentedData\urban\song\MagpieRecord_488921_seg025.wav,C:\Users\Brian Leap\Documents\Brian\Projects CS\AvianAura\Spectrograms\urban\song\MagpieRecord_488921_seg025.npy
XENO,urban,song,C:\Users\Brian Leap\Documents\Brian\Projects CS\AvianAura\SegmentedData\urban\song\MagpieRecord_488921_seg026.wav,C:\Users\Brian Leap\Documents\Brian\Projects CS\AvianAura\Spectrograms\urban\song\MagpieRecord_488921_seg026.npy
XENO,urban,song,C:\Users\Brian Leap\Documents\Brian\Projects CS\AvianAura\SegmentedData\urban\song\MagpieRecord_488921_seg027.wav,C:\Users\Brian Leap\Documents\Brian\Projects CS\AvianAura\Spectrograms\urban\song\MagpieRecord_488921_seg027.npy
XENO,urban,song,C:\Users\Brian Leap\Documents\Brian\Projects CS\AvianAura\SegmentedData\urban\song\MagpieRecord_488921_seg028.wav,C:\Users\Brian Leap\Documents\Brian\Projects CS\AvianAura\Spectrograms\urban\song\MagpieRecord_488921_seg028.npy
XENO,urban,song,C:\Users\Brian Leap\Documents\Brian\Projects CS\AvianAura\SegmentedData\urban\song\MagpieRecord_488921_seg029.wav,C:\Users\Brian Leap\Documents\Brian\Projects CS\AvianAura\Spectrograms\urban\song\MagpieRecord_488921_seg029.npy
XENO,urban,song,C:\Users\Brian Leap\Documents\Brian\Projects CS\AvianAura\SegmentedData\urban\song\MagpieRecord_488921_seg030.wav,C:\Users\Brian Leap\Documents\Brian\Projects CS\AvianAura\Spectrograms\urban\song\MagpieRecord_488921_seg030.npy
XENO,urban,song,C:\Users\Brian Leap\Documents\Brian\Projects CS\AvianAura\SegmentedData\urban\song\MagpieRecord_488921_seg031.wav,C:\Users\Brian Leap\Documents\Brian\Projects CS\AvianAura\Spectrograms\urban\song\MagpieRecord_488921_seg031.npy
XENO,urban,song,C:\Users\Brian Leap\Documents\Brian\Projects CS\AvianAura\SegmentedData\urban\song\MagpieRecord_488921_seg032.wav,C:\Users\Brian Leap\Documents\Brian\Projects CS\AvianAura\Spectrograms\urban\song\MagpieRecord_488921_seg032.npy
XENO,urban,song,C:\Users\Brian Leap\Documents\Brian\Projects CS\AvianAura\SegmentedData\urban\song\MagpieRecord_488921_seg033.wav,C:\Users\Brian Leap\Documents\Brian\Projects CS\AvianAura\Spectrograms\urban\song\MagpieRecord_488921_seg033.npy
XENO,urban,song,C:\Users\Brian Leap\Documents\Brian\Projects CS\AvianAura\SegmentedData\urban\song\MagpieRecord_488921_seg034.wav,C:\Users\Brian Leap\Documents\Brian\Projects CS\AvianAura\Spectrograms\urban\song\MagpieRecord_488921_seg034.npy
XENO,urban,song,C:\Users\Brian Leap\Documents\Brian\Projects CS\AvianAura\SegmentedData\urban\song\MagpieRecord_488921_seg035.wav,C:\Users\Brian Leap\Documents\Brian\Projects CS\AvianAura\Spectrograms\urban\song\MagpieRecord_488921_seg035.npy
XENO,urban,song,C:\Users\Brian Leap\Documents\Brian\Projects CS\AvianAura\SegmentedData\urban\song\MagpieRecord_488921_seg036.wav,C:\Users\Brian Leap\Documents\Brian\Projects CS\AvianAura\Spectrograms\urban\song\MagpieRecord_488921_seg036.npy
XENO,urban,song,C:\Users\Brian Leap\Documents\Brian\Projects CS\AvianAura\SegmentedData\urban\song\MagpieRecord_488921_seg037.wav,C:\Users\Brian Leap\Documents\Brian\Projects CS\AvianAura\Spectrograms\urban\song\MagpieRecord_488921_seg037.npy
XENO,urban,song,C:\Users\Brian Leap\Documents\Brian\Projects CS\AvianAura\SegmentedData\urban\song\MagpieRecord_496301_seg001.wav,C:\Users\Brian Leap\Documents\Brian\Projects CS\AvianAura\Spectrograms\urban\song\MagpieRecord_496301_seg001.npy
XENO,urban,song,C:\Users\Brian Leap\Documents\Brian\Projects CS\AvianAura\SegmentedData\urban\song\MagpieRecord_496301_seg002.wav,C:\Users\Brian Leap\Documents\Brian\Projects CS\AvianAura\Spectrograms\urban\song\MagpieRecord_496301_seg002.npy
XENO,urban,song,C:\Users\Brian Leap\Documents\Brian\Projects CS\AvianAura\SegmentedData\urban\song\MagpieRecord_496301_seg003.wav,C:\Users\Brian Leap\Documents\Brian\Projects CS\AvianAura\Spectrograms\urban\song\MagpieRecord_496301_seg003.npy
XENO,urban,song,C:\Users\Brian Leap\Documents\Brian\Projects CS\AvianAura\SegmentedData\urban\song\MagpieRecord_562781_seg001.wav,C:\Users\Brian Leap\Documents\Brian\Projects CS\AvianAura\Spectrograms\urban\song\MagpieRecord_562781_seg001.npy
XENO,urban,song,C:\Users\Brian Leap\Documents\Brian\Projects CS\AvianAura\SegmentedData\urban\song\MagpieRecord_562781_seg002.wav,C:\Users\Brian Leap\Documents\Brian\Projects CS\AvianAura\Spectrograms\urban\song\MagpieRecord_562781_seg002.npy
XENO,urban,song,C:\Users\Brian Leap\Documents\Brian\Projects CS\AvianAura\SegmentedData\urban\song\MagpieRecord_562781_seg003.wav,C:\Users\Brian Leap\Documents\Brian\Projects CS\AvianAura\Spectrograms\urban\song\MagpieRecord_562781_seg003.npy
XENO,urban,song,C:\Users\Brian Leap\Documents\Brian\Projects CS\AvianAura\SegmentedData\urban\song\MagpieRecord_562781_seg004.wav,C:\Users\Brian Leap\Documents\Brian\Projects CS\AvianAura\Spectrograms\urban\song\MagpieRecord_562781_seg004.npy
XENO,urban,song,C:\Users\Brian Leap\Documents\Brian\Projects CS\AvianAura\SegmentedData\urban\song\MagpieRecord_562781_seg005.wav,C:\Users\Brian Leap\Documents\Brian\Projects CS\AvianAura\Spectrograms\urban\song\MagpieRecord_562781_seg005.npy
XENO,urban,song,C:\Users\Brian Leap\Documents\Brian\Projects CS\AvianAura\SegmentedData\urban\song\MagpieRecord_570404_seg001.wav,C:\Users\Brian Leap\Documents\Brian\Projects CS\AvianAura\Spectrograms\urban\song\MagpieRecord_570404_seg001.npy
XENO,urban,song,C:\Users\Brian Leap\Documents\Brian\Projects CS\AvianAura\SegmentedData\urban\song\MagpieRecord_570697_seg001.wav,C:\Users\Brian Leap\Documents\Brian\Projects CS\AvianAura\Spectrograms\urban\song\MagpieRecord_570697_seg001.npy
XENO,urban,song,C:\Users\Brian Leap\Documents\Brian\Projects CS\AvianAura\SegmentedData\urban\song\MagpieRecord_603194_seg001.wav,C:\Users\Brian Leap\Documents\Brian\Projects CS\AvianAura\Spectrograms\urban\song\MagpieRecord_603194_seg001.npy
XENO,urban,song,C:\Users\Brian Leap\Documents\Brian\Projects CS\AvianAura\SegmentedData\urban\song\MagpieRecord_603194_seg002.wav,C:\Users\Brian Leap\Documents\Brian\Projects CS\AvianAura\Spectrograms\urban\song\MagpieRecord_603194_seg002.npy
XENO,urban,song,C:\Users\Brian Leap\Documents\Brian\Projects CS\AvianAura\SegmentedData\urban\song\MagpieRecord_603194_seg003.wav,C:\Users\Brian Leap\Documents\Brian\Projects CS\AvianAura\Spectrograms\urban\song\MagpieRecord_603194_seg003.npy
XENO,urban,song,C:\Users\Brian Leap\Documents\Brian\Projects CS\AvianAura\SegmentedData\urban\song\MagpieRecord_603194_seg004.wav,C:\Users\Brian Leap\Documents\Brian\Projects CS\AvianAura\Spectrograms\urban\song\MagpieRecord_603194_seg004.npy
XENO,urban,song,C:\Users\Brian Leap\Documents\Brian\Projects CS\AvianAura\SegmentedData\urban\song\MagpieRecord_603194_seg005.wav,C:\Users\Brian Leap\Documents\Brian\Projects CS\AvianAura\Spectrograms\urban\song\MagpieRecord_603194_seg005.npy
XENO,urban,song,C:\Users\Brian Leap\Documents\Brian\Projects CS\AvianAura\SegmentedData\urban\song\MagpieRecord_603194_seg006.wav,C:\Users\Brian Leap\Documents\Brian\Projects CS\AvianAura\Spectrograms\urban\song\MagpieRecord_603194_seg006.npy
XENO,urban,song,C:\Users\Brian Leap\Documents\Brian\Projects CS\AvianAura\SegmentedData\urban\song\MagpieRecord_603298_seg001.wav,C:\Users\Brian Leap\Documents\Brian\Projects CS\AvianAura\Spectrograms\urban\song\MagpieRecord_603298_seg001.npy
XENO,urban,song,C:\Users\Brian Leap\Documents\Brian\Projects CS\AvianAura\SegmentedData\urban\song\MagpieRecord_603298_seg002.wav,C:\Users\Brian Leap\Documents\Brian\Projects CS\AvianAura\Spectrograms\urban\song\MagpieRecord_603298_seg002.npy
XENO,urban,song,C:\Users\Brian Leap\Documents\Brian\Projects CS\AvianAura\SegmentedData\urban\song\MagpieRecord_603298_seg003.wav,C:\Users\Brian Leap\Documents\Brian\Projects CS\AvianAura\Spectrograms\urban\song\MagpieRecord_603298_seg003.npy
XENO,urban,song,C:\Users\Brian Leap\Documents\Brian\Projects CS\AvianAura\SegmentedData\urban\song\MagpieRecord_603298_seg004.wav,C:\Users\Brian Leap\Documents\Brian\Projects CS\AvianAura\Spectrograms\urban\song\MagpieRecord_603298_seg004.npy
XENO,urban,song,C:\Users\Brian Leap\Documents\Brian\Projects CS\AvianAura\SegmentedData\urban\song\MagpieRecord_603298_seg005.wav,C:\Users\Brian Leap\Documents\Brian\Projects CS\AvianAura\Spectrograms\urban\song\MagpieRecord_603298_seg005.npy
XENO,urban,song,C:\Users\Brian Leap\Documents\Brian\Projects CS\AvianAura\SegmentedData\urban\song\MagpieRecord_603298_seg006.wav,C:\Users\Brian Leap\Documents\Brian\Projects CS\AvianAura\Spectrograms\urban\song\MagpieRecord_603298_seg006.npy
XENO,urban,song,C:\Users\Brian Leap\Documents\Brian\Projects CS\AvianAura\SegmentedData\urban\song\MagpieRecord_603298_seg007.wav,C:\Users\Brian Leap\Documents\Brian\Projects CS\AvianAura\Spectrograms\urban\song\MagpieRecord_603298_seg007.npy
XENO,urban,song,C:\Users\Brian Leap\Documents\Brian\Projects CS\AvianAura\SegmentedData\urban\song\MagpieRecord_603298_seg008.wav,C:\Users\Brian Leap\Documents\Brian\Projects CS\AvianAura\Spectrograms\urban\song\MagpieRecord_603298_seg008.npy
XENO,urban,song,C:\Users\Brian Leap\Documents\Brian\Projects CS\AvianAura\SegmentedData\urban\song\MagpieRecord_603298_seg009.wav,C:\Users\Brian Leap\Documents\Brian\Projects CS\AvianAura\Spectrograms\urban\song\MagpieRecord_603298_seg009.npy
XENO,urban,song,C:\Users\Brian Leap\Documents\Brian\Projects CS\AvianAura\SegmentedData\urban\song\MagpieRecord_603298_seg010.wav,C:\Users\Brian Leap\Documents\Brian\Projects CS\AvianAura\Spectrograms\urban\song\MagpieRecord_603298_seg010.npy
XENO,urban,song,C:\Users\Brian Leap\Documents\Brian\Projects CS\AvianAura\SegmentedData\urban\song\MagpieRecord_603298_seg011.wav,C:\Users\Brian Leap\Documents\Brian\Projects CS\AvianAura\Spectrograms\urban\song\MagpieRecord_603298_seg011.npy
XENO,urban,song,C:\Users\Brian Leap\Documents\Brian\Projects CS\AvianAura\SegmentedData\urban\song\MagpieRecord_603298_seg012.wav,C:\Users\Brian Leap\Documents\Brian\Projects CS\AvianAura\Spectrograms\urban\song\MagpieRecord_603298_seg012.npy
XENO,urban,song,C:\Users\Brian Leap\Documents\Brian\Projects CS\AvianAura\SegmentedData\urban\song\MagpieRecord_603298_seg013.wav,C:\Users\Brian Leap\Documents\Brian\Projects CS\AvianAura\Spectrograms\urban\song\MagpieRecord_603298_seg013.npy
XENO,urban,song,C:\Users\Brian Leap\Documents\Brian\Projects CS\AvianAura\SegmentedData\urban\song\MagpieRecord_603298_seg014.wav,C:\Users\Brian Leap\Documents\Brian\Projects CS\AvianAura\Spectrograms\urban\song\MagpieRecord_603298_seg014.npy
XENO,urban,song,C:\Users\Brian Leap\Documents\Brian\Projects CS\AvianAura\SegmentedData\urban\song\MagpieRecord_603298_seg015.wav,C:\Users\Brian Leap\Documents\Brian\Projects CS\AvianAura\Spectrograms\urban\song\MagpieRecord_603298_seg015.npy
XENO,urban,song,C:\Users\Brian Leap\Documents\Brian\Projects CS\AvianAura\SegmentedData\urban\song\MagpieRecord_614416_seg001.wav,C:\Users\Brian Leap\Documents\Brian\Projects CS\AvianAura\Spectrograms\urban\song\MagpieRecord_614416_seg001.npy
XENO,urban,song,C:\Users\Brian Leap\Documents\Brian\Projects CS\AvianAura\SegmentedData\urban\song\MagpieRecord_63369_seg001.wav,C:\Users\Brian Leap\Documents\Brian\Projects CS\AvianAura\Spectrograms\urban\song\MagpieRecord_63369_seg001.npy
XENO,urban,song,C:\Users\Brian Leap\Documents\Brian\Projects CS\AvianAura\SegmentedData\urban\song\MagpieRecord_63369_seg002.wav,C:\Users\Brian Leap\Documents\Brian\Projects CS\AvianAura\Spectrograms\urban\song\MagpieRecord_63369_seg002.npy
XENO,urban,song,C:\Users\Brian Leap\Documents\Brian\Projects CS\AvianAura\SegmentedData\urban\song\MagpieRecord_638372_seg001.wav,C:\Users\Brian Leap\Documents\Brian\Projects CS\AvianAura\Spectrograms\urban\song\MagpieRecord_638372_seg001.npy
XENO,urban,song,C:\Users\Brian Leap\Documents\Brian\Projects CS\AvianAura\SegmentedData\urban\song\MagpieRecord_684055_seg001.wav,C:\Users\Brian Leap\Documents\Brian\Projects CS\AvianAura\Spectrograms\urban\song\MagpieRecord_684055_seg001.npy
XENO,urban,song,C:\Users\Brian Leap\Documents\Brian\Projects CS\AvianAura\SegmentedData\urban\song\MagpieRecord_684055_seg002.wav,C:\Users\Brian Leap\Documents\Brian\Projects CS\AvianAura\Spectrograms\urban\song\MagpieRecord_684055_seg002.npy
XENO,urban,song,C:\Users\Brian Leap\Documents\Brian\Projects CS\AvianAura\SegmentedData\urban\song\MagpieRecord_684055_seg003.wav,C:\Users\Brian Leap\Documents\Brian\Projects CS\AvianAura\Spectrograms\urban\song\MagpieRecord_684055_seg003.npy
XENO,urban,song,C:\Users\Brian Leap\Documents\Brian\Projects CS\AvianAura\SegmentedData\urban\song\MagpieRecord_684055_seg004.wav,C:\Users\Brian Leap\Documents\Brian\Projects CS\AvianAura\Spectrograms\urban\song\MagpieRecord_684055_seg004.npy
XENO,urban,song,C:\Users\Brian Leap\Documents\Brian\Projects CS\AvianAura\SegmentedData\urban\song\MagpieRecord_729284_seg001.wav,C:\Users\Brian Leap\Documents\Brian\Projects CS\AvianAura\Spectrograms\urban\song\MagpieRecord_729284_seg001.npy
XENO,urban,song,C:\Users\Brian Leap\Documents\Brian\Projects CS\AvianAura\SegmentedData\urban\song\MagpieRecord_729285_seg001.wav,C:\Users\Brian Leap\Documents\Brian\Projects CS\AvianAura\Spectrograms\urban\song\MagpieRecord_729285_seg001.npy
XENO,urban,song,C:\Users\Brian Leap\Documents\Brian\Projects CS\AvianAura\SegmentedData\urban\song\MagpieRecord_729285_seg002.wav,C:\Users\Brian Leap\Documents\Brian\Projects CS\AvianAura\Spectrograms\urban\song\MagpieRecord_729285_seg002.npy
XENO,urban,song,C:\Users\Brian Leap\Documents\Brian\Projects CS\AvianAura\SegmentedData\urban\song\MagpieRecord_729285_seg003.wav,C:\Users\Brian Leap\Documents\Brian\Projects CS\AvianAura\Spectrograms\urban\song\MagpieRecord_729285_seg003.npy
XENO,urban,song,C:\Users\Brian Leap\Documents\Brian\Projects CS\AvianAura\SegmentedData\urban\song\MagpieRecord_729285_seg004.wav,C:\Users\Brian Leap\Documents\Brian\Projects CS\AvianAura\Spectrograms\urban\song\MagpieRecord_729285_seg004.npy
XENO,urban,song,C:\Users\Brian Leap\Documents\Brian\Projects CS\AvianAura\SegmentedData\urban\song\MagpieRecord_729285_seg005.wav,C:\Users\Brian Leap\Documents\Brian\Projects CS\AvianAura\Spectrograms\urban\song\MagpieRecord_729285_seg005.npy
XENO,urban,song,C:\Users\Brian Leap\Documents\Brian\Projects CS\AvianAura\SegmentedData\urban\song\MagpieRecord_729285_seg006.wav,C:\Users\Brian Leap\Documents\Brian\Projects CS\AvianAura\Spectrograms\urban\song\MagpieRecord_729285_seg006.npy
XENO,urban,song,C:\Users\Brian Leap\Documents\Brian\Projects CS\AvianAura\SegmentedData\urban\song\MagpieRecord_729286_seg001.wav,C:\Users\Brian Leap\Documents\Brian\Projects CS\AvianAura\Spectrograms\urban\song\MagpieRecord_729286_seg001.npy
XENO,urban,song,C:\Users\Brian Leap\Documents\Brian\Projects CS\AvianAura\SegmentedData\urban\song\MagpieRecord_729286_seg002.wav,C:\Users\Brian Leap\Documents\Brian\Projects CS\AvianAura\Spectrograms\urban\song\MagpieRecord_729286_seg002.npy
XENO,urban,song,C:\Users\Brian Leap\Documents\Brian\Projects CS\AvianAura\SegmentedData\urban\song\MagpieRecord_859891_seg001.wav,C:\Users\Brian Leap\Documents\Brian\Projects CS\AvianAura\Spectrograms\urban\song\MagpieRecord_859891_seg001.npy
XENO,urban,song,C:\Users\Brian Leap\Documents\Brian\Projects CS\AvianAura\SegmentedData\urban\song\MagpieRecord_859891_seg002.wav,C:\Users\Brian Leap\Documents\Brian\Projects CS\AvianAura\Spectrograms\urban\song\MagpieRecord_859891_seg002.npy
XENO,urban,song,C:\Users\Brian Leap\Documents\Brian\Projects CS\AvianAura\SegmentedData\urban\song\MagpieRecord_859891_seg003.wav,C:\Users\Brian Leap\Documents\Brian\Projects CS\AvianAura\Spectrograms\urban\song\MagpieRecord_859891_seg003.npy
XENO,urban,song,C:\Users\Brian Leap\Documents\Brian\Projects CS\AvianAura\SegmentedData\urban\song\MagpieRecord_881017_seg001.wav,C:\Users\Brian Leap\Documents\Brian\Projects CS\AvianAura\Spectrograms\urban\song\MagpieRecord_881017_seg001.npy
XENO,urban,song,C:\Users\Brian Leap\Documents\Brian\Projects CS\AvianAura\SegmentedData\urban\song\MagpieRecord_913475_seg001.wav,C:\Users\Brian Leap\Documents\Brian\Projects CS\AvianAura\Spectrograms\urban\song\MagpieRecord_913475_seg001.npy
XENO,urban,song,C:\Users\Brian Leap\Documents\Brian\Projects CS\AvianAura\SegmentedData\urban\song\MagpieRecord_96884_seg001.wav,C:\Users\Brian Leap\Documents\Brian\Projects CS\AvianAura\Spectrograms\urban\song\MagpieRecord_96884_seg001.npy
XENO,urban,song,C:\Users\Brian Leap\Documents\Brian\Projects CS\AvianAura\SegmentedData\urban\song\MagpieRecord_96884_seg002.wav,C:\Users\Brian Leap\Documents\Brian\Projects CS\AvianAura\Spectrograms\urban\song\MagpieRecord_96884_seg002.npy
XENO,urban,song,C:\Users\Brian Leap\Documents\Brian\Projects CS\AvianAura\SegmentedData\urban\song\MagpieRecord_96884_seg003.wav,C:\Users\Brian Leap\Documents\Brian\Projects CS\AvianAura\Spectrograms\urban\song\MagpieRecord_96884_seg003.npy
XENO,urban,song,C:\Users\Brian Leap\Documents\Brian\Projects CS\AvianAura\SegmentedData\urban\song\PRIMARY_homing6_seg001.wav,C:\Users\Brian Leap\Documents\Brian\Projects CS\AvianAura\Spectrograms\urban\song\PRIMARY_homing6_seg001.npy
XENO,urban,song,C:\Users\Brian Leap\Documents\Brian\Projects CS\AvianAura\SegmentedData\urban\song\PRIMARY_homing8_seg001.wav,C:\Users\Brian Leap\Documents\Brian\Projects CS\AvianAura\Spectrograms\urban\song\PRIMARY_homing8_seg001.npy
XENO,urban,song,"C:\Users\Brian Leap\Documents\Brian\Projects CS\AvianAura\SegmentedData\urban\song\PRIMARY_mono 18, fixed_seg001.wav","C:\Users\Brian Leap\Documents\Brian\Projects CS\AvianAura\Spectrograms\urban\song\PRIMARY_mono 18, fixed_seg001.npy"
XENO,urban,song,"C:\Users\Brian Leap\Documents\Brian\Projects CS\AvianAura\SegmentedData\urban\song\PRIMARY_mono 19, fixed_seg001.wav","C:\Users\Brian Leap\Documents\Brian\Projects CS\AvianAura\Spectrograms\urban\song\PRIMARY_mono 19, fixed_seg001.npy"
XENO,urban,song,"C:\Users\Brian Leap\Documents\Brian\Projects CS\AvianAura\SegmentedData\urban\song\PRIMARY_mono 20, fixed_seg001.wav","C:\Users\Brian Leap\Documents\Brian\Projects CS\AvianAura\Spectrograms\urban\song\PRIMARY_mono 20, fixed_seg001.npy"
XENO,urban,song,"C:\Users\Brian Leap\Documents\Brian\Projects CS\AvianAura\SegmentedData\urban\song\PRIMARY_mono 22, fixed_seg001.wav","C:\Users\Brian Leap\Documents\Brian\Projects CS\AvianAura\Spectrograms\urban\song\PRIMARY_mono 22, fixed_seg001.npy"
XENO,urban,song,"C:\Users\Brian Leap\Documents\Brian\Projects CS\AvianAura\SegmentedData\urban\song\PRIMARY_mono 22, fixed_seg002.wav","C:\Users\Brian Leap\Documents\Brian\Projects CS\AvianAura\Spectrograms\urban\song\PRIMARY_mono 22, fixed_seg002.npy"
XENO,urban,song,"C:\Users\Brian Leap\Documents\Brian\Projects CS\AvianAura\SegmentedData\urban\song\PRIMARY_mono 22, fixed_seg003.wav","C:\Users\Brian Leap\Documents\Brian\Projects CS\AvianAura\Spectrograms\urban\song\PRIMARY_mono 22, fixed_seg003.npy"
XENO,urban,song,"C:\Users\Brian Leap\Documents\Brian\Projects CS\AvianAura\SegmentedData\urban\song\PRIMARY_mono 23, fixed_seg001.wav","C:\Users\Brian Leap\Documents\Brian\Projects CS\AvianAura\Spectrograms\urban\song\PRIMARY_mono 23, fixed_seg001.npy"
XENO,urban,song,C:\Users\Brian Leap\Documents\Brian\Projects CS\AvianAura\SegmentedData\urban\song\PRIMARY_urban song 1_seg001.wav,C:\Users\Brian Leap\Documents\Brian\Projects CS\AvianAura\Spectrograms\urban\song\PRIMARY_urban song 1_seg001.npy
XENO,urban,song,C:\Users\Brian Leap\Documents\Brian\Projects CS\AvianAura\SegmentedData\urban\song\PRIMARY_yt urban song 1_seg001.wav,C:\Users\Brian Leap\Documents\Brian\Projects CS\AvianAura\Spectrograms\urban\song\PRIMARY_yt urban song 1_seg001.npy
XENO,urban,song,C:\Users\Brian Leap\Documents\Brian\Projects CS\AvianAura\SegmentedData\urban\song\PRIMARY_yt urban song 1_seg002.wav,C:\Users\Brian Leap\Documents\Brian\Projects CS\AvianAura\Spectrograms\urban\song\PRIMARY_yt urban song 1_seg002.npy
