date-time,location,latitude,longitude,averagevolume,maxvolume,coordinates
2020-04-03T08:30:32+00:00,Fairyland,6.0,6.0,66.0,82.0,"6.0, 6.0"
2020-04-03T12:30:30+00:00,Fairyland,6.0,6.0,61.0,70.0,"6.0, 6.0"
2020-04-10T20:14:17+00:00,Fairyland,6.0,6.0,60.0,82.0,"6.0, 6.0"
2020-04-02T00:45:50+00:00,Fairyland,-37.546758,143.823172,61.0,75.0,"-37.546758, 143.823172"
2020-03-26T10:46:57+00:00,Fairyland,-37.546758,143.823172,67.0,82.0,"-37.546758, 143.823172"
2020-03-05T15:05:24+00:00,Fairyland,-37.546758,143.823172,61.0,81.0,"-37.546758, 143.823172"
2020-03-05T00:50:32+00:00,Fairyland,-37.546758,143.823172,61.0,75.0,"-37.546758, 143.823172"
2020-03-04T00:35:41+00:00,Fairyland,-37.546758,143.823172,68.0,88.0,"-37.546758, 143.823172"
2020-02-27T15:21:34+00:00,Fairyland,-37.546758,143.823172,61.0,85.0,"-37.546758, 143.823172"
2020-02-27T13:36:34+00:00,Fairyland,-37.546758,143.823172,60.0,73.0,"-37.546758, 143.823172"
2020-02-25T13:36:55+00:00,Fairyland,-37.546758,143.823172,60.0,74.0,"-37.546758, 143.823172"
2020-02-25T12:36:55+00:00,Fairyland,-37.546758,143.823172,62.0,89.0,"-37.546758, 143.823172"
2020-02-25T12:06:55+00:00,Fairyland,-37.546758,143.823172,63.0,81.0,"-37.546758, 143.823172"
2020-02-23T15:37:15+00:00,Fairyland,-37.546758,143.823172,61.0,70.0,"-37.546758, 143.823172"
2020-02-22T18:22:24+00:00,Fairyland,-37.546758,143.823172,65.0,78.0,"-37.546758, 143.823172"
2020-02-18T18:53:02+00:00,Fairyland,-37.546758,143.823172,64.0,84.0,"-37.546758, 143.823172"
2020-02-18T08:38:06+00:00,Fairyland,-37.546758,143.823172,60.0,65.0,"-37.546758, 143.823172"
2020-02-17T00:23:20+00:00,Fairyland,-37.546758,143.823172,62.0,80.0,"-37.546758, 143.823172"
2020-02-16T08:38:27+00:00,Fairyland,-37.546758,143.823172,66.0,88.0,"-37.546758, 143.823172"
2020-01-31T16:11:05+00:00,Fairyland,-37.546758,143.823172,60.0,71.0,"-37.546758, 143.823172"
2020-01-27T23:11:41+00:00,Fairyland,-37.546758,143.823172,63.0,75.0,"-37.546758, 143.823172"
2020-01-23T18:27:24+00:00,Fairyland,-37.546758,143.823172,62.0,78.0,"-37.546758, 143.823172"
2020-01-23T14:12:26+00:00,Fairyland,-37.546758,143.823172,64.0,90.0,"-37.546758, 143.823172"
2020-01-23T10:27:28+00:00,Fairyland,-37.546758,143.823172,60.0,79.0,"-37.546758, 143.823172"
2020-01-22T15:42:35+00:00,Fairyland,-37.546758,143.823172,62.0,90.0,"-37.546758, 143.823172"
2020-01-22T08:42:38+00:00,Fairyland,-37.546758,143.823172,61.0,69.0,"-37.546758, 143.823172"
2020-01-18T22:58:11+00:00,Fairyland,-37.546758,143.823172,62.0,73.0,"-37.546758, 143.823172"
2020-01-18T15:13:14+00:00,Fairyland,-37.546758,143.823172,60.0,71.0,"-37.546758, 143.823172"
2020-01-17T22:43:22+00:00,Fairyland,-37.546758,143.823172,62.0,85.0,"-37.546758, 143.823172"
2020-01-17T20:58:22+00:00,Fairyland,-37.546758,143.823172,64.0,85.0,"-37.546758, 143.823172"
2020-01-17T20:43:22+00:00,Fairyland,-37.546758,143.823172,64.0,81.0,"-37.546758, 143.823172"
2020-01-13T00:59:11+00:00,Fairyland,-37.546758,143.823172,71.0,86.0,"-37.546758, 143.823172"
2020-01-12T19:29:14+00:00,Fairyland,-37.546758,143.823172,70.0,79.0,"-37.546758, 143.823172"
2020-01-12T15:14:16+00:00,Fairyland,-37.546758,143.823172,61.0,71.0,"-37.546758, 143.823172"
2020-01-10T17:29:32+00:00,Fairyland,-37.546758,143.823172,60.0,68.0,"-37.546758, 143.823172"
2020-01-10T15:29:34+00:00,Fairyland,-37.546758,143.823172,60.0,66.0,"-37.546758, 143.823172"
2020-01-10T13:44:34+00:00,Fairyland,-37.546758,143.823172,62.0,79.0,"-37.546758, 143.823172"
2020-01-09T06:59:47+00:00,Fairyland,-37.546758,143.823172,63.0,81.0,"-37.546758, 143.823172"
2020-01-09T06:44:47+00:00,Fairyland,-37.546758,143.823172,60.0,75.0,"-37.546758, 143.823172"
2020-01-08T11:29:56+00:00,Fairyland,-37.546758,143.823172,61.0,76.0,"-37.546758, 143.823172"
2020-01-08T11:14:56+00:00,Fairyland,-37.546758,143.823172,66.0,81.0,"-37.546758, 143.823172"
2020-01-07T12:45:05+00:00,Fairyland,-37.546758,143.823172,64.0,76.0,"-37.546758, 143.823172"
2020-04-27T21:56:27+00:00,Fairyland,-37.546758,143.823172,60.0,69.0,"-37.546758, 143.823172"
2020-04-27T22:11:27+00:00,Fairyland,-37.546758,143.823172,63.0,68.0,"-37.546758, 143.823172"
2020-04-28T03:11:25+00:00,Fairyland,-37.546758,143.823172,60.0,95.0,"-37.546758, 143.823172"
2020-04-29T02:56:15+00:00,Fairyland,-37.546758,143.823172,60.0,74.0,"-37.546758, 143.823172"
2020-04-30T03:56:05+00:00,Fairyland,-37.546758,143.823172,67.0,74.0,"-37.546758, 143.823172"
2020-04-30T18:55:58+00:00,Fairyland,-37.546758,143.823172,60.0,82.0,"-37.546758, 143.823172"
2020-04-30T19:55:58+00:00,Fairyland,-37.546758,143.823172,60.0,79.0,"-37.546758, 143.823172"
2020-05-01T03:40:55+00:00,Fairyland,-37.546758,143.823172,69.0,86.0,"-37.546758, 143.823172"
2020-05-01T11:10:52+00:00,Fairyland,-37.546758,143.823172,61.0,83.0,"-37.546758, 143.823172"
2020-05-01T13:55:51+00:00,Fairyland,-37.546758,143.823172,60.0,80.0,"-37.546758, 143.823172"
2020-05-01T17:10:50+00:00,Fairyland,-37.546758,143.823172,60.0,77.0,"-37.546758, 143.823172"
2020-05-01T17:55:49+00:00,Fairyland,-37.546758,143.823172,60.0,77.0,"-37.546758, 143.823172"
2020-05-04T04:40:26+00:00,Fairyland,-37.546758,143.823172,67.0,93.0,"-37.546758, 143.823172"
2020-05-06T04:25:06+00:00,Fairyland,-37.546758,143.823172,61.0,76.0,"-37.546758, 143.823172"
2020-05-06T04:55:06+00:00,Fairyland,-37.546758,143.823172,63.0,80.0,"-37.546758, 143.823172"
2020-05-06T21:54:59+00:00,Fairyland,-37.546758,143.823172,62.0,77.0,"-37.546758, 143.823172"
2020-05-06T23:09:59+00:00,Fairyland,-37.546758,143.823172,62.0,85.0,"-37.546758, 143.823172"
2020-05-06T23:24:59+00:00,Fairyland,-37.546758,143.823172,63.0,88.0,"-37.546758, 143.823172"
2020-05-07T00:54:58+00:00,Fairyland,-37.546758,143.823172,62.0,84.0,"-37.546758, 143.823172"
2020-05-07T01:54:57+00:00,Fairyland,-37.546758,143.823172,60.0,79.0,"-37.546758, 143.823172"
2020-05-09T08:09:34+00:00,Fairyland,-37.546758,143.823172,61.0,82.0,"-37.546758, 143.823172"
2020-05-12T23:38:59+00:00,Fairyland,-37.546758,143.823172,65.0,77.0,"-37.546758, 143.823172"
2020-05-12T23:53:59+00:00,Fairyland,-37.546758,143.823172,60.0,75.0,"-37.546758, 143.823172"
2020-05-14T04:23:47+00:00,Fairyland,-37.546758,143.823172,60.0,66.0,"-37.546758, 143.823172"
2020-05-14T23:53:41+00:00,Fairyland,-37.546758,143.823172,61.0,69.0,"-37.546758, 143.823172"
2020-05-19T03:37:59+00:00,Fairyland,-37.546758,143.823172,61.0,69.0,"-37.546758, 143.823172"
2020-05-25T03:52:02+00:00,Fairyland,-37.546758,143.823172,65.0,78.0,"-37.546758, 143.823172"
2020-07-14T01:43:56+00:00,Fairyland,-37.546758,143.823172,65.0,81.0,"-37.546758, 143.823172"
2020-07-14T02:13:56+00:00,Fairyland,-37.546758,143.823172,65.0,80.0,"-37.546758, 143.823172"
2020-07-14T02:43:55+00:00,Fairyland,-37.546758,143.823172,67.0,82.0,"-37.546758, 143.823172"
2020-07-14T03:13:55+00:00,Fairyland,-37.546758,143.823172,73.0,89.0,"-37.546758, 143.823172"
2020-07-14T13:43:51+00:00,Fairyland,-37.546758,143.823172,70.0,89.0,"-37.546758, 143.823172"
2020-07-14T18:43:49+00:00,Fairyland,-37.546758,143.823172,78.0,91.0,"-37.546758, 143.823172"
2020-07-14T20:58:48+00:00,Fairyland,-37.546758,143.823172,74.0,86.0,"-37.546758, 143.823172"
2020-07-14T22:13:47+00:00,Fairyland,-37.546758,143.823172,69.0,81.0,"-37.546758, 143.823172"
2020-07-14T22:28:47+00:00,Fairyland,-37.546758,143.823172,68.0,79.0,"-37.546758, 143.823172"
2020-06-09T22:34:28+00:00,Fairyland,-37.546758,143.823172,61.0,68.0,"-37.546758, 143.823172"
2020-07-18T01:28:17+00:00,Fairyland,-37.546758,143.823172,60.0,81.0,"-37.546758, 143.823172"
2020-07-19T10:58:04+00:00,Fairyland,-37.546758,143.823172,74.0,95.0,"-37.546758, 143.823172"
2020-07-20T01:27:58+00:00,Fairyland,-37.546758,143.823172,60.0,80.0,"-37.546758, 143.823172"
2020-06-19T01:47:58+00:00,Fairyland,-37.546758,143.823172,64.0,87.0,"-37.546758, 143.823172"
2020-08-27T06:06:49+00:00,Fairyland,-37.546758,143.823172,71.0,91.0,"-37.546758, 143.823172"
2020-08-27T06:21:49+00:00,Fairyland,-37.546758,143.823172,76.0,95.0,"-37.546758, 143.823172"
2020-08-29T00:06:31+00:00,Fairyland,-37.546758,143.823172,60.0,83.0,"-37.546758, 143.823172"
2020-08-29T01:21:30+00:00,Fairyland,-37.546758,143.823172,61.0,75.0,"-37.546758, 143.823172"
2020-08-29T20:21:23+00:00,Fairyland,-37.546758,143.823172,60.0,80.0,"-37.546758, 143.823172"
2020-08-29T20:36:22+00:00,Fairyland,-37.546758,143.823172,60.0,84.0,"-37.546758, 143.823172"
2020-08-29T21:06:22+00:00,Fairyland,-37.546758,143.823172,61.0,88.0,"-37.546758, 143.823172"
2020-08-30T00:51:21+00:00,Fairyland,-37.546758,143.823172,64.0,87.0,"-37.546758, 143.823172"
2020-08-30T10:06:18+00:00,Fairyland,-37.546758,143.823172,63.0,80.0,"-37.546758, 143.823172"
2020-08-18T15:38:11+00:00,Fairyland,-37.546758,143.823172,60.0,80.0,"-37.546758, 143.823172"
2020-08-19T14:08:02+00:00,Fairyland,-37.546758,143.823172,62.0,74.0,"-37.546758, 143.823172"
2020-08-19T17:08:01+00:00,Fairyland,-37.546758,143.823172,62.0,78.0,"-37.546758, 143.823172"
2020-08-20T00:22:58+00:00,Fairyland,-37.546758,143.823172,61.0,75.0,"-37.546758, 143.823172"
2020-06-18T01:33:07+00:00,Fairyland,-37.546758,143.823172,60.0,71.0,"-37.546758, 143.823172"
2020-06-22T05:47:27+00:00,Fairyland,-37.546758,143.823172,60.0,68.0,"-37.546758, 143.823172"
2020-08-22T00:07:39+00:00,Fairyland,-37.546758,143.823172,62.0,84.0,"-37.546758, 143.823172"
2020-08-22T07:22:36+00:00,Fairyland,-37.546758,143.823172,61.0,77.0,"-37.546758, 143.823172"
2020-09-03T19:50:34+00:00,Fairyland,-37.546758,143.823172,61.0,68.0,"-37.546758, 143.823172"
2020-09-07T00:50:02+00:00,Fairyland,-37.546758,143.823172,66.0,99.0,"-37.546758, 143.823172"
2020-09-07T08:19:59+00:00,Fairyland,-37.546758,143.823172,60.0,80.0,"-37.546758, 143.823172"
2020-09-09T06:34:40+00:00,Fairyland,-37.546758,143.823172,61.0,73.0,"-37.546758, 143.823172"
2020-09-17T19:03:16+00:00,Fairyland,-37.546758,143.823172,63.0,78.0,"-37.546758, 143.823172"
2020-09-19T07:03:01+00:00,Fairyland,-37.546758,143.823172,63.0,84.0,"-37.546758, 143.823172"
2020-09-19T15:47:57+00:00,Fairyland,-37.546758,143.823172,61.0,84.0,"-37.546758, 143.823172"
2020-09-01T04:21:00+00:00,Fairyland,-37.546758,143.823172,60.0,75.0,"-37.546758, 143.823172"
2020-09-01T21:35:53+00:00,Fairyland,-37.546758,143.823172,61.0,80.0,"-37.546758, 143.823172"
2020-09-01T22:20:53+00:00,Fairyland,-37.546758,143.823172,62.0,93.0,"-37.546758, 143.823172"
2020-09-02T01:35:51+00:00,Fairyland,-37.546758,143.823172,65.0,101.0,"-37.546758, 143.823172"
2020-09-02T01:50:51+00:00,Fairyland,-37.546758,143.823172,64.0,87.0,"-37.546758, 143.823172"
2020-09-06T23:20:03+00:00,Fairyland,-37.546758,143.823172,64.0,95.0,"-37.546758, 143.823172"
2020-09-08T22:34:43+00:00,Fairyland,-37.546758,143.823172,64.0,88.0,"-37.546758, 143.823172"
2020-09-08T23:19:43+00:00,Fairyland,-37.546758,143.823172,64.0,82.0,"-37.546758, 143.823172"
2020-09-09T01:49:42+00:00,Fairyland,-37.546758,143.823172,62.0,79.0,"-37.546758, 143.823172"
2020-09-09T05:04:41+00:00,Fairyland,-37.546758,143.823172,64.0,82.0,"-37.546758, 143.823172"
2020-09-09T05:49:40+00:00,Fairyland,-37.546758,143.823172,65.0,77.0,"-37.546758, 143.823172"
2020-09-09T17:49:37+00:00,Fairyland,-37.546758,143.823172,77.0,90.0,"-37.546758, 143.823172"
2020-09-23T02:17:23+00:00,Fairyland,-37.546758,143.823172,63.0,80.0,"-37.546758, 143.823172"
2020-10-03T03:00:45+00:00,Fairyland,-37.546758,143.823172,61.0,82.0,"-37.546758, 143.823172"
2020-10-01T22:00:58+00:00,Fairyland,-37.546758,143.823172,61.0,71.0,"-37.546758, 143.823172"
2020-10-01T22:30:58+00:00,Fairyland,-37.546758,143.823172,61.0,79.0,"-37.546758, 143.823172"
2020-07-04T01:15:33+00:00,Fairyland,-37.546758,143.823172,62.0,77.0,"-37.546758, 143.823172"
2020-10-02T01:00:57+00:00,Fairyland,-37.546758,143.823172,61.0,83.0,"-37.546758, 143.823172"
2020-10-07T05:15:04+00:00,Fairyland,-37.546758,143.823172,60.0,70.0,"-37.546758, 143.823172"
2020-10-07T07:30:04+00:00,Fairyland,-37.546758,143.823172,65.0,73.0,"-37.546758, 143.823172"
2020-10-08T11:44:53+00:00,Fairyland,-37.546758,143.823172,62.0,81.0,"-37.546758, 143.823172"
2020-10-08T13:59:52+00:00,Fairyland,-37.546758,143.823172,62.0,76.0,"-37.546758, 143.823172"
2020-10-08T14:44:52+00:00,Fairyland,-37.546758,143.823172,62.0,81.0,"-37.546758, 143.823172"
2020-07-14T12:58:51+00:00,Fairyland,-37.546758,143.823172,72.0,84.0,"-37.546758, 143.823172"
2020-07-15T04:28:45+00:00,Fairyland,-37.546758,143.823172,61.0,74.0,"-37.546758, 143.823172"
2020-10-15T19:43:40+00:00,Fairyland,-37.546758,143.823172,63.0,78.0,"-37.546758, 143.823172"
2020-07-18T00:28:18+00:00,Fairyland,-37.546758,143.823172,60.0,84.0,"-37.546758, 143.823172"
2020-07-19T04:28:06+00:00,Fairyland,-37.546758,143.823172,60.0,72.0,"-37.546758, 143.823172"
2020-07-19T05:13:06+00:00,Fairyland,-37.546758,143.823172,65.0,80.0,"-37.546758, 143.823172"
2020-07-19T09:43:04+00:00,Fairyland,-37.546758,143.823172,62.0,85.0,"-37.546758, 143.823172"
2020-07-19T12:28:03+00:00,Fairyland,-37.546758,143.823172,61.0,81.0,"-37.546758, 143.823172"
2020-07-20T01:12:59+00:00,Fairyland,-37.546758,143.823172,60.0,75.0,"-37.546758, 143.823172"
2020-07-28T01:26:40+00:00,Fairyland,-37.546758,143.823172,62.0,76.0,"-37.546758, 143.823172"
2020-07-28T01:56:40+00:00,Fairyland,-37.546758,143.823172,65.0,79.0,"-37.546758, 143.823172"
2020-07-25T23:57:01+00:00,Fairyland,-37.546758,143.823172,63.0,71.0,"-37.546758, 143.823172"
2020-07-26T01:12:00+00:00,Fairyland,-37.546758,143.823172,61.0,70.0,"-37.546758, 143.823172"
2020-07-26T01:27:00+00:00,Fairyland,-37.546758,143.823172,60.0,70.0,"-37.546758, 143.823172"
2020-08-03T22:10:34+00:00,Fairyland,-37.546758,143.823172,64.0,80.0,"-37.546758, 143.823172"
2020-08-06T17:55:07+00:00,Fairyland,-37.546758,143.823172,69.0,82.0,"-37.546758, 143.823172"
2020-08-06T20:10:06+00:00,Fairyland,-37.546758,143.823172,60.0,71.0,"-37.546758, 143.823172"
2020-08-07T02:10:04+00:00,Fairyland,-37.546758,143.823172,75.0,86.0,"-37.546758, 143.823172"
2020-08-07T05:40:03+00:00,Fairyland,-37.546758,143.823172,68.0,80.0,"-37.546758, 143.823172"
2020-08-08T02:39:54+00:00,Fairyland,-37.546758,143.823172,70.0,84.0,"-37.546758, 143.823172"
2020-08-08T04:24:53+00:00,Fairyland,-37.546758,143.823172,66.0,76.0,"-37.546758, 143.823172"
2020-08-08T07:24:52+00:00,Fairyland,-37.546758,143.823172,62.0,74.0,"-37.546758, 143.823172"
2020-08-08T07:54:52+00:00,Fairyland,-37.546758,143.823172,60.0,70.0,"-37.546758, 143.823172"
2020-08-09T05:09:43+00:00,Fairyland,-37.546758,143.823172,70.0,82.0,"-37.546758, 143.823172"
2020-08-09T16:54:38+00:00,Fairyland,-37.546758,143.823172,64.0,75.0,"-37.546758, 143.823172"
2020-12-16T03:48:28+00:00,Fairyland,-37.546758,143.823172,61.0,72.0,"-37.546758, 143.823172"
2020-12-20T09:47:44+00:00,Fairyland,-37.546758,143.823172,65.0,79.0,"-37.546758, 143.823172"
2020-12-20T11:02:44+00:00,Fairyland,-37.546758,143.823172,66.0,77.0,"-37.546758, 143.823172"
2020-08-04T01:10:33+00:00,Fairyland,-37.546758,143.823172,61.0,80.0,"-37.546758, 143.823172"
2020-08-06T18:40:07+00:00,Fairyland,-37.546758,143.823172,63.0,78.0,"-37.546758, 143.823172"
2020-08-07T04:40:03+00:00,Fairyland,-37.546758,143.823172,76.0,84.0,"-37.546758, 143.823172"
2020-08-07T07:25:02+00:00,Fairyland,-37.546758,143.823172,69.0,81.0,"-37.546758, 143.823172"
2020-08-07T07:55:01+00:00,Fairyland,-37.546758,143.823172,65.0,78.0,"-37.546758, 143.823172"
2020-08-07T13:54:59+00:00,Fairyland,-37.546758,143.823172,81.0,94.0,"-37.546758, 143.823172"
2020-08-07T17:24:58+00:00,Fairyland,-37.546758,143.823172,72.0,83.0,"-37.546758, 143.823172"
2020-08-08T05:09:53+00:00,Fairyland,-37.546758,143.823172,65.0,78.0,"-37.546758, 143.823172"
2020-08-08T10:09:51+00:00,Fairyland,-37.546758,143.823172,68.0,82.0,"-37.546758, 143.823172"
2020-08-08T14:54:49+00:00,Fairyland,-37.546758,143.823172,65.0,81.0,"-37.546758, 143.823172"
2020-08-09T02:39:44+00:00,Fairyland,-37.546758,143.823172,70.0,86.0,"-37.546758, 143.823172"
2020-08-10T00:24:36+00:00,Fairyland,-37.546758,143.823172,63.0,68.0,"-37.546758, 143.823172"
2020-08-10T04:24:34+00:00,Fairyland,-37.546758,143.823172,60.0,68.0,"-37.546758, 143.823172"
2020-08-21T05:22:46+00:00,Fairyland,-37.546758,143.823172,66.0,85.0,"-37.546758, 143.823172"
2020-08-21T06:22:46+00:00,Fairyland,-37.546758,143.823172,66.0,93.0,"-37.546758, 143.823172"
2020-08-22T00:22:38+00:00,Fairyland,-37.546758,143.823172,62.0,74.0,"-37.546758, 143.823172"
2020-08-22T00:37:38+00:00,Fairyland,-37.546758,143.823172,63.0,77.0,"-37.546758, 143.823172"
2020-08-22T01:22:38+00:00,Fairyland,-37.546758,143.823172,61.0,79.0,"-37.546758, 143.823172"
2020-08-22T01:37:38+00:00,Fairyland,-37.546758,143.823172,66.0,89.0,"-37.546758, 143.823172"
2020-08-22T04:07:37+00:00,Fairyland,-37.546758,143.823172,62.0,79.0,"-37.546758, 143.823172"
2020-08-22T06:52:36+00:00,Fairyland,-37.546758,143.823172,62.0,89.0,"-37.546758, 143.823172"
2020-08-22T09:37:35+00:00,Fairyland,-37.546758,143.823172,60.0,80.0,"-37.546758, 143.823172"
2020-08-23T03:07:28+00:00,Fairyland,-37.546758,143.823172,60.0,79.0,"-37.546758, 143.823172"
2020-12-31T05:45:55+00:00,Fairyland,-37.546758,143.823172,60.0,78.0,"-37.546758, 143.823172"
2020-12-31T07:00:55+00:00,Fairyland,-37.546758,143.823172,61.0,78.0,"-37.546758, 143.823172"
2020-12-17T09:18:14+00:00,Fairyland,-37.546758,143.823172,61.0,78.0,"-37.546758, 143.823172"
2020-09-18T23:18:04+00:00,Fairyland,-37.546758,143.823172,60.0,92.0,"-37.546758, 143.823172"
2020-09-19T09:03:00+00:00,Fairyland,-37.546758,143.823172,67.0,85.0,"-37.546758, 143.823172"
2020-09-19T11:32:59+00:00,Fairyland,-37.546758,143.823172,66.0,82.0,"-37.546758, 143.823172"
2020-09-23T04:32:22+00:00,Fairyland,-37.546758,143.823172,61.0,78.0,"-37.546758, 143.823172"
2020-09-21T06:47:40+00:00,Fairyland,-37.546758,143.823172,65.0,89.0,"-37.546758, 143.823172"
2020-10-03T00:30:46+00:00,Fairyland,-37.546758,143.823172,62.0,83.0,"-37.546758, 143.823172"
2020-09-29T03:31:25+00:00,Fairyland,-37.546758,143.823172,60.0,87.0,"-37.546758, 143.823172"
2020-10-06T00:45:17+00:00,Fairyland,-37.546758,143.823172,61.0,79.0,"-37.546758, 143.823172"
2020-09-25T01:32:04+00:00,Fairyland,-37.546758,143.823172,60.0,75.0,"-37.546758, 143.823172"
2020-12-20T10:17:44+00:00,Fairyland,-37.546758,143.823172,64.0,78.0,"-37.546758, 143.823172"
2020-12-30T09:16:05+00:00,Fairyland,-37.546758,143.823172,61.0,74.0,"-37.546758, 143.823172"
2020-09-29T00:01:26+00:00,Fairyland,-37.546758,143.823172,61.0,68.0,"-37.546758, 143.823172"
2020-09-28T09:01:31+00:00,Fairyland,-37.546758,143.823172,61.0,70.0,"-37.546758, 143.823172"
2020-10-07T07:45:03+00:00,Fairyland,-37.546758,143.823172,67.0,77.0,"-37.546758, 143.823172"
2020-10-08T20:44:49+00:00,Fairyland,-37.546758,143.823172,63.0,80.0,"-37.546758, 143.823172"
2020-12-05T10:35:14+00:00,Fairyland,-37.546758,143.823172,61.0,81.0,"-37.546758, 143.823172"
2020-10-12T04:29:16+00:00,Fairyland,-37.546758,143.823172,61.0,76.0,"-37.546758, 143.823172"
2020-12-05T23:35:08+00:00,Fairyland,-37.546758,143.823172,64.0,84.0,"-37.546758, 143.823172"
2020-08-18T02:38:16+00:00,Fairyland,-37.546758,143.823172,60.0,82.0,"-37.546758, 143.823172"
2020-08-18T23:08:08+00:00,Fairyland,-37.546758,143.823172,60.0,74.0,"-37.546758, 143.823172"
2020-08-19T17:23:01+00:00,Fairyland,-37.546758,143.823172,62.0,81.0,"-37.546758, 143.823172"
2020-08-19T23:52:58+00:00,Fairyland,-37.546758,143.823172,61.0,80.0,"-37.546758, 143.823172"
2020-08-20T01:37:57+00:00,Fairyland,-37.546758,143.823172,66.0,86.0,"-37.546758, 143.823172"
2020-09-01T23:05:52+00:00,Fairyland,-37.546758,143.823172,61.0,87.0,"-37.546758, 143.823172"
2020-09-02T01:20:51+00:00,Fairyland,-37.546758,143.823172,64.0,96.0,"-37.546758, 143.823172"
2020-09-02T05:20:50+00:00,Fairyland,-37.546758,143.823172,61.0,78.0,"-37.546758, 143.823172"
2020-09-03T03:20:40+00:00,Fairyland,-37.546758,143.823172,65.0,97.0,"-37.546758, 143.823172"
2020-09-03T05:20:40+00:00,Fairyland,-37.546758,143.823172,62.0,82.0,"-37.546758, 143.823172"
2020-12-07T02:19:59+00:00,Fairyland,-37.546758,143.823172,66.0,90.0,"-37.546758, 143.823172"
2020-12-07T04:04:57+00:00,Fairyland,-37.546758,143.823172,60.0,79.0,"-37.546758, 143.823172"
2020-09-13T05:19:01+00:00,Fairyland,-37.546758,143.823172,60.0,69.0,"-37.546758, 143.823172"
2020-09-13T05:49:01+00:00,Fairyland,-37.546758,143.823172,62.0,78.0,"-37.546758, 143.823172"
2020-11-20T05:37:47+00:00,Fairyland,-37.546758,143.823172,60.0,73.0,"-37.546758, 143.823172"
2020-10-13T13:44:02+00:00,Fairyland,-37.546758,143.823172,63.0,74.0,"-37.546758, 143.823172"
2020-10-13T15:14:02+00:00,Fairyland,-37.546758,143.823172,61.0,74.0,"-37.546758, 143.823172"
2020-10-13T15:44:01+00:00,Fairyland,-37.546758,143.823172,66.0,74.0,"-37.546758, 143.823172"
2020-10-13T18:44:00+00:00,Fairyland,-37.546758,143.823172,64.0,71.0,"-37.546758, 143.823172"
2020-10-15T17:13:41+00:00,Fairyland,-37.546758,143.823172,61.0,76.0,"-37.546758, 143.823172"
2020-10-15T18:13:40+00:00,Fairyland,-37.546758,143.823172,61.0,80.0,"-37.546758, 143.823172"
2020-10-15T20:13:40+00:00,Fairyland,-37.546758,143.823172,68.0,81.0,"-37.546758, 143.823172"
2020-10-15T23:28:38+00:00,Fairyland,-37.546758,143.823172,74.0,83.0,"-37.546758, 143.823172"
2020-11-28T02:51:28+00:00,Fairyland,-37.546758,143.823172,60.0,68.0,"-37.546758, 143.823172"
2020-11-28T04:51:27+00:00,Fairyland,-37.546758,143.823172,65.0,86.0,"-37.546758, 143.823172"
2020-11-29T21:21:09+00:00,Fairyland,-37.546758,143.823172,65.0,76.0,"-37.546758, 143.823172"
2020-11-11T06:24:16+00:00,Fairyland,-37.546758,143.823172,62.0,85.0,"-37.546758, 143.823172"
2020-11-16T03:08:26+00:00,Fairyland,-37.546758,143.823172,61.0,80.0,"-37.546758, 143.823172"
2020-11-22T07:07:25+00:00,Fairyland,-37.546758,143.823172,60.0,73.0,"-37.546758, 143.823172"
2020-11-20T12:22:44+00:00,Fairyland,-37.546758,143.823172,62.0,73.0,"-37.546758, 143.823172"
2020-11-20T20:52:40+00:00,Fairyland,-37.546758,143.823172,60.0,67.0,"-37.546758, 143.823172"
2020-11-29T19:36:09+00:00,Fairyland,-37.546758,143.823172,63.0,75.0,"-37.546758, 143.823172"
2020-11-29T20:36:09+00:00,Fairyland,-37.546758,143.823172,66.0,77.0,"-37.546758, 143.823172"
2020-10-25T09:27:03+00:00,Fairyland,-37.546758,143.823172,61.0,79.0,"-37.546758, 143.823172"
2020-10-26T05:26:57+00:00,Fairyland,-37.546758,143.823172,69.0,87.0,"-37.546758, 143.823172"
2020-10-26T08:56:55+00:00,Fairyland,-37.546758,143.823172,71.0,90.0,"-37.546758, 143.823172"
2021-04-13T03:13:45+00:00,Fairyland,-37.546758,143.823172,61.0,76.0,"-37.546758, 143.823172"
2021-04-14T02:43:35+00:00,Fairyland,-37.546758,143.823172,61.0,77.0,"-37.546758, 143.823172"
2021-04-15T04:28:24+00:00,Fairyland,-37.546758,143.823172,60.0,73.0,"-37.546758, 143.823172"
2021-06-10T02:04:14+00:00,Fairyland,-37.546758,143.823172,60.0,80.0,"-37.546758, 143.823172"
2020-04-30T07:11:03+00:00,Fairyland,-37.546758,143.823172,60.0,72.0,"-37.546758, 143.823172"
2020-04-30T09:11:02+00:00,Fairyland,-37.546758,143.823172,62.0,92.0,"-37.546758, 143.823172"
2020-04-30T14:11:00+00:00,Fairyland,-37.546758,143.823172,63.0,84.0,"-37.546758, 143.823172"
2020-04-30T15:11:00+00:00,Fairyland,-37.546758,143.823172,60.0,80.0,"-37.546758, 143.823172"
2020-05-01T05:55:54+00:00,Fairyland,-37.546758,143.823172,66.0,86.0,"-37.546758, 143.823172"
2020-05-03T23:40:28+00:00,Fairyland,-37.546758,143.823172,81.0,86.0,"-37.546758, 143.823172"
2020-05-04T00:55:27+00:00,Fairyland,-37.546758,143.823172,74.0,82.0,"-37.546758, 143.823172"
2020-05-04T01:25:27+00:00,Fairyland,-37.546758,143.823172,70.0,77.0,"-37.546758, 143.823172"
2020-05-04T01:55:27+00:00,Fairyland,-37.546758,143.823172,72.0,79.0,"-37.546758, 143.823172"
2020-05-06T22:09:59+00:00,Fairyland,-37.546758,143.823172,62.0,100.0,"-37.546758, 143.823172"
2020-05-07T00:39:58+00:00,Fairyland,-37.546758,143.823172,61.0,83.0,"-37.546758, 143.823172"
2021-06-23T05:47:05+00:00,Fairyland,-37.546758,143.823172,60.0,79.0,"-37.546758, 143.823172"
2021-07-04T02:30:19+00:00,Fairyland,-37.546758,143.823172,62.0,77.0,"-37.546758, 143.823172"
2021-07-02T07:00:36+00:00,Fairyland,-37.546758,143.823172,62.0,76.0,"-37.546758, 143.823172"
2021-09-03T02:35:26+00:00,Fairyland,-37.546758,143.823172,60.0,74.0,"-37.546758, 143.823172"
2020-05-24T23:37:04+00:00,Fairyland,-37.546758,143.823172,76.0,89.0,"-37.546758, 143.823172"
2020-05-25T00:52:03+00:00,Fairyland,-37.546758,143.823172,78.0,97.0,"-37.546758, 143.823172"
2021-10-28T16:53:38+00:00,Fairyland,-37.546758,143.823172,65.0,93.0,"-37.546758, 143.823172"
2021-11-04T15:53:56+00:00,Fairyland,-37.546758,143.823172,65.0,78.0,"-37.546758, 143.823172"
2020-04-02T06:45:48+00:00,Fairyland,-37.546758,143.823172,60.0,74.0,"-37.546758, 143.823172"
2020-03-26T17:16:55+00:00,Fairyland,-37.546758,143.823172,60.0,72.0,"-37.546758, 143.823172"
2020-03-26T15:01:55+00:00,Fairyland,-37.546758,143.823172,60.0,77.0,"-37.546758, 143.823172"
2020-03-24T12:02:15+00:00,Fairyland,-37.546758,143.823172,63.0,79.0,"-37.546758, 143.823172"
2020-03-20T14:03:00+00:00,Fairyland,-37.546758,143.823172,65.0,82.0,"-37.546758, 143.823172"
2020-03-20T13:02:56+00:00,Fairyland,-37.546758,143.823172,62.0,75.0,"-37.546758, 143.823172"
2020-03-19T16:48:04+00:00,Fairyland,-37.546758,143.823172,60.0,86.0,"-37.546758, 143.823172"
2020-03-18T12:48:17+00:00,Fairyland,-37.546758,143.823172,61.0,83.0,"-37.546758, 143.823172"
2020-03-16T06:48:38+00:00,Fairyland,-37.546758,143.823172,60.0,74.0,"-37.546758, 143.823172"
2020-03-16T06:18:39+00:00,Fairyland,-37.546758,143.823172,61.0,71.0,"-37.546758, 143.823172"
2020-03-13T12:49:06+00:00,Fairyland,-37.546758,143.823172,60.0,85.0,"-37.546758, 143.823172"
2020-03-09T03:19:51+00:00,Fairyland,-37.546758,143.823172,60.0,74.0,"-37.546758, 143.823172"
2020-03-08T19:04:54+00:00,Fairyland,-37.546758,143.823172,60.0,81.0,"-37.546758, 143.823172"
2020-03-08T15:49:56+00:00,Fairyland,-37.546758,143.823172,64.0,77.0,"-37.546758, 143.823172"
2020-03-08T15:04:55+00:00,Fairyland,-37.546758,143.823172,60.0,73.0,"-37.546758, 143.823172"
2020-03-08T12:19:56+00:00,Fairyland,-37.546758,143.823172,62.0,78.0,"-37.546758, 143.823172"
2020-03-04T03:50:39+00:00,Fairyland,-37.546758,143.823172,60.0,75.0,"-37.546758, 143.823172"
2020-03-03T18:20:43+00:00,Fairyland,-37.546758,143.823172,63.0,77.0,"-37.546758, 143.823172"
2020-03-02T13:50:56+00:00,Fairyland,-37.546758,143.823172,60.0,69.0,"-37.546758, 143.823172"
2020-03-01T17:06:04+00:00,Fairyland,-37.546758,143.823172,63.0,85.0,"-37.546758, 143.823172"
2020-03-01T16:36:04+00:00,Fairyland,-37.546758,143.823172,61.0,78.0,"-37.546758, 143.823172"
2020-03-01T16:06:04+00:00,Fairyland,-37.546758,143.823172,61.0,74.0,"-37.546758, 143.823172"
2020-03-01T14:06:05+00:00,Fairyland,-37.546758,143.823172,60.0,75.0,"-37.546758, 143.823172"
2020-02-26T08:51:46+00:00,Fairyland,-37.546758,143.823172,66.0,88.0,"-37.546758, 143.823172"
2021-11-04T21:23:45+00:00,Fairyland,-37.546758,143.823172,60.0,69.0,"-37.546758, 143.823172"
2021-11-04T22:23:44+00:00,Fairyland,-37.546758,143.823172,63.0,70.0,"-37.546758, 143.823172"
2020-02-22T20:37:23+00:00,Fairyland,-37.546758,143.823172,60.0,78.0,"-37.546758, 143.823172"
2020-02-22T17:52:24+00:00,Fairyland,-37.546758,143.823172,63.0,73.0,"-37.546758, 143.823172"
2020-02-18T18:08:02+00:00,Fairyland,-37.546758,143.823172,64.0,87.0,"-37.546758, 143.823172"
2020-02-16T15:53:24+00:00,Fairyland,-37.546758,143.823172,63.0,80.0,"-37.546758, 143.823172"
2020-02-16T13:38:25+00:00,Fairyland,-37.546758,143.823172,64.0,82.0,"-37.546758, 143.823172"
2020-02-16T09:53:26+00:00,Fairyland,-37.546758,143.823172,65.0,81.0,"-37.546758, 143.823172"
2020-02-14T10:53:47+00:00,Fairyland,-37.546758,143.823172,60.0,71.0,"-37.546758, 143.823172"
2020-02-14T08:08:49+00:00,Fairyland,-37.546758,143.823172,60.0,64.0,"-37.546758, 143.823172"
2020-02-14T04:08:50+00:00,Fairyland,-37.546758,143.823172,61.0,77.0,"-37.546758, 143.823172"
2020-02-13T22:38:53+00:00,Fairyland,-37.546758,143.823172,61.0,75.0,"-37.546758, 143.823172"
2020-02-13T08:23:57+00:00,Fairyland,-37.546758,143.823172,64.0,79.0,"-37.546758, 143.823172"
2020-02-13T06:38:58+00:00,Fairyland,-37.546758,143.823172,66.0,81.0,"-37.546758, 143.823172"
2020-02-13T06:23:58+00:00,Fairyland,-37.546758,143.823172,66.0,86.0,"-37.546758, 143.823172"
2020-02-13T01:54:00+00:00,Fairyland,-37.546758,143.823172,66.0,88.0,"-37.546758, 143.823172"
2020-02-10T08:39:28+00:00,Fairyland,-37.546758,143.823172,64.0,77.0,"-37.546758, 143.823172"
2020-02-10T05:39:28+00:00,Fairyland,-37.546758,143.823172,61.0,75.0,"-37.546758, 143.823172"
2020-02-09T23:39:31+00:00,Fairyland,-37.546758,143.823172,65.0,81.0,"-37.546758, 143.823172"
2020-02-09T19:09:33+00:00,Fairyland,-37.546758,143.823172,66.0,87.0,"-37.546758, 143.823172"
2020-02-09T17:54:34+00:00,Fairyland,-37.546758,143.823172,67.0,81.0,"-37.546758, 143.823172"
2020-02-09T12:39:36+00:00,Fairyland,-37.546758,143.823172,61.0,73.0,"-37.546758, 143.823172"
2020-02-09T08:09:38+00:00,Fairyland,-37.546758,143.823172,64.0,79.0,"-37.546758, 143.823172"
2020-02-09T07:09:39+00:00,Fairyland,-37.546758,143.823172,68.0,80.0,"-37.546758, 143.823172"
2020-02-09T05:39:39+00:00,Fairyland,-37.546758,143.823172,60.0,74.0,"-37.546758, 143.823172"
2020-02-09T04:24:40+00:00,Fairyland,-37.546758,143.823172,60.0,76.0,"-37.546758, 143.823172"
2020-02-09T01:54:41+00:00,Fairyland,-37.546758,143.823172,63.0,75.0,"-37.546758, 143.823172"
2020-02-09T00:39:42+00:00,Fairyland,-37.546758,143.823172,63.0,80.0,"-37.546758, 143.823172"
2020-02-09T00:09:41+00:00,Fairyland,-37.546758,143.823172,63.0,84.0,"-37.546758, 143.823172"
2020-02-08T23:09:42+00:00,Fairyland,-37.546758,143.823172,60.0,77.0,"-37.546758, 143.823172"
2020-02-08T14:39:45+00:00,Fairyland,-37.546758,143.823172,67.0,85.0,"-37.546758, 143.823172"
2020-02-08T07:39:48+00:00,Fairyland,-37.546758,143.823172,66.0,83.0,"-37.546758, 143.823172"
2020-02-08T06:09:49+00:00,Fairyland,-37.546758,143.823172,69.0,85.0,"-37.546758, 143.823172"
2020-02-08T04:54:50+00:00,Fairyland,-37.546758,143.823172,69.0,82.0,"-37.546758, 143.823172"
2020-02-08T04:39:50+00:00,Fairyland,-37.546758,143.823172,63.0,79.0,"-37.546758, 143.823172"
2020-02-07T15:09:56+00:00,Fairyland,-37.546758,143.823172,61.0,78.0,"-37.546758, 143.823172"
2020-02-07T12:54:58+00:00,Fairyland,-37.546758,143.823172,60.0,84.0,"-37.546758, 143.823172"
2020-02-06T22:40:04+00:00,Fairyland,-37.546758,143.823172,62.0,77.0,"-37.546758, 143.823172"
2020-02-06T19:25:03+00:00,Fairyland,-37.546758,143.823172,63.0,82.0,"-37.546758, 143.823172"
2020-02-06T06:10:09+00:00,Fairyland,-37.546758,143.823172,61.0,74.0,"-37.546758, 143.823172"
2020-02-06T05:25:09+00:00,Fairyland,-37.546758,143.823172,67.0,79.0,"-37.546758, 143.823172"
2020-02-06T03:55:10+00:00,Fairyland,-37.546758,143.823172,61.0,81.0,"-37.546758, 143.823172"
2020-02-05T22:25:12+00:00,Fairyland,-37.546758,143.823172,64.0,90.0,"-37.546758, 143.823172"
2020-02-05T20:10:13+00:00,Fairyland,-37.546758,143.823172,64.0,83.0,"-37.546758, 143.823172"
2020-02-05T17:25:15+00:00,Fairyland,-37.546758,143.823172,66.0,81.0,"-37.546758, 143.823172"
2020-02-05T16:25:15+00:00,Fairyland,-37.546758,143.823172,63.0,84.0,"-37.546758, 143.823172"
2020-02-05T12:40:16+00:00,Fairyland,-37.546758,143.823172,60.0,73.0,"-37.546758, 143.823172"
2020-02-05T12:25:16+00:00,Fairyland,-37.546758,143.823172,64.0,78.0,"-37.546758, 143.823172"
2020-02-05T11:10:17+00:00,Fairyland,-37.546758,143.823172,63.0,79.0,"-37.546758, 143.823172"
2020-02-05T09:25:19+00:00,Fairyland,-37.546758,143.823172,70.0,84.0,"-37.546758, 143.823172"
2020-02-05T05:40:19+00:00,Fairyland,-37.546758,143.823172,64.0,80.0,"-37.546758, 143.823172"
2020-02-04T16:25:24+00:00,Fairyland,-37.546758,143.823172,62.0,80.0,"-37.546758, 143.823172"
2020-02-02T14:10:47+00:00,Fairyland,-37.546758,143.823172,64.0,82.0,"-37.546758, 143.823172"
2020-02-02T13:40:47+00:00,Fairyland,-37.546758,143.823172,61.0,75.0,"-37.546758, 143.823172"
2020-02-02T12:25:47+00:00,Fairyland,-37.546758,143.823172,62.0,80.0,"-37.546758, 143.823172"
2020-02-02T10:10:49+00:00,Fairyland,-37.546758,143.823172,60.0,73.0,"-37.546758, 143.823172"
2020-02-01T01:41:01+00:00,Fairyland,-37.546758,143.823172,60.0,69.0,"-37.546758, 143.823172"
2020-01-30T10:56:17+00:00,Fairyland,-37.546758,143.823172,60.0,76.0,"-37.546758, 143.823172"
2020-01-24T14:12:15+00:00,Fairyland,-37.546758,143.823172,62.0,70.0,"-37.546758, 143.823172"
2020-01-23T17:42:25+00:00,Fairyland,-37.546758,143.823172,67.0,91.0,"-37.546758, 143.823172"
2020-01-23T15:12:25+00:00,Fairyland,-37.546758,143.823172,67.0,89.0,"-37.546758, 143.823172"
2020-01-23T08:27:27+00:00,Fairyland,-37.546758,143.823172,60.0,66.0,"-37.546758, 143.823172"
2020-01-23T07:42:28+00:00,Fairyland,-37.546758,143.823172,76.0,90.0,"-37.546758, 143.823172"
2020-01-22T16:42:34+00:00,Fairyland,-37.546758,143.823172,61.0,82.0,"-37.546758, 143.823172"
2020-01-22T11:57:36+00:00,Fairyland,-37.546758,143.823172,64.0,87.0,"-37.546758, 143.823172"
2020-01-22T11:42:36+00:00,Fairyland,-37.546758,143.823172,63.0,94.0,"-37.546758, 143.823172"
2020-01-22T09:57:37+00:00,Fairyland,-37.546758,143.823172,63.0,91.0,"-37.546758, 143.823172"
2020-01-19T19:43:02+00:00,Fairyland,-37.546758,143.823172,70.0,86.0,"-37.546758, 143.823172"
2020-01-19T18:58:02+00:00,Fairyland,-37.546758,143.823172,60.0,81.0,"-37.546758, 143.823172"
2020-01-19T18:43:03+00:00,Fairyland,-37.546758,143.823172,71.0,86.0,"-37.546758, 143.823172"
2020-01-18T04:13:19+00:00,Fairyland,-37.546758,143.823172,60.0,71.0,"-37.546758, 143.823172"
2020-01-17T21:58:22+00:00,Fairyland,-37.546758,143.823172,69.0,84.0,"-37.546758, 143.823172"
2020-01-17T21:28:22+00:00,Fairyland,-37.546758,143.823172,63.0,81.0,"-37.546758, 143.823172"
2020-01-14T19:43:53+00:00,Fairyland,-37.546758,143.823172,70.0,88.0,"-37.546758, 143.823172"
2020-01-14T18:58:53+00:00,Fairyland,-37.546758,143.823172,73.0,87.0,"-37.546758, 143.823172"
2020-01-12T17:14:14+00:00,Fairyland,-37.546758,143.823172,69.0,78.0,"-37.546758, 143.823172"
2020-01-12T16:29:15+00:00,Fairyland,-37.546758,143.823172,63.0,70.0,"-37.546758, 143.823172"
2020-01-12T14:29:16+00:00,Fairyland,-37.546758,143.823172,61.0,73.0,"-37.546758, 143.823172"
2020-01-10T15:59:33+00:00,Fairyland,-37.546758,143.823172,61.0,71.0,"-37.546758, 143.823172"
2020-01-10T15:14:34+00:00,Fairyland,-37.546758,143.823172,60.0,76.0,"-37.546758, 143.823172"
2020-01-08T14:59:54+00:00,Fairyland,-37.546758,143.823172,64.0,80.0,"-37.546758, 143.823172"
2020-01-08T12:14:55+00:00,Fairyland,-37.546758,143.823172,60.0,69.0,"-37.546758, 143.823172"
2020-01-08T09:44:57+00:00,Fairyland,-37.546758,143.823172,65.0,87.0,"-37.546758, 143.823172"
2020-01-08T08:59:57+00:00,Fairyland,-37.546758,143.823172,64.0,82.0,"-37.546758, 143.823172"
2020-04-21T23:42:26+00:00,Fairyland,-37.546758,143.823172,61.0,68.0,"-37.546758, 143.823172"
2020-05-30T11:06:08+00:00,Fairyland,-37.546758,143.823172,60.0,83.0,"-37.546758, 143.823172"
2020-05-30T12:36:07+00:00,Fairyland,-37.546758,143.823172,61.0,82.0,"-37.546758, 143.823172"
2021-11-21T21:20:58+00:00,Fairyland,-37.546758,143.823172,62.0,70.0,"-37.546758, 143.823172"
2020-12-10T23:19:18+00:00,Fairyland,-37.546758,143.823172,66.0,78.0,"-37.546758, 143.823172"
2020-12-16T04:18:27+00:00,Fairyland,-37.546758,143.823172,60.0,70.0,"-37.546758, 143.823172"
2020-12-20T14:02:43+00:00,Fairyland,-37.546758,143.823172,62.0,70.0,"-37.546758, 143.823172"
2020-12-20T15:32:42+00:00,Fairyland,-37.546758,143.823172,60.0,69.0,"-37.546758, 143.823172"
2020-12-12T21:18:59+00:00,Fairyland,-37.546758,143.823172,60.0,85.0,"-37.546758, 143.823172"
2020-12-15T19:18:31+00:00,Fairyland,-37.546758,143.823172,62.0,78.0,"-37.546758, 143.823172"
2020-12-27T00:31:37+00:00,Fairyland,-37.546758,143.823172,61.0,86.0,"-37.546758, 143.823172"
2021-01-06T23:44:47+00:00,Fairyland,-37.546758,143.823172,60.0,71.0,"-37.546758, 143.823172"
2021-01-06T23:59:47+00:00,Fairyland,-37.546758,143.823172,61.0,76.0,"-37.546758, 143.823172"
2020-12-15T09:03:34+00:00,Fairyland,-37.546758,143.823172,60.0,72.0,"-37.546758, 143.823172"
2020-12-16T13:18:24+00:00,Fairyland,-37.546758,143.823172,71.0,82.0,"-37.546758, 143.823172"
2021-02-06T04:39:45+00:00,Fairyland,-37.546758,143.823172,60.0,74.0,"-37.546758, 143.823172"
2021-02-08T06:24:24+00:00,Fairyland,-37.546758,143.823172,60.0,75.0,"-37.546758, 143.823172"
2021-10-19T15:40:09+00:00,Fairyland,-37.546758,143.823172,61.0,74.0,"-37.546758, 143.823172"
2021-10-19T13:55:09+00:00,Fairyland,-37.546758,143.823172,73.0,84.0,"-37.546758, 143.823172"
2020-11-15T20:53:29+00:00,Fairyland,-37.546758,143.823172,62.0,72.0,"-37.546758, 143.823172"
2020-11-03T07:55:34+00:00,Fairyland,-37.546758,143.823172,68.0,76.0,"-37.546758, 143.823172"
2021-12-01T07:34:24+00:00,Fairyland,-37.546758,143.823172,71.0,84.0,"-37.546758, 143.823172"
2020-11-15T21:23:29+00:00,Fairyland,-37.546758,143.823172,61.0,79.0,"-37.546758, 143.823172"
2020-11-15T23:08:28+00:00,Fairyland,-37.546758,143.823172,60.0,75.0,"-37.546758, 143.823172"
2021-04-10T03:44:14+00:00,Fairyland,-37.546758,143.823172,60.0,73.0,"-37.546758, 143.823172"
2021-06-24T05:46:56+00:00,Fairyland,-37.546758,143.823172,60.0,69.0,"-37.546758, 143.823172"
2021-06-23T00:17:07+00:00,Fairyland,-37.546758,143.823172,60.0,85.0,"-37.546758, 143.823172"
2021-06-23T02:32:06+00:00,Fairyland,-37.546758,143.823172,60.0,80.0,"-37.546758, 143.823172"
2021-07-31T09:55:55+00:00,Fairyland,-37.546758,143.823172,61.0,82.0,"-37.546758, 143.823172"
2022-02-24T22:50:05+00:00,Fairyland,-37.546758,143.823172,60.0,70.0,"-37.546758, 143.823172"
2022-02-14T23:36:44+00:00,Fairyland,-37.546758,143.823172,61.0,70.0,"-37.546758, 143.823172"
2022-03-06T13:03:33+00:00,Fairyland,-37.546758,143.823172,65.0,83.0,"-37.546758, 143.823172"
2022-03-06T16:18:25+00:00,Fairyland,-37.546758,143.823172,60.0,77.0,"-37.546758, 143.823172"
2022-03-06T13:48:27+00:00,Fairyland,-37.546758,143.823172,69.0,87.0,"-37.546758, 143.823172"
2022-03-06T16:03:25+00:00,Fairyland,-37.546758,143.823172,60.0,79.0,"-37.546758, 143.823172"
2022-03-06T15:33:25+00:00,Fairyland,-37.546758,143.823172,70.0,89.0,"-37.546758, 143.823172"
2021-10-28T20:08:36+00:00,Fairyland,-37.546758,143.823172,62.0,88.0,"-37.546758, 143.823172"
2021-10-28T17:38:37+00:00,Fairyland,-37.546758,143.823172,62.0,84.0,"-37.546758, 143.823172"
2021-10-13T08:23:21+00:00,Fairyland,-37.546758,143.823172,61.0,70.0,"-37.546758, 143.823172"
2021-10-13T07:38:21+00:00,Fairyland,-37.546758,143.823172,60.0,78.0,"-37.546758, 143.823172"
2021-10-15T07:55:51+00:00,Fairyland,-37.546758,143.823172,60.0,82.0,"-37.546758, 143.823172"
2022-03-08T22:33:05+00:00,Fairyland,-37.546758,143.823172,62.0,79.0,"-37.546758, 143.823172"
2021-10-19T14:40:09+00:00,Fairyland,-37.546758,143.823172,70.0,82.0,"-37.546758, 143.823172"
2022-02-22T00:35:33+00:00,Fairyland,-37.546758,143.823172,60.0,70.0,"-37.546758, 143.823172"
2022-02-27T05:04:40+00:00,Fairyland,-37.546758,143.823172,64.0,74.0,"-37.546758, 143.823172"
2022-02-27T06:04:42+00:00,Fairyland,-37.546758,143.823172,61.0,70.0,"-37.546758, 143.823172"
2022-02-27T09:04:39+00:00,Fairyland,-37.546758,143.823172,61.0,74.0,"-37.546758, 143.823172"
2022-01-13T21:42:07+00:00,Fairyland,-37.546758,143.823172,61.0,69.0,"-37.546758, 143.823172"
2022-01-16T22:56:37+00:00,Fairyland,-37.546758,143.823172,65.0,69.0,"-37.546758, 143.823172"
2022-01-19T03:56:14+00:00,Fairyland,-37.546758,143.823172,63.0,83.0,"-37.546758, 143.823172"
2021-11-14T11:52:09+00:00,Fairyland,-37.546758,143.823172,61.0,79.0,"-37.546758, 143.823172"
2021-11-14T12:52:09+00:00,Fairyland,-37.546758,143.823172,60.0,86.0,"-37.546758, 143.823172"
2021-11-14T01:52:15+00:00,Fairyland,-37.546758,143.823172,65.0,81.0,"-37.546758, 143.823172"
2021-11-14T00:07:14+00:00,Fairyland,-37.546758,143.823172,61.0,81.0,"-37.546758, 143.823172"
2021-11-14T08:52:11+00:00,Fairyland,-37.546758,143.823172,62.0,81.0,"-37.546758, 143.823172"
2021-11-14T09:07:10+00:00,Fairyland,-37.546758,143.823172,63.0,81.0,"-37.546758, 143.823172"
2022-01-21T09:55:49+00:00,Fairyland,-37.546758,143.823172,63.0,75.0,"-37.546758, 143.823172"
2022-01-22T11:25:39+00:00,Fairyland,-37.546758,143.823172,60.0,69.0,"-37.546758, 143.823172"
2022-01-23T05:25:33+00:00,Fairyland,-37.546758,143.823172,68.0,74.0,"-37.546758, 143.823172"
2022-01-12T09:27:22+00:00,Fairyland,-37.546758,143.823172,60.0,73.0,"-37.546758, 143.823172"
2022-03-28T07:44:47+00:00,Fairyland,-37.546758,143.823172,60.0,77.0,"-37.546758, 143.823172"
2021-11-26T09:05:17+00:00,Fairyland,-37.546758,143.823172,61.0,75.0,"-37.546758, 143.823172"
2021-11-26T10:20:10+00:00,Fairyland,-37.546758,143.823172,60.0,84.0,"-37.546758, 143.823172"
2021-11-26T21:05:06+00:00,Fairyland,-37.546758,143.823172,62.0,83.0,"-37.546758, 143.823172"
2021-10-19T13:40:09+00:00,Fairyland,-37.546758,143.823172,75.0,83.0,"-37.546758, 143.823172"
2022-04-13T06:57:06+00:00,Fairyland,-37.546758,143.823172,60.0,72.0,"-37.546758, 143.823172"
2021-12-01T20:49:17+00:00,Fairyland,-37.546758,143.823172,64.0,80.0,"-37.546758, 143.823172"
2021-12-04T21:48:45+00:00,Fairyland,-37.546758,143.823172,62.0,81.0,"-37.546758, 143.823172"
2021-12-04T22:18:53+00:00,Fairyland,-37.546758,143.823172,65.0,84.0,"-37.546758, 143.823172"
2022-04-29T06:24:25+00:00,Fairyland,-37.546758,143.823172,60.0,72.0,"-37.546758, 143.823172"
2022-04-29T15:54:28+00:00,Fairyland,-37.546758,143.823172,60.0,80.0,"-37.546758, 143.823172"
2022-01-10T09:12:40+00:00,Fairyland,-37.546758,143.823172,60.0,70.0,"-37.546758, 143.823172"
2022-05-12T01:37:18+00:00,Fairyland,-37.546758,143.823172,61.0,67.0,"-37.546758, 143.823172"
2021-12-30T21:29:25+00:00,Fairyland,-37.546758,143.823172,66.0,72.0,"-37.546758, 143.823172"
2021-12-30T21:44:25+00:00,Fairyland,-37.546758,143.823172,61.0,68.0,"-37.546758, 143.823172"
2022-05-13T00:37:08+00:00,Fairyland,-37.546758,143.823172,64.0,72.0,"-37.546758, 143.823172"
2022-01-10T21:42:35+00:00,Fairyland,-37.546758,143.823172,61.0,73.0,"-37.546758, 143.823172"
2022-01-10T20:57:37+00:00,Fairyland,-37.546758,143.823172,64.0,74.0,"-37.546758, 143.823172"
2022-01-10T21:57:35+00:00,Fairyland,-37.546758,143.823172,61.0,75.0,"-37.546758, 143.823172"
2022-01-11T22:27:31+00:00,Fairyland,-37.546758,143.823172,60.0,69.0,"-37.546758, 143.823172"
2022-01-12T23:12:17+00:00,Fairyland,-37.546758,143.823172,60.0,78.0,"-37.546758, 143.823172"
2022-01-13T02:57:13+00:00,Fairyland,-37.546758,143.823172,60.0,74.0,"-37.546758, 143.823172"
2022-01-24T09:40:20+00:00,Fairyland,-37.546758,143.823172,63.0,72.0,"-37.546758, 143.823172"
2022-03-11T08:32:38+00:00,Fairyland,-37.546758,143.823172,60.0,78.0,"-37.546758, 143.823172"
2022-03-11T08:47:40+00:00,Fairyland,-37.546758,143.823172,62.0,71.0,"-37.546758, 143.823172"
2022-03-12T08:02:28+00:00,Fairyland,-37.546758,143.823172,67.0,76.0,"-37.546758, 143.823172"
2022-03-13T00:47:23+00:00,Fairyland,-37.546758,143.823172,63.0,72.0,"-37.546758, 143.823172"
2022-03-13T07:17:18+00:00,Fairyland,-37.546758,143.823172,63.0,73.0,"-37.546758, 143.823172"
2022-03-13T05:32:28+00:00,Fairyland,-37.546758,143.823172,63.0,71.0,"-37.546758, 143.823172"
2022-03-14T00:47:13+00:00,Fairyland,-37.546758,143.823172,62.0,68.0,"-37.546758, 143.823172"
2022-03-19T03:31:26+00:00,Fairyland,-37.546758,143.823172,69.0,82.0,"-37.546758, 143.823172"
2022-03-19T05:01:18+00:00,Fairyland,-37.546758,143.823172,71.0,85.0,"-37.546758, 143.823172"
2022-03-19T07:31:17+00:00,Fairyland,-37.546758,143.823172,62.0,82.0,"-37.546758, 143.823172"
2022-07-09T19:12:43+00:00,Fairyland,-37.546758,143.823172,62.0,74.0,"-37.546758, 143.823172"
2022-05-11T23:22:18+00:00,Fairyland,-37.546758,143.823172,60.0,64.0,"-37.546758, 143.823172"
2022-10-13T04:42:12+00:00,Fairyland,-37.546758,143.823172,61.0,67.0,"-37.546758, 143.823172"
2022-10-23T11:10:22+00:00,Fairyland,-37.546758,143.823172,60.0,73.0,"-37.546758, 143.823172"
2022-10-23T12:40:21+00:00,Fairyland,-37.546758,143.823172,68.0,88.0,"-37.546758, 143.823172"
2022-10-12T12:57:12+00:00,Fairyland,-37.546758,143.823172,60.0,93.0,"-37.546758, 143.823172"
2022-07-02T19:13:50+00:00,Fairyland,-37.546758,143.823172,61.0,73.0,"-37.546758, 143.823172"
2022-10-04T11:43:32+00:00,Fairyland,-37.546758,143.823172,66.0,74.0,"-37.546758, 143.823172"
2022-12-11T21:02:10+00:00,Fairyland,-37.546758,143.823172,60.0,75.0,"-37.546758, 143.823172"
2023-06-22T12:43:35+00:00,Fairyland,-37.546758,143.823172,60.0,74.0,"-37.546758, 143.823172"
2023-06-07T03:47:44+00:00,Fairyland,-37.546758,143.823172,62.0,84.0,"-37.546758, 143.823172"
2023-05-28T22:19:10+00:00,Fairyland,-37.546758,143.823172,64.0,70.0,"-37.546758, 143.823172"
2023-05-28T22:34:10+00:00,Fairyland,-37.546758,143.823172,65.0,69.0,"-37.546758, 143.823172"
2023-06-03T11:03:15+00:00,Fairyland,-37.546758,143.823172,64.0,81.0,"-37.546758, 143.823172"
2023-04-26T23:39:25+00:00,Fairyland,-37.546758,143.823172,60.0,74.0,"-37.546758, 143.823172"
2023-07-08T17:40:57+00:00,Fairyland,-37.546758,143.823172,63.0,92.0,"-37.546758, 143.823172"
2023-07-08T20:40:55+00:00,Fairyland,-37.546758,143.823172,61.0,80.0,"-37.546758, 143.823172"
2023-12-11T08:30:07+00:00,Fairyland,-37.546758,143.823172,60.0,70.0,"-37.546758, 143.823172"
2023-10-04T20:41:25+00:00,Fairyland,-37.546758,143.823172,65.0,78.0,"-37.546758, 143.823172"
2023-10-21T19:23:35+00:00,Fairyland,-37.546758,143.823172,61.0,77.0,"-37.546758, 143.823172"
2020-05-19T01:38:00+00:00,Fairyland,-37.546758,143.823172,60.0,77.0,"-37.546758, 143.823172"
2020-05-19T04:37:59+00:00,Fairyland,-37.546758,143.823172,61.0,70.0,"-37.546758, 143.823172"
2020-05-06T23:39:58+00:00,Fairyland,-37.546758,143.823172,60.0,78.0,"-37.546758, 143.823172"
2020-05-09T02:39:37+00:00,Fairyland,-37.546758,143.823172,62.0,78.0,"-37.546758, 143.823172"
2020-05-09T04:09:36+00:00,Fairyland,-37.546758,143.823172,63.0,80.0,"-37.546758, 143.823172"
2020-05-19T00:53:00+00:00,Fairyland,-37.546758,143.823172,61.0,74.0,"-37.546758, 143.823172"
2020-05-19T05:22:58+00:00,Fairyland,-37.546758,143.823172,61.0,79.0,"-37.546758, 143.823172"
2020-05-30T02:36:13+00:00,Fairyland,-37.546758,143.823172,61.0,81.0,"-37.546758, 143.823172"
2020-05-30T05:36:10+00:00,Fairyland,-37.546758,143.823172,63.0,91.0,"-37.546758, 143.823172"
2020-05-30T07:36:09+00:00,Fairyland,-37.546758,143.823172,60.0,84.0,"-37.546758, 143.823172"
2020-05-30T12:06:08+00:00,Fairyland,-37.546758,143.823172,63.0,87.0,"-37.546758, 143.823172"
2020-05-31T21:20:54+00:00,Fairyland,-37.546758,143.823172,60.0,79.0,"-37.546758, 143.823172"
2020-05-31T21:50:54+00:00,Fairyland,-37.546758,143.823172,60.0,75.0,"-37.546758, 143.823172"
2020-06-01T02:05:52+00:00,Fairyland,-37.546758,143.823172,65.0,82.0,"-37.546758, 143.823172"
2020-06-01T02:20:52+00:00,Fairyland,-37.546758,143.823172,61.0,77.0,"-37.546758, 143.823172"
2020-06-02T03:05:42+00:00,Fairyland,-37.546758,143.823172,60.0,72.0,"-37.546758, 143.823172"
2020-06-02T04:20:42+00:00,Fairyland,-37.546758,143.823172,60.0,86.0,"-37.546758, 143.823172"
2020-06-04T04:35:23+00:00,Fairyland,-37.546758,143.823172,64.0,72.0,"-37.546758, 143.823172"
2020-06-04T23:05:15+00:00,Fairyland,-37.546758,143.823172,65.0,69.0,"-37.546758, 143.823172"
2020-04-04T02:00:23+00:00,Fairyland,6.0,6.0,64.0,86.0,"6.0, 6.0"
2020-04-04T02:45:23+00:00,Fairyland,6.0,6.0,66.0,85.0,"6.0, 6.0"
2020-04-04T06:45:22+00:00,Fairyland,6.0,6.0,63.0,81.0,"6.0, 6.0"
2020-04-10T23:44:15+00:00,Fairyland,6.0,6.0,64.0,86.0,"6.0, 6.0"
2020-04-11T01:44:14+00:00,Fairyland,6.0,6.0,64.0,89.0,"6.0, 6.0"
2020-04-20T02:27:46+00:00,Fairyland,-37.546758,143.823172,63.0,80.0,"-37.546758, 143.823172"
2023-12-24T23:42:50+00:00,Fairyland,-37.546758,143.823172,67.0,79.0,"-37.546758, 143.823172"
2023-12-25T00:12:50+00:00,Fairyland,-37.546758,143.823172,65.0,75.0,"-37.546758, 143.823172"
2023-10-21T20:08:35+00:00,Fairyland,-37.546758,143.823172,61.0,82.0,"-37.546758, 143.823172"
2020-03-09T16:34:44+00:00,Fairyland,-37.546758,143.823172,63.0,80.0,"-37.546758, 143.823172"
2020-03-05T15:20:24+00:00,Fairyland,-37.546758,143.823172,72.0,101.0,"-37.546758, 143.823172"
2020-03-04T03:35:39+00:00,Fairyland,-37.546758,143.823172,60.0,74.0,"-37.546758, 143.823172"
2020-03-03T18:05:44+00:00,Fairyland,-37.546758,143.823172,62.0,80.0,"-37.546758, 143.823172"
2020-03-01T21:21:03+00:00,Fairyland,-37.546758,143.823172,63.0,85.0,"-37.546758, 143.823172"
2020-03-01T17:36:04+00:00,Fairyland,-37.546758,143.823172,62.0,83.0,"-37.546758, 143.823172"
2020-03-01T15:51:05+00:00,Fairyland,-37.546758,143.823172,60.0,75.0,"-37.546758, 143.823172"
2020-03-01T15:36:05+00:00,Fairyland,-37.546758,143.823172,61.0,76.0,"-37.546758, 143.823172"
2020-03-01T13:06:06+00:00,Fairyland,-37.546758,143.823172,60.0,76.0,"-37.546758, 143.823172"
2020-02-27T16:36:34+00:00,Fairyland,-37.546758,143.823172,63.0,82.0,"-37.546758, 143.823172"
2020-02-27T15:36:34+00:00,Fairyland,-37.546758,143.823172,66.0,81.0,"-37.546758, 143.823172"
2020-02-27T11:21:35+00:00,Fairyland,-37.546758,143.823172,60.0,72.0,"-37.546758, 143.823172"
2020-02-26T10:36:46+00:00,Fairyland,-37.546758,143.823172,60.0,79.0,"-37.546758, 143.823172"
2020-02-25T15:36:54+00:00,Fairyland,-37.546758,143.823172,62.0,79.0,"-37.546758, 143.823172"
2020-02-23T21:22:11+00:00,Fairyland,-37.546758,143.823172,64.0,74.0,"-37.546758, 143.823172"
2020-02-22T10:37:26+00:00,Fairyland,-37.546758,143.823172,61.0,79.0,"-37.546758, 143.823172"
2020-02-18T16:53:03+00:00,Fairyland,-37.546758,143.823172,73.0,94.0,"-37.546758, 143.823172"
2020-02-16T23:53:21+00:00,Fairyland,-37.546758,143.823172,69.0,87.0,"-37.546758, 143.823172"
2020-02-16T20:38:22+00:00,Fairyland,-37.546758,143.823172,66.0,83.0,"-37.546758, 143.823172"
2020-02-16T12:38:25+00:00,Fairyland,-37.546758,143.823172,63.0,76.0,"-37.546758, 143.823172"
2020-02-16T11:38:25+00:00,Fairyland,-37.546758,143.823172,61.0,80.0,"-37.546758, 143.823172"
2020-02-16T08:23:27+00:00,Fairyland,-37.546758,143.823172,61.0,83.0,"-37.546758, 143.823172"
2020-02-15T16:23:33+00:00,Fairyland,-37.546758,143.823172,60.0,68.0,"-37.546758, 143.823172"
2020-02-14T19:08:44+00:00,Fairyland,-37.546758,143.823172,60.0,68.0,"-37.546758, 143.823172"
2020-02-14T07:38:49+00:00,Fairyland,-37.546758,143.823172,60.0,68.0,"-37.546758, 143.823172"
2020-02-13T21:53:53+00:00,Fairyland,-37.546758,143.823172,66.0,82.0,"-37.546758, 143.823172"
2020-02-13T18:38:52+00:00,Fairyland,-37.546758,143.823172,66.0,80.0,"-37.546758, 143.823172"
2020-02-13T05:53:58+00:00,Fairyland,-37.546758,143.823172,65.0,82.0,"-37.546758, 143.823172"
2020-02-12T20:39:03+00:00,Fairyland,-37.546758,143.823172,61.0,86.0,"-37.546758, 143.823172"
2020-02-10T13:24:26+00:00,Fairyland,-37.546758,143.823172,63.0,80.0,"-37.546758, 143.823172"
2020-02-10T10:24:27+00:00,Fairyland,-37.546758,143.823172,62.0,74.0,"-37.546758, 143.823172"
2020-02-09T23:54:32+00:00,Fairyland,-37.546758,143.823172,65.0,82.0,"-37.546758, 143.823172"
2020-02-09T20:54:33+00:00,Fairyland,-37.546758,143.823172,68.0,84.0,"-37.546758, 143.823172"
2020-02-09T11:09:36+00:00,Fairyland,-37.546758,143.823172,61.0,77.0,"-37.546758, 143.823172"
2020-02-08T17:54:44+00:00,Fairyland,-37.546758,143.823172,71.0,89.0,"-37.546758, 143.823172"
2020-02-08T11:39:46+00:00,Fairyland,-37.546758,143.823172,70.0,87.0,"-37.546758, 143.823172"
2020-02-08T09:54:47+00:00,Fairyland,-37.546758,143.823172,67.0,87.0,"-37.546758, 143.823172"
2020-02-08T07:09:48+00:00,Fairyland,-37.546758,143.823172,69.0,84.0,"-37.546758, 143.823172"
2020-02-08T06:39:49+00:00,Fairyland,-37.546758,143.823172,71.0,85.0,"-37.546758, 143.823172"
2020-02-07T15:24:56+00:00,Fairyland,-37.546758,143.823172,62.0,74.0,"-37.546758, 143.823172"
2020-02-07T14:39:57+00:00,Fairyland,-37.546758,143.823172,63.0,78.0,"-37.546758, 143.823172"
2020-02-07T13:24:57+00:00,Fairyland,-37.546758,143.823172,62.0,71.0,"-37.546758, 143.823172"
2020-02-06T08:10:08+00:00,Fairyland,-37.546758,143.823172,60.0,72.0,"-37.546758, 143.823172"
2020-02-06T07:25:09+00:00,Fairyland,-37.546758,143.823172,64.0,78.0,"-37.546758, 143.823172"
2020-02-06T00:10:11+00:00,Fairyland,-37.546758,143.823172,67.0,94.0,"-37.546758, 143.823172"
2020-02-05T22:55:12+00:00,Fairyland,-37.546758,143.823172,66.0,84.0,"-37.546758, 143.823172"
2020-02-05T11:40:18+00:00,Fairyland,-37.546758,143.823172,62.0,76.0,"-37.546758, 143.823172"
2020-02-05T08:55:18+00:00,Fairyland,-37.546758,143.823172,67.0,83.0,"-37.546758, 143.823172"
2020-02-05T06:25:19+00:00,Fairyland,-37.546758,143.823172,67.0,86.0,"-37.546758, 143.823172"
2020-02-04T16:10:25+00:00,Fairyland,-37.546758,143.823172,60.0,76.0,"-37.546758, 143.823172"
2020-02-02T19:25:43+00:00,Fairyland,-37.546758,143.823172,61.0,77.0,"-37.546758, 143.823172"
2020-02-02T19:10:43+00:00,Fairyland,-37.546758,143.823172,60.0,75.0,"-37.546758, 143.823172"
2020-02-02T11:25:48+00:00,Fairyland,-37.546758,143.823172,60.0,75.0,"-37.546758, 143.823172"
2020-02-01T01:56:01+00:00,Fairyland,-37.546758,143.823172,61.0,74.0,"-37.546758, 143.823172"
2020-01-31T14:26:06+00:00,Fairyland,-37.546758,143.823172,61.0,82.0,"-37.546758, 143.823172"
2020-01-31T13:41:06+00:00,Fairyland,-37.546758,143.823172,60.0,83.0,"-37.546758, 143.823172"
2020-01-24T14:27:15+00:00,Fairyland,-37.546758,143.823172,62.0,72.0,"-37.546758, 143.823172"
2020-01-22T17:27:41+00:00,Fairyland,-37.546758,143.823172,63.0,86.0,"-37.546758, 143.823172"
2020-01-22T14:12:36+00:00,Fairyland,-37.546758,143.823172,64.0,94.0,"-37.546758, 143.823172"
2020-01-22T13:42:35+00:00,Fairyland,-37.546758,143.823172,64.0,94.0,"-37.546758, 143.823172"
2020-01-22T11:27:36+00:00,Fairyland,-37.546758,143.823172,60.0,75.0,"-37.546758, 143.823172"
2020-01-22T10:12:38+00:00,Fairyland,-37.546758,143.823172,63.0,89.0,"-37.546758, 143.823172"
2020-01-19T20:43:02+00:00,Fairyland,-37.546758,143.823172,61.0,86.0,"-37.546758, 143.823172"
2020-01-19T19:28:02+00:00,Fairyland,-37.546758,143.823172,74.0,88.0,"-37.546758, 143.823172"
2020-01-19T18:28:02+00:00,Fairyland,-37.546758,143.823172,65.0,85.0,"-37.546758, 143.823172"
2020-01-17T08:13:27+00:00,Fairyland,-37.546758,143.823172,60.0,63.0,"-37.546758, 143.823172"
2020-01-16T10:58:36+00:00,Fairyland,-37.546758,143.823172,61.0,73.0,"-37.546758, 143.823172"
2020-01-15T12:58:45+00:00,Fairyland,-37.546758,143.823172,64.0,79.0,"-37.546758, 143.823172"
2020-01-15T07:43:47+00:00,Fairyland,-37.546758,143.823172,62.0,79.0,"-37.546758, 143.823172"
2020-01-14T20:13:52+00:00,Fairyland,-37.546758,143.823172,74.0,87.0,"-37.546758, 143.823172"
2020-01-14T19:28:53+00:00,Fairyland,-37.546758,143.823172,75.0,89.0,"-37.546758, 143.823172"
2020-01-13T01:59:11+00:00,Fairyland,-37.546758,143.823172,72.0,90.0,"-37.546758, 143.823172"
2020-01-13T01:44:11+00:00,Fairyland,-37.546758,143.823172,74.0,91.0,"-37.546758, 143.823172"
2020-01-12T17:44:14+00:00,Fairyland,-37.546758,143.823172,62.0,72.0,"-37.546758, 143.823172"
2020-01-12T15:59:15+00:00,Fairyland,-37.546758,143.823172,63.0,72.0,"-37.546758, 143.823172"
2020-01-10T13:29:34+00:00,Fairyland,-37.546758,143.823172,60.0,74.0,"-37.546758, 143.823172"
2020-01-10T07:59:37+00:00,Fairyland,-37.546758,143.823172,63.0,68.0,"-37.546758, 143.823172"
2020-01-09T09:44:46+00:00,Fairyland,-37.546758,143.823172,66.0,77.0,"-37.546758, 143.823172"
2020-01-09T09:29:46+00:00,Fairyland,-37.546758,143.823172,66.0,77.0,"-37.546758, 143.823172"
2020-01-09T08:29:46+00:00,Fairyland,-37.546758,143.823172,75.0,86.0,"-37.546758, 143.823172"
2020-01-09T07:14:47+00:00,Fairyland,-37.546758,143.823172,60.0,79.0,"-37.546758, 143.823172"
2020-01-09T04:29:48+00:00,Fairyland,-37.546758,143.823172,61.0,78.0,"-37.546758, 143.823172"
2020-01-09T02:29:50+00:00,Fairyland,-37.546758,143.823172,60.0,76.0,"-37.546758, 143.823172"
2020-01-08T17:59:52+00:00,Fairyland,-37.546758,143.823172,66.0,83.0,"-37.546758, 143.823172"
2020-01-08T10:59:56+00:00,Fairyland,-37.546758,143.823172,69.0,87.0,"-37.546758, 143.823172"
2020-01-08T10:14:56+00:00,Fairyland,-37.546758,143.823172,60.0,73.0,"-37.546758, 143.823172"
2020-01-08T08:14:57+00:00,Fairyland,-37.546758,143.823172,62.0,83.0,"-37.546758, 143.823172"
2020-01-07T20:15:02+00:00,Fairyland,-37.546758,143.823172,62.0,80.0,"-37.546758, 143.823172"
2020-01-07T18:15:03+00:00,Fairyland,-37.546758,143.823172,62.0,80.0,"-37.546758, 143.823172"
2020-06-11T04:19:15+00:00,Fairyland,-37.546758,143.823172,61.0,69.0,"-37.546758, 143.823172"
2020-06-12T22:04:00+00:00,Fairyland,-37.546758,143.823172,60.0,79.0,"-37.546758, 143.823172"
2020-06-14T07:33:44+00:00,Fairyland,-37.546758,143.823172,61.0,85.0,"-37.546758, 143.823172"
2020-06-16T03:48:26+00:00,Fairyland,-37.546758,143.823172,60.0,72.0,"-37.546758, 143.823172"
2020-06-16T04:48:25+00:00,Fairyland,-37.546758,143.823172,60.0,78.0,"-37.546758, 143.823172"
2020-06-17T22:48:08+00:00,Fairyland,-37.546758,143.823172,60.0,68.0,"-37.546758, 143.823172"
2020-06-19T05:17:56+00:00,Fairyland,-37.546758,143.823172,62.0,94.0,"-37.546758, 143.823172"
2021-03-11T21:49:08+00:00,Fairyland,-37.546758,143.823172,61.0,74.0,"-37.546758, 143.823172"
2021-01-25T01:11:48+00:00,Fairyland,-37.546758,143.823172,64.0,79.0,"-37.546758, 143.823172"
2021-01-28T08:41:15+00:00,Fairyland,-37.546758,143.823172,60.0,82.0,"-37.546758, 143.823172"
2021-01-28T17:56:11+00:00,Fairyland,-37.546758,143.823172,61.0,76.0,"-37.546758, 143.823172"
2021-01-20T00:12:39+00:00,Fairyland,-37.546758,143.823172,62.0,70.0,"-37.546758, 143.823172"
2021-01-27T07:41:27+00:00,Fairyland,-37.546758,143.823172,60.0,72.0,"-37.546758, 143.823172"
2021-04-06T01:44:56+00:00,Fairyland,-37.546758,143.823172,60.0,71.0,"-37.546758, 143.823172"
2021-02-04T21:55:00+00:00,Fairyland,-37.546758,143.823172,68.0,85.0,"-37.546758, 143.823172"
2021-02-04T22:25:00+00:00,Fairyland,-37.546758,143.823172,60.0,76.0,"-37.546758, 143.823172"
2021-02-04T22:10:00+00:00,Fairyland,-37.546758,143.823172,60.0,70.0,"-37.546758, 143.823172"
2021-02-04T22:54:59+00:00,Fairyland,-37.546758,143.823172,62.0,82.0,"-37.546758, 143.823172"
2021-02-06T01:54:48+00:00,Fairyland,-37.546758,143.823172,60.0,75.0,"-37.546758, 143.823172"
2021-02-08T01:09:27+00:00,Fairyland,-37.546758,143.823172,60.0,76.0,"-37.546758, 143.823172"
2020-09-29T03:46:24+00:00,Fairyland,-37.546758,143.823172,60.0,76.0,"-37.546758, 143.823172"
2020-10-26T03:41:56+00:00,Fairyland,-37.546758,143.823172,80.0,93.0,"-37.546758, 143.823172"
2020-10-27T12:26:42+00:00,Fairyland,-37.546758,143.823172,62.0,83.0,"-37.546758, 143.823172"
2020-10-21T13:12:42+00:00,Fairyland,-37.546758,143.823172,60.0,72.0,"-37.546758, 143.823172"
2020-10-22T11:12:32+00:00,Fairyland,-37.546758,143.823172,60.0,69.0,"-37.546758, 143.823172"
2020-10-26T17:26:52+00:00,Fairyland,-37.546758,143.823172,68.0,82.0,"-37.546758, 143.823172"
2020-10-26T18:11:51+00:00,Fairyland,-37.546758,143.823172,64.0,76.0,"-37.546758, 143.823172"
2020-10-07T11:30:02+00:00,Fairyland,-37.546758,143.823172,61.0,79.0,"-37.546758, 143.823172"
2020-09-29T03:01:25+00:00,Fairyland,-37.546758,143.823172,62.0,83.0,"-37.546758, 143.823172"
2020-10-08T10:29:53+00:00,Fairyland,-37.546758,143.823172,68.0,86.0,"-37.546758, 143.823172"
2020-10-08T13:44:52+00:00,Fairyland,-37.546758,143.823172,63.0,82.0,"-37.546758, 143.823172"
2020-10-08T18:44:50+00:00,Fairyland,-37.546758,143.823172,62.0,82.0,"-37.546758, 143.823172"
2020-10-09T04:14:45+00:00,Fairyland,-37.546758,143.823172,64.0,85.0,"-37.546758, 143.823172"
2020-10-07T12:00:02+00:00,Fairyland,-37.546758,143.823172,61.0,82.0,"-37.546758, 143.823172"
2020-10-08T01:59:55+00:00,Fairyland,-37.546758,143.823172,61.0,91.0,"-37.546758, 143.823172"
2020-10-11T09:44:23+00:00,Fairyland,-37.546758,143.823172,61.0,70.0,"-37.546758, 143.823172"
2020-11-07T16:09:51+00:00,Fairyland,-37.546758,143.823172,61.0,78.0,"-37.546758, 143.823172"
2020-11-08T18:54:40+00:00,Fairyland,-37.546758,143.823172,60.0,68.0,"-37.546758, 143.823172"
2020-11-10T20:24:19+00:00,Fairyland,-37.546758,143.823172,60.0,81.0,"-37.546758, 143.823172"
2020-11-15T21:08:29+00:00,Fairyland,-37.546758,143.823172,60.0,72.0,"-37.546758, 143.823172"
2020-11-16T20:53:19+00:00,Fairyland,-37.546758,143.823172,61.0,66.0,"-37.546758, 143.823172"
2020-10-29T23:11:18+00:00,Fairyland,-37.546758,143.823172,63.0,76.0,"-37.546758, 143.823172"
2020-11-03T02:25:37+00:00,Fairyland,-37.546758,143.823172,60.0,73.0,"-37.546758, 143.823172"
2023-11-24T08:32:59+00:00,Fairyland,-37.546758,143.823172,64.0,87.0,"-37.546758, 143.823172"
2020-11-28T16:06:22+00:00,Fairyland,-37.546758,143.823172,60.0,84.0,"-37.546758, 143.823172"
2020-12-01T05:05:57+00:00,Fairyland,-37.546758,143.823172,61.0,80.0,"-37.546758, 143.823172"
2020-12-02T03:50:46+00:00,Fairyland,-37.546758,143.823172,60.0,70.0,"-37.546758, 143.823172"
2020-12-05T07:35:15+00:00,Fairyland,-37.546758,143.823172,66.0,90.0,"-37.546758, 143.823172"
2020-12-11T07:49:14+00:00,Fairyland,-37.546758,143.823172,60.0,71.0,"-37.546758, 143.823172"
2020-12-11T09:19:14+00:00,Fairyland,-37.546758,143.823172,61.0,77.0,"-37.546758, 143.823172"
2020-12-12T09:49:04+00:00,Fairyland,-37.546758,143.823172,61.0,79.0,"-37.546758, 143.823172"
2020-12-12T10:04:04+00:00,Fairyland,-37.546758,143.823172,63.0,74.0,"-37.546758, 143.823172"
2020-12-12T10:34:04+00:00,Fairyland,-37.546758,143.823172,60.0,69.0,"-37.546758, 143.823172"
2020-12-12T11:19:04+00:00,Fairyland,-37.546758,143.823172,60.0,66.0,"-37.546758, 143.823172"
2020-12-16T12:48:24+00:00,Fairyland,-37.546758,143.823172,73.0,83.0,"-37.546758, 143.823172"
2020-12-27T05:31:35+00:00,Fairyland,-37.546758,143.823172,60.0,81.0,"-37.546758, 143.823172"
2020-12-31T07:45:55+00:00,Fairyland,-37.546758,143.823172,64.0,79.0,"-37.546758, 143.823172"
2020-12-31T08:15:54+00:00,Fairyland,-37.546758,143.823172,61.0,77.0,"-37.546758, 143.823172"
2020-12-31T12:45:52+00:00,Fairyland,-37.546758,143.823172,62.0,70.0,"-37.546758, 143.823172"
2021-01-02T08:30:35+00:00,Fairyland,-37.546758,143.823172,65.0,77.0,"-37.546758, 143.823172"
2020-07-02T01:15:51+00:00,Fairyland,-37.546758,143.823172,60.0,74.0,"-37.546758, 143.823172"
2020-07-28T02:56:40+00:00,Fairyland,-37.546758,143.823172,62.0,74.0,"-37.546758, 143.823172"
2020-07-28T04:26:39+00:00,Fairyland,-37.546758,143.823172,66.0,78.0,"-37.546758, 143.823172"
2020-07-28T06:26:39+00:00,Fairyland,-37.546758,143.823172,61.0,73.0,"-37.546758, 143.823172"
2020-07-28T19:56:33+00:00,Fairyland,-37.546758,143.823172,61.0,69.0,"-37.546758, 143.823172"
2020-06-30T01:31:10+00:00,Fairyland,-37.546758,143.823172,61.0,85.0,"-37.546758, 143.823172"
2020-07-01T10:15:57+00:00,Fairyland,-37.546758,143.823172,60.0,79.0,"-37.546758, 143.823172"
2020-07-18T04:58:16+00:00,Fairyland,-37.546758,143.823172,61.0,87.0,"-37.546758, 143.823172"
2020-07-18T05:13:16+00:00,Fairyland,-37.546758,143.823172,60.0,78.0,"-37.546758, 143.823172"
2020-07-25T17:12:03+00:00,Fairyland,-37.546758,143.823172,64.0,73.0,"-37.546758, 143.823172"
2020-06-30T02:31:10+00:00,Fairyland,-37.546758,143.823172,61.0,82.0,"-37.546758, 143.823172"
2020-06-30T04:01:09+00:00,Fairyland,-37.546758,143.823172,61.0,90.0,"-37.546758, 143.823172"
2020-07-12T00:29:16+00:00,Fairyland,-37.546758,143.823172,61.0,76.0,"-37.546758, 143.823172"
2020-07-12T23:14:07+00:00,Fairyland,-37.546758,143.823172,63.0,86.0,"-37.546758, 143.823172"
2020-07-13T20:43:58+00:00,Fairyland,-37.546758,143.823172,61.0,82.0,"-37.546758, 143.823172"
2020-07-13T21:13:58+00:00,Fairyland,-37.546758,143.823172,62.0,75.0,"-37.546758, 143.823172"
2020-07-14T16:43:50+00:00,Fairyland,-37.546758,143.823172,67.0,81.0,"-37.546758, 143.823172"
2020-07-15T00:28:47+00:00,Fairyland,-37.546758,143.823172,61.0,77.0,"-37.546758, 143.823172"
2020-07-07T06:30:02+00:00,Fairyland,-37.546758,143.823172,60.0,67.0,"-37.546758, 143.823172"
2020-08-12T02:39:15+00:00,Fairyland,-37.546758,143.823172,60.0,74.0,"-37.546758, 143.823172"
2020-08-12T04:09:15+00:00,Fairyland,-37.546758,143.823172,60.0,75.0,"-37.546758, 143.823172"
2020-08-19T11:08:03+00:00,Fairyland,-37.546758,143.823172,60.0,72.0,"-37.546758, 143.823172"
2020-08-19T12:08:03+00:00,Fairyland,-37.546758,143.823172,62.0,77.0,"-37.546758, 143.823172"
2020-08-19T13:53:02+00:00,Fairyland,-37.546758,143.823172,64.0,83.0,"-37.546758, 143.823172"
2020-08-19T15:38:01+00:00,Fairyland,-37.546758,143.823172,62.0,83.0,"-37.546758, 143.823172"
2020-08-19T16:08:01+00:00,Fairyland,-37.546758,143.823172,62.0,82.0,"-37.546758, 143.823172"
2020-08-19T16:23:01+00:00,Fairyland,-37.546758,143.823172,63.0,79.0,"-37.546758, 143.823172"
2020-08-19T19:08:00+00:00,Fairyland,-37.546758,143.823172,60.0,73.0,"-37.546758, 143.823172"
2020-08-20T05:07:56+00:00,Fairyland,-37.546758,143.823172,62.0,87.0,"-37.546758, 143.823172"
2020-08-20T05:52:55+00:00,Fairyland,-37.546758,143.823172,65.0,82.0,"-37.546758, 143.823172"
2020-08-21T02:37:47+00:00,Fairyland,-37.546758,143.823172,65.0,79.0,"-37.546758, 143.823172"
2020-08-21T02:52:47+00:00,Fairyland,-37.546758,143.823172,66.0,84.0,"-37.546758, 143.823172"
2023-12-24T10:57:55+00:00,Fairyland,-37.546758,143.823172,80.0,91.0,"-37.546758, 143.823172"
2023-12-24T10:42:55+00:00,Fairyland,-37.546758,143.823172,81.0,95.0,"-37.546758, 143.823172"
2023-12-24T14:12:54+00:00,Fairyland,-37.546758,143.823172,61.0,86.0,"-37.546758, 143.823172"
2021-06-09T10:04:20+00:00,Fairyland,-37.546758,143.823172,61.0,85.0,"-37.546758, 143.823172"
2021-06-09T21:49:16+00:00,Fairyland,-37.546758,143.823172,61.0,77.0,"-37.546758, 143.823172"
2021-06-08T03:34:33+00:00,Fairyland,-37.546758,143.823172,61.0,77.0,"-37.546758, 143.823172"
2021-06-09T21:04:16+00:00,Fairyland,-37.546758,143.823172,61.0,78.0,"-37.546758, 143.823172"
2021-06-09T12:04:19+00:00,Fairyland,-37.546758,143.823172,62.0,87.0,"-37.546758, 143.823172"
2021-05-11T18:24:01+00:00,Fairyland,-37.546758,143.823172,65.0,76.0,"-37.546758, 143.823172"
2021-05-11T21:54:00+00:00,Fairyland,-37.546758,143.823172,60.0,67.0,"-37.546758, 143.823172"
2021-05-11T12:39:04+00:00,Fairyland,-37.546758,143.823172,64.0,80.0,"-37.546758, 143.823172"
2021-01-10T09:14:15+00:00,Fairyland,-37.546758,143.823172,60.0,71.0,"-37.546758, 143.823172"
2021-01-12T13:58:52+00:00,Fairyland,-37.546758,143.823172,60.0,74.0,"-37.546758, 143.823172"
2021-02-14T23:08:18+00:00,Fairyland,-37.546758,143.823172,61.0,75.0,"-37.546758, 143.823172"
2021-02-20T01:52:26+00:00,Fairyland,-37.546758,143.823172,61.0,71.0,"-37.546758, 143.823172"
2021-07-04T02:45:19+00:00,Fairyland,-37.546758,143.823172,62.0,75.0,"-37.546758, 143.823172"
2021-07-04T04:00:18+00:00,Fairyland,-37.546758,143.823172,62.0,76.0,"-37.546758, 143.823172"
2021-06-25T05:01:46+00:00,Fairyland,-37.546758,143.823172,61.0,66.0,"-37.546758, 143.823172"
2021-07-17T01:58:13+00:00,Fairyland,-37.546758,143.823172,61.0,75.0,"-37.546758, 143.823172"
2023-12-10T18:30:13+00:00,Fairyland,-37.546758,143.823172,61.0,75.0,"-37.546758, 143.823172"
2021-07-15T07:13:30+00:00,Fairyland,-37.546758,143.823172,60.0,81.0,"-37.546758, 143.823172"
2021-08-15T13:38:26+00:00,Fairyland,-37.546758,143.823172,61.0,89.0,"-37.546758, 143.823172"
2021-08-15T20:23:23+00:00,Fairyland,-37.546758,143.823172,61.0,78.0,"-37.546758, 143.823172"
2021-08-15T21:23:23+00:00,Fairyland,-37.546758,143.823172,61.0,76.0,"-37.546758, 143.823172"
2021-08-02T00:55:39+00:00,Fairyland,-37.546758,143.823172,60.0,92.0,"-37.546758, 143.823172"
2021-08-02T00:10:39+00:00,Fairyland,-37.546758,143.823172,60.0,72.0,"-37.546758, 143.823172"
2021-08-03T08:40:27+00:00,Fairyland,-37.546758,143.823172,64.0,82.0,"-37.546758, 143.823172"
2021-10-28T09:53:41+00:00,Fairyland,-37.546758,143.823172,60.0,79.0,"-37.546758, 143.823172"
2021-10-28T18:23:37+00:00,Fairyland,-37.546758,143.823172,80.0,98.0,"-37.546758, 143.823172"
2021-10-28T19:23:37+00:00,Fairyland,-37.546758,143.823172,65.0,88.0,"-37.546758, 143.823172"
2021-11-14T01:22:16+00:00,Fairyland,-37.546758,143.823172,66.0,97.0,"-37.546758, 143.823172"
2021-11-14T09:37:10+00:00,Fairyland,-37.546758,143.823172,62.0,85.0,"-37.546758, 143.823172"
2021-11-14T08:22:11+00:00,Fairyland,-37.546758,143.823172,63.0,88.0,"-37.546758, 143.823172"
2021-11-14T11:22:10+00:00,Fairyland,-37.546758,143.823172,62.0,88.0,"-37.546758, 143.823172"
2021-11-17T00:21:45+00:00,Fairyland,-37.546758,143.823172,60.0,68.0,"-37.546758, 143.823172"
2021-11-21T21:05:58+00:00,Fairyland,-37.546758,143.823172,61.0,73.0,"-37.546758, 143.823172"
2021-11-21T20:21:04+00:00,Fairyland,-37.546758,143.823172,63.0,77.0,"-37.546758, 143.823172"
2021-10-12T22:53:25+00:00,Fairyland,-37.546758,143.823172,60.0,78.0,"-37.546758, 143.823172"
2021-09-29T08:10:47+00:00,Fairyland,-37.546758,143.823172,62.0,79.0,"-37.546758, 143.823172"
2021-11-04T20:08:45+00:00,Fairyland,-37.546758,143.823172,63.0,75.0,"-37.546758, 143.823172"
2021-12-28T05:44:54+00:00,Fairyland,-37.546758,143.823172,60.0,77.0,"-37.546758, 143.823172"
2021-12-29T08:44:41+00:00,Fairyland,-37.546758,143.823172,60.0,69.0,"-37.546758, 143.823172"
2022-01-05T09:13:39+00:00,Fairyland,-37.546758,143.823172,63.0,75.0,"-37.546758, 143.823172"
2022-01-05T06:28:40+00:00,Fairyland,-37.546758,143.823172,64.0,85.0,"-37.546758, 143.823172"
2022-01-05T11:28:30+00:00,Fairyland,-37.546758,143.823172,73.0,82.0,"-37.546758, 143.823172"
2022-01-09T09:42:52+00:00,Fairyland,-37.546758,143.823172,62.0,73.0,"-37.546758, 143.823172"
2022-03-03T21:48:55+00:00,Fairyland,-37.546758,143.823172,65.0,68.0,"-37.546758, 143.823172"
2022-03-05T06:48:41+00:00,Fairyland,-37.546758,143.823172,60.0,65.0,"-37.546758, 143.823172"
2022-03-06T06:03:31+00:00,Fairyland,-37.546758,143.823172,66.0,89.0,"-37.546758, 143.823172"
2022-03-06T12:18:26+00:00,Fairyland,-37.546758,143.823172,60.0,78.0,"-37.546758, 143.823172"
2022-03-06T19:33:32+00:00,Fairyland,-37.546758,143.823172,63.0,75.0,"-37.546758, 143.823172"
2022-03-06T20:48:23+00:00,Fairyland,-37.546758,143.823172,73.0,87.0,"-37.546758, 143.823172"
2022-03-06T18:18:24+00:00,Fairyland,-37.546758,143.823172,65.0,79.0,"-37.546758, 143.823172"
2022-02-23T03:05:24+00:00,Fairyland,-37.546758,143.823172,61.0,71.0,"-37.546758, 143.823172"
2022-02-25T14:19:59+00:00,Fairyland,-37.546758,143.823172,61.0,77.0,"-37.546758, 143.823172"
2022-02-27T10:04:47+00:00,Fairyland,-37.546758,143.823172,60.0,66.0,"-37.546758, 143.823172"
2022-02-27T03:49:41+00:00,Fairyland,-37.546758,143.823172,60.0,71.0,"-37.546758, 143.823172"
2022-02-09T05:07:41+00:00,Fairyland,-37.546758,143.823172,60.0,64.0,"-37.546758, 143.823172"
2022-02-11T19:22:16+00:00,Fairyland,-37.546758,143.823172,64.0,78.0,"-37.546758, 143.823172"
2022-02-12T09:52:12+00:00,Fairyland,-37.546758,143.823172,63.0,73.0,"-37.546758, 143.823172"
2022-02-11T20:52:16+00:00,Fairyland,-37.546758,143.823172,62.0,73.0,"-37.546758, 143.823172"
2022-02-06T09:23:12+00:00,Fairyland,-37.546758,143.823172,60.0,71.0,"-37.546758, 143.823172"
2022-02-07T08:23:01+00:00,Fairyland,-37.546758,143.823172,64.0,80.0,"-37.546758, 143.823172"
2022-02-20T22:35:46+00:00,Fairyland,-37.546758,143.823172,60.0,63.0,"-37.546758, 143.823172"
2022-01-23T06:25:31+00:00,Fairyland,-37.546758,143.823172,63.0,72.0,"-37.546758, 143.823172"
2022-01-25T07:40:13+00:00,Fairyland,-37.546758,143.823172,62.0,74.0,"-37.546758, 143.823172"
2022-04-01T00:14:10+00:00,Fairyland,-37.546758,143.823172,67.0,85.0,"-37.546758, 143.823172"
2022-04-01T00:29:10+00:00,Fairyland,-37.546758,143.823172,60.0,81.0,"-37.546758, 143.823172"
2022-04-17T14:41:25+00:00,Fairyland,-37.546758,143.823172,62.0,76.0,"-37.546758, 143.823172"
2020-04-03T03:45:34+00:00,Fairyland,6.0,6.0,60.0,86.0,"6.0, 6.0"
2020-04-04T02:15:23+00:00,Fairyland,6.0,6.0,62.0,79.0,"6.0, 6.0"
2020-04-19T18:42:49+00:00,Fairyland,-37.546758,143.823172,60.0,85.0,"-37.546758, 143.823172"
2020-04-30T13:56:01+00:00,Fairyland,-37.546758,143.823172,63.0,87.0,"-37.546758, 143.823172"
2020-04-30T21:40:58+00:00,Fairyland,-37.546758,143.823172,64.0,84.0,"-37.546758, 143.823172"
2020-04-30T23:10:57+00:00,Fairyland,-37.546758,143.823172,63.0,77.0,"-37.546758, 143.823172"
2020-05-01T08:25:53+00:00,Fairyland,-37.546758,143.823172,60.0,74.0,"-37.546758, 143.823172"
2020-05-03T23:25:28+00:00,Fairyland,-37.546758,143.823172,78.0,89.0,"-37.546758, 143.823172"
2020-05-04T04:10:26+00:00,Fairyland,-37.546758,143.823172,70.0,74.0,"-37.546758, 143.823172"
2020-05-05T23:25:09+00:00,Fairyland,-37.546758,143.823172,60.0,75.0,"-37.546758, 143.823172"
2020-05-06T01:25:08+00:00,Fairyland,-37.546758,143.823172,71.0,90.0,"-37.546758, 143.823172"
2020-05-07T01:24:58+00:00,Fairyland,-37.546758,143.823172,61.0,86.0,"-37.546758, 143.823172"
2020-05-07T05:24:55+00:00,Fairyland,-37.546758,143.823172,60.0,80.0,"-37.546758, 143.823172"
2020-05-11T23:39:09+00:00,Fairyland,-37.546758,143.823172,60.0,70.0,"-37.546758, 143.823172"
2020-05-18T04:08:09+00:00,Fairyland,-37.546758,143.823172,64.0,84.0,"-37.546758, 143.823172"
2020-05-18T04:38:08+00:00,Fairyland,-37.546758,143.823172,67.0,76.0,"-37.546758, 143.823172"
2020-05-18T22:23:01+00:00,Fairyland,-37.546758,143.823172,60.0,74.0,"-37.546758, 143.823172"
2020-05-19T01:08:00+00:00,Fairyland,-37.546758,143.823172,61.0,82.0,"-37.546758, 143.823172"
2020-05-19T23:52:52+00:00,Fairyland,-37.546758,143.823172,60.0,77.0,"-37.546758, 143.823172"
2020-05-20T01:07:52+00:00,Fairyland,-37.546758,143.823172,61.0,81.0,"-37.546758, 143.823172"
2020-05-20T02:37:51+00:00,Fairyland,-37.546758,143.823172,60.0,78.0,"-37.546758, 143.823172"
2020-05-25T03:07:02+00:00,Fairyland,-37.546758,143.823172,63.0,77.0,"-37.546758, 143.823172"
2020-05-26T02:36:53+00:00,Fairyland,-37.546758,143.823172,60.0,84.0,"-37.546758, 143.823172"
2020-05-26T22:51:42+00:00,Fairyland,-37.546758,143.823172,63.0,72.0,"-37.546758, 143.823172"
2020-05-29T16:21:17+00:00,Fairyland,-37.546758,143.823172,60.0,93.0,"-37.546758, 143.823172"
2020-05-29T18:06:16+00:00,Fairyland,-37.546758,143.823172,60.0,80.0,"-37.546758, 143.823172"
2020-05-29T23:36:14+00:00,Fairyland,-37.546758,143.823172,60.0,79.0,"-37.546758, 143.823172"
2020-05-30T00:36:14+00:00,Fairyland,-37.546758,143.823172,60.0,84.0,"-37.546758, 143.823172"
2020-05-30T03:51:12+00:00,Fairyland,-37.546758,143.823172,64.0,95.0,"-37.546758, 143.823172"
2020-05-30T04:21:12+00:00,Fairyland,-37.546758,143.823172,66.0,87.0,"-37.546758, 143.823172"
2020-05-30T08:36:09+00:00,Fairyland,-37.546758,143.823172,60.0,76.0,"-37.546758, 143.823172"
2021-01-27T12:56:24+00:00,Fairyland,-37.546758,143.823172,61.0,85.0,"-37.546758, 143.823172"
2021-01-15T02:58:27+00:00,Fairyland,-37.546758,143.823172,60.0,88.0,"-37.546758, 143.823172"
2021-01-15T01:43:27+00:00,Fairyland,-37.546758,143.823172,65.0,97.0,"-37.546758, 143.823172"
2021-01-27T03:41:28+00:00,Fairyland,-37.546758,143.823172,62.0,82.0,"-37.546758, 143.823172"
2021-02-09T00:24:17+00:00,Fairyland,-37.546758,143.823172,62.0,74.0,"-37.546758, 143.823172"
2021-01-13T06:58:46+00:00,Fairyland,-37.546758,143.823172,61.0,77.0,"-37.546758, 143.823172"
2021-01-28T00:56:18+00:00,Fairyland,-37.546758,143.823172,60.0,70.0,"-37.546758, 143.823172"
2021-02-04T20:54:59+00:00,Fairyland,-37.546758,143.823172,65.0,84.0,"-37.546758, 143.823172"
2021-02-14T22:38:18+00:00,Fairyland,-37.546758,143.823172,62.0,74.0,"-37.546758, 143.823172"
2021-02-19T01:07:37+00:00,Fairyland,-37.546758,143.823172,60.0,91.0,"-37.546758, 143.823172"
2021-03-16T09:03:23+00:00,Fairyland,-37.546758,143.823172,60.0,76.0,"-37.546758, 143.823172"
2020-06-13T11:03:53+00:00,Fairyland,-37.546758,143.823172,61.0,86.0,"-37.546758, 143.823172"
2020-06-13T15:18:51+00:00,Fairyland,-37.546758,143.823172,60.0,84.0,"-37.546758, 143.823172"
2020-06-13T17:48:51+00:00,Fairyland,-37.546758,143.823172,60.0,84.0,"-37.546758, 143.823172"
2020-06-19T04:32:57+00:00,Fairyland,-37.546758,143.823172,61.0,87.0,"-37.546758, 143.823172"
2020-06-18T23:32:59+00:00,Fairyland,-37.546758,143.823172,64.0,87.0,"-37.546758, 143.823172"
2020-06-18T23:47:59+00:00,Fairyland,-37.546758,143.823172,63.0,87.0,"-37.546758, 143.823172"
2020-06-19T00:17:58+00:00,Fairyland,-37.546758,143.823172,61.0,92.0,"-37.546758, 143.823172"
2020-06-19T01:17:58+00:00,Fairyland,-37.546758,143.823172,61.0,78.0,"-37.546758, 143.823172"
2020-04-03T13:30:29+00:00,Fairyland,6.0,6.0,62.0,81.0,"6.0, 6.0"
2020-04-03T13:15:29+00:00,Fairyland,6.0,6.0,61.0,82.0,"6.0, 6.0"
2020-04-04T03:15:23+00:00,Fairyland,6.0,6.0,60.0,79.0,"6.0, 6.0"
2020-04-09T03:29:34+00:00,Fairyland,6.0,6.0,62.0,72.0,"6.0, 6.0"
2020-04-15T03:28:34+00:00,Fairyland,6.0,6.0,75.0,93.0,"6.0, 6.0"
2020-04-15T03:43:34+00:00,Fairyland,6.0,6.0,65.0,87.0,"6.0, 6.0"
2020-04-17T04:58:13+00:00,Fairyland,6.0,6.0,60.0,76.0,"6.0, 6.0"
2020-04-19T20:12:49+00:00,Fairyland,-37.546758,143.823172,60.0,87.0,"-37.546758, 143.823172"
2020-04-20T01:27:47+00:00,Fairyland,-37.546758,143.823172,64.0,84.0,"-37.546758, 143.823172"
2020-04-20T03:42:46+00:00,Fairyland,-37.546758,143.823172,61.0,77.0,"-37.546758, 143.823172"
2020-06-29T04:16:20+00:00,Fairyland,-37.546758,143.823172,60.0,81.0,"-37.546758, 143.823172"
2020-06-30T00:01:11+00:00,Fairyland,-37.546758,143.823172,60.0,75.0,"-37.546758, 143.823172"
2020-06-30T03:31:10+00:00,Fairyland,-37.546758,143.823172,62.0,85.0,"-37.546758, 143.823172"
2020-07-01T03:16:00+00:00,Fairyland,-37.546758,143.823172,62.0,81.0,"-37.546758, 143.823172"
2020-07-02T03:00:50+00:00,Fairyland,-37.546758,143.823172,63.0,76.0,"-37.546758, 143.823172"
2020-10-03T03:15:45+00:00,Fairyland,-37.546758,143.823172,61.0,89.0,"-37.546758, 143.823172"
2020-10-03T03:30:45+00:00,Fairyland,-37.546758,143.823172,61.0,78.0,"-37.546758, 143.823172"
2020-10-03T04:15:44+00:00,Fairyland,-37.546758,143.823172,61.0,76.0,"-37.546758, 143.823172"
2020-10-03T04:30:44+00:00,Fairyland,-37.546758,143.823172,60.0,86.0,"-37.546758, 143.823172"
2020-09-21T05:32:41+00:00,Fairyland,-37.546758,143.823172,63.0,89.0,"-37.546758, 143.823172"
2020-10-06T01:30:17+00:00,Fairyland,-37.546758,143.823172,64.0,79.0,"-37.546758, 143.823172"
2020-10-07T12:15:01+00:00,Fairyland,-37.546758,143.823172,60.0,74.0,"-37.546758, 143.823172"
2020-10-08T17:59:50+00:00,Fairyland,-37.546758,143.823172,61.0,80.0,"-37.546758, 143.823172"
2020-09-21T04:32:41+00:00,Fairyland,-37.546758,143.823172,62.0,81.0,"-37.546758, 143.823172"
2020-09-22T06:47:31+00:00,Fairyland,-37.546758,143.823172,69.0,98.0,"-37.546758, 143.823172"
2020-09-29T04:01:24+00:00,Fairyland,-37.546758,143.823172,62.0,80.0,"-37.546758, 143.823172"
2020-10-07T12:30:01+00:00,Fairyland,-37.546758,143.823172,60.0,83.0,"-37.546758, 143.823172"
2020-07-11T23:59:16+00:00,Fairyland,-37.546758,143.823172,62.0,75.0,"-37.546758, 143.823172"
2020-07-12T02:44:15+00:00,Fairyland,-37.546758,143.823172,63.0,74.0,"-37.546758, 143.823172"
2020-07-12T23:59:06+00:00,Fairyland,-37.546758,143.823172,60.0,73.0,"-37.546758, 143.823172"
2020-10-09T04:44:45+00:00,Fairyland,-37.546758,143.823172,63.0,85.0,"-37.546758, 143.823172"
2020-10-10T03:29:35+00:00,Fairyland,-37.546758,143.823172,60.0,78.0,"-37.546758, 143.823172"
2020-10-13T04:44:06+00:00,Fairyland,-37.546758,143.823172,61.0,72.0,"-37.546758, 143.823172"
2020-10-13T18:14:01+00:00,Fairyland,-37.546758,143.823172,61.0,69.0,"-37.546758, 143.823172"
2020-07-14T23:28:48+00:00,Fairyland,-37.546758,143.823172,67.0,77.0,"-37.546758, 143.823172"
2020-07-14T23:58:47+00:00,Fairyland,-37.546758,143.823172,76.0,86.0,"-37.546758, 143.823172"
2020-07-15T05:58:44+00:00,Fairyland,-37.546758,143.823172,60.0,69.0,"-37.546758, 143.823172"
2020-12-06T06:35:06+00:00,Fairyland,-37.546758,143.823172,60.0,80.0,"-37.546758, 143.823172"
2020-12-06T10:20:05+00:00,Fairyland,-37.546758,143.823172,61.0,84.0,"-37.546758, 143.823172"
2020-12-06T12:50:04+00:00,Fairyland,-37.546758,143.823172,60.0,74.0,"-37.546758, 143.823172"
2020-09-07T10:19:58+00:00,Fairyland,-37.546758,143.823172,62.0,87.0,"-37.546758, 143.823172"
2020-09-07T11:34:58+00:00,Fairyland,-37.546758,143.823172,61.0,86.0,"-37.546758, 143.823172"
2020-12-10T23:34:18+00:00,Fairyland,-37.546758,143.823172,62.0,81.0,"-37.546758, 143.823172"
2020-10-13T02:59:05+00:00,Fairyland,-37.546758,143.823172,62.0,73.0,"-37.546758, 143.823172"
2020-10-13T03:59:05+00:00,Fairyland,-37.546758,143.823172,61.0,73.0,"-37.546758, 143.823172"
2020-10-13T06:29:05+00:00,Fairyland,-37.546758,143.823172,62.0,80.0,"-37.546758, 143.823172"
2020-10-13T07:14:05+00:00,Fairyland,-37.546758,143.823172,66.0,79.0,"-37.546758, 143.823172"
2020-10-13T06:59:05+00:00,Fairyland,-37.546758,143.823172,66.0,82.0,"-37.546758, 143.823172"
2020-11-17T10:23:14+00:00,Fairyland,-37.546758,143.823172,60.0,71.0,"-37.546758, 143.823172"
2020-11-15T23:53:28+00:00,Fairyland,-37.546758,143.823172,61.0,74.0,"-37.546758, 143.823172"
2020-10-19T03:13:07+00:00,Fairyland,-37.546758,143.823172,63.0,67.0,"-37.546758, 143.823172"
2020-11-11T21:09:09+00:00,Fairyland,-37.546758,143.823172,60.0,70.0,"-37.546758, 143.823172"
2020-11-12T00:54:09+00:00,Fairyland,-37.546758,143.823172,60.0,73.0,"-37.546758, 143.823172"
2020-11-15T21:38:28+00:00,Fairyland,-37.546758,143.823172,63.0,75.0,"-37.546758, 143.823172"
2020-10-21T09:42:43+00:00,Fairyland,-37.546758,143.823172,60.0,72.0,"-37.546758, 143.823172"
2020-10-21T10:57:42+00:00,Fairyland,-37.546758,143.823172,60.0,69.0,"-37.546758, 143.823172"
2020-10-21T16:42:40+00:00,Fairyland,-37.546758,143.823172,61.0,71.0,"-37.546758, 143.823172"
2020-10-21T17:27:40+00:00,Fairyland,-37.546758,143.823172,63.0,77.0,"-37.546758, 143.823172"
2020-11-20T10:07:45+00:00,Fairyland,-37.546758,143.823172,62.0,74.0,"-37.546758, 143.823172"
2020-10-21T20:42:38+00:00,Fairyland,-37.546758,143.823172,61.0,82.0,"-37.546758, 143.823172"
2020-10-21T23:57:37+00:00,Fairyland,-37.546758,143.823172,60.0,65.0,"-37.546758, 143.823172"
2020-10-25T20:41:59+00:00,Fairyland,-37.546758,143.823172,65.0,88.0,"-37.546758, 143.823172"
2020-10-25T21:56:58+00:00,Fairyland,-37.546758,143.823172,67.0,86.0,"-37.546758, 143.823172"
2020-10-26T05:11:57+00:00,Fairyland,-37.546758,143.823172,69.0,92.0,"-37.546758, 143.823172"
2020-10-26T12:26:54+00:00,Fairyland,-37.546758,143.823172,73.0,85.0,"-37.546758, 143.823172"
2020-10-26T17:56:52+00:00,Fairyland,-37.546758,143.823172,62.0,77.0,"-37.546758, 143.823172"
2020-10-24T23:27:07+00:00,Fairyland,-37.546758,143.823172,60.0,75.0,"-37.546758, 143.823172"
2020-10-25T17:12:00+00:00,Fairyland,-37.546758,143.823172,72.0,91.0,"-37.546758, 143.823172"
2020-10-25T19:26:59+00:00,Fairyland,-37.546758,143.823172,61.0,83.0,"-37.546758, 143.823172"
2020-10-25T23:56:58+00:00,Fairyland,-37.546758,143.823172,77.0,93.0,"-37.546758, 143.823172"
2020-10-26T01:26:57+00:00,Fairyland,-37.546758,143.823172,79.0,90.0,"-37.546758, 143.823172"
2020-10-26T02:56:57+00:00,Fairyland,-37.546758,143.823172,82.0,94.0,"-37.546758, 143.823172"
2020-10-26T10:11:55+00:00,Fairyland,-37.546758,143.823172,74.0,86.0,"-37.546758, 143.823172"
2020-10-26T10:41:55+00:00,Fairyland,-37.546758,143.823172,76.0,86.0,"-37.546758, 143.823172"
2020-10-26T15:11:53+00:00,Fairyland,-37.546758,143.823172,65.0,80.0,"-37.546758, 143.823172"
2020-10-26T15:26:53+00:00,Fairyland,-37.546758,143.823172,68.0,80.0,"-37.546758, 143.823172"
2020-10-26T15:41:53+00:00,Fairyland,-37.546758,143.823172,66.0,80.0,"-37.546758, 143.823172"
2020-10-26T19:26:51+00:00,Fairyland,-37.546758,143.823172,66.0,79.0,"-37.546758, 143.823172"
2020-10-26T19:41:51+00:00,Fairyland,-37.546758,143.823172,65.0,73.0,"-37.546758, 143.823172"
2020-10-26T22:26:50+00:00,Fairyland,-37.546758,143.823172,71.0,82.0,"-37.546758, 143.823172"
2020-10-27T00:26:49+00:00,Fairyland,-37.546758,143.823172,62.0,74.0,"-37.546758, 143.823172"
2020-10-27T02:56:48+00:00,Fairyland,-37.546758,143.823172,62.0,76.0,"-37.546758, 143.823172"
2020-10-27T03:41:48+00:00,Fairyland,-37.546758,143.823172,61.0,71.0,"-37.546758, 143.823172"
2020-10-27T07:41:46+00:00,Fairyland,-37.546758,143.823172,63.0,78.0,"-37.546758, 143.823172"
2020-10-28T08:11:36+00:00,Fairyland,-37.546758,143.823172,60.0,70.0,"-37.546758, 143.823172"
2020-10-28T20:56:30+00:00,Fairyland,-37.546758,143.823172,72.0,79.0,"-37.546758, 143.823172"
2020-10-28T21:11:30+00:00,Fairyland,-37.546758,143.823172,66.0,78.0,"-37.546758, 143.823172"
2020-10-29T02:26:28+00:00,Fairyland,-37.546758,143.823172,61.0,80.0,"-37.546758, 143.823172"
2020-10-29T21:26:19+00:00,Fairyland,-37.546758,143.823172,63.0,71.0,"-37.546758, 143.823172"
2020-11-03T05:40:35+00:00,Fairyland,-37.546758,143.823172,60.0,85.0,"-37.546758, 143.823172"
2020-11-07T21:54:49+00:00,Fairyland,-37.546758,143.823172,63.0,72.0,"-37.546758, 143.823172"
2020-10-30T00:11:17+00:00,Fairyland,-37.546758,143.823172,63.0,76.0,"-37.546758, 143.823172"
2020-10-30T00:41:17+00:00,Fairyland,-37.546758,143.823172,69.0,82.0,"-37.546758, 143.823172"
2020-10-21T17:12:40+00:00,Fairyland,-37.546758,143.823172,60.0,70.0,"-37.546758, 143.823172"
2020-10-26T20:11:51+00:00,Fairyland,-37.546758,143.823172,67.0,77.0,"-37.546758, 143.823172"
2020-10-29T22:11:18+00:00,Fairyland,-37.546758,143.823172,65.0,77.0,"-37.546758, 143.823172"
2020-10-29T23:56:18+00:00,Fairyland,-37.546758,143.823172,64.0,76.0,"-37.546758, 143.823172"
2020-10-30T01:11:17+00:00,Fairyland,-37.546758,143.823172,63.0,72.0,"-37.546758, 143.823172"
2020-11-02T21:40:39+00:00,Fairyland,-37.546758,143.823172,63.0,78.0,"-37.546758, 143.823172"
2020-11-10T00:09:28+00:00,Fairyland,-37.546758,143.823172,60.0,77.0,"-37.546758, 143.823172"
2020-10-21T09:57:43+00:00,Fairyland,-37.546758,143.823172,61.0,73.0,"-37.546758, 143.823172"
2020-10-21T13:42:41+00:00,Fairyland,-37.546758,143.823172,61.0,77.0,"-37.546758, 143.823172"
2020-10-21T18:42:39+00:00,Fairyland,-37.546758,143.823172,62.0,71.0,"-37.546758, 143.823172"
2020-10-25T22:11:59+00:00,Fairyland,-37.546758,143.823172,67.0,91.0,"-37.546758, 143.823172"
2020-10-26T07:11:56+00:00,Fairyland,-37.546758,143.823172,69.0,85.0,"-37.546758, 143.823172"
2020-10-27T13:56:42+00:00,Fairyland,-37.546758,143.823172,62.0,75.0,"-37.546758, 143.823172"
2020-11-03T02:10:37+00:00,Fairyland,-37.546758,143.823172,60.0,76.0,"-37.546758, 143.823172"
2020-11-03T03:55:36+00:00,Fairyland,-37.546758,143.823172,61.0,82.0,"-37.546758, 143.823172"
2020-11-03T08:55:34+00:00,Fairyland,-37.546758,143.823172,73.0,78.0,"-37.546758, 143.823172"
2020-11-07T21:09:49+00:00,Fairyland,-37.546758,143.823172,63.0,77.0,"-37.546758, 143.823172"
2021-01-06T22:29:48+00:00,Fairyland,-37.546758,143.823172,61.0,73.0,"-37.546758, 143.823172"
2021-05-10T08:09:15+00:00,Fairyland,-37.546758,143.823172,60.0,74.0,"-37.546758, 143.823172"
2021-05-25T03:21:50+00:00,Fairyland,-37.546758,143.823172,62.0,78.0,"-37.546758, 143.823172"
2021-05-25T17:36:43+00:00,Fairyland,-37.546758,143.823172,61.0,84.0,"-37.546758, 143.823172"
2021-07-24T14:57:01+00:00,Fairyland,-37.546758,143.823172,60.0,79.0,"-37.546758, 143.823172"
2021-07-14T02:58:42+00:00,Fairyland,-37.546758,143.823172,60.0,88.0,"-37.546758, 143.823172"
2021-07-17T02:43:12+00:00,Fairyland,-37.546758,143.823172,60.0,73.0,"-37.546758, 143.823172"
2021-08-03T10:25:27+00:00,Fairyland,-37.546758,143.823172,62.0,79.0,"-37.546758, 143.823172"
2021-08-16T07:38:19+00:00,Fairyland,-37.546758,143.823172,60.0,83.0,"-37.546758, 143.823172"
2020-04-30T07:26:03+00:00,Fairyland,-37.546758,143.823172,60.0,82.0,"-37.546758, 143.823172"
2020-04-30T15:56:00+00:00,Fairyland,-37.546758,143.823172,64.0,84.0,"-37.546758, 143.823172"
2020-04-30T22:10:57+00:00,Fairyland,-37.546758,143.823172,61.0,88.0,"-37.546758, 143.823172"
2020-04-30T23:55:57+00:00,Fairyland,-37.546758,143.823172,61.0,75.0,"-37.546758, 143.823172"
2020-05-01T01:40:56+00:00,Fairyland,-37.546758,143.823172,66.0,90.0,"-37.546758, 143.823172"
2020-05-01T02:10:56+00:00,Fairyland,-37.546758,143.823172,68.0,82.0,"-37.546758, 143.823172"
2020-05-01T05:25:54+00:00,Fairyland,-37.546758,143.823172,61.0,76.0,"-37.546758, 143.823172"
2020-05-01T12:25:51+00:00,Fairyland,-37.546758,143.823172,61.0,75.0,"-37.546758, 143.823172"
2020-05-01T15:10:50+00:00,Fairyland,-37.546758,143.823172,62.0,80.0,"-37.546758, 143.823172"
2020-05-06T03:10:07+00:00,Fairyland,-37.546758,143.823172,61.0,82.0,"-37.546758, 143.823172"
2020-05-06T21:24:59+00:00,Fairyland,-37.546758,143.823172,62.0,75.0,"-37.546758, 143.823172"
2020-05-09T03:54:36+00:00,Fairyland,-37.546758,143.823172,64.0,87.0,"-37.546758, 143.823172"
2021-10-28T18:53:37+00:00,Fairyland,-37.546758,143.823172,82.0,99.0,"-37.546758, 143.823172"
2020-02-25T15:21:54+00:00,Fairyland,-37.546758,143.823172,60.0,75.0,"-37.546758, 143.823172"
2020-02-25T13:51:55+00:00,Fairyland,-37.546758,143.823172,62.0,79.0,"-37.546758, 143.823172"
2021-01-10T08:59:15+00:00,Fairyland,-37.546758,143.823172,62.0,81.0,"-37.546758, 143.823172"
2021-11-12T03:52:34+00:00,Fairyland,-37.546758,143.823172,66.0,80.0,"-37.546758, 143.823172"
2020-12-15T09:33:34+00:00,Fairyland,-37.546758,143.823172,61.0,74.0,"-37.546758, 143.823172"
2020-12-20T09:02:44+00:00,Fairyland,-37.546758,143.823172,65.0,81.0,"-37.546758, 143.823172"
2020-12-20T11:47:43+00:00,Fairyland,-37.546758,143.823172,64.0,81.0,"-37.546758, 143.823172"
2021-11-26T10:05:16+00:00,Fairyland,-37.546758,143.823172,62.0,88.0,"-37.546758, 143.823172"
2021-11-26T11:20:10+00:00,Fairyland,-37.546758,143.823172,63.0,80.0,"-37.546758, 143.823172"
2021-11-26T20:20:12+00:00,Fairyland,-37.546758,143.823172,64.0,82.0,"-37.546758, 143.823172"
2021-11-27T00:05:17+00:00,Fairyland,-37.546758,143.823172,61.0,75.0,"-37.546758, 143.823172"
2020-12-29T04:31:16+00:00,Fairyland,-37.546758,143.823172,61.0,66.0,"-37.546758, 143.823172"
2021-09-29T06:25:48+00:00,Fairyland,-37.546758,143.823172,60.0,77.0,"-37.546758, 143.823172"
2021-02-08T00:54:27+00:00,Fairyland,-37.546758,143.823172,60.0,80.0,"-37.546758, 143.823172"
2021-02-08T23:24:17+00:00,Fairyland,-37.546758,143.823172,62.0,74.0,"-37.546758, 143.823172"
2021-09-30T06:55:37+00:00,Fairyland,-37.546758,143.823172,61.0,79.0,"-37.546758, 143.823172"
2021-02-14T22:53:19+00:00,Fairyland,-37.546758,143.823172,62.0,75.0,"-37.546758, 143.823172"
2021-02-20T03:22:26+00:00,Fairyland,-37.546758,143.823172,61.0,74.0,"-37.546758, 143.823172"
2021-02-08T18:24:19+00:00,Fairyland,-37.546758,143.823172,60.0,75.0,"-37.546758, 143.823172"
2021-02-08T22:24:18+00:00,Fairyland,-37.546758,143.823172,62.0,79.0,"-37.546758, 143.823172"
2021-02-08T23:09:17+00:00,Fairyland,-37.546758,143.823172,67.0,79.0,"-37.546758, 143.823172"
2021-02-17T20:37:48+00:00,Fairyland,-37.546758,143.823172,68.0,81.0,"-37.546758, 143.823172"
2021-02-17T21:52:48+00:00,Fairyland,-37.546758,143.823172,60.0,73.0,"-37.546758, 143.823172"
2021-02-18T22:37:38+00:00,Fairyland,-37.546758,143.823172,60.0,75.0,"-37.546758, 143.823172"
2020-11-17T04:08:16+00:00,Fairyland,-37.546758,143.823172,60.0,72.0,"-37.546758, 143.823172"
2020-11-20T07:37:46+00:00,Fairyland,-37.546758,143.823172,61.0,74.0,"-37.546758, 143.823172"
2020-11-20T12:07:44+00:00,Fairyland,-37.546758,143.823172,63.0,76.0,"-37.546758, 143.823172"
2020-11-26T15:21:43+00:00,Fairyland,-37.546758,143.823172,61.0,72.0,"-37.546758, 143.823172"
2020-12-05T10:20:14+00:00,Fairyland,-37.546758,143.823172,61.0,77.0,"-37.546758, 143.823172"
2020-12-06T03:50:06+00:00,Fairyland,-37.546758,143.823172,60.0,82.0,"-37.546758, 143.823172"
2020-11-20T09:37:45+00:00,Fairyland,-37.546758,143.823172,60.0,70.0,"-37.546758, 143.823172"
2020-11-22T06:52:25+00:00,Fairyland,-37.546758,143.823172,64.0,76.0,"-37.546758, 143.823172"
2020-12-02T21:20:39+00:00,Fairyland,-37.546758,143.823172,60.0,67.0,"-37.546758, 143.823172"
2020-11-01T04:40:56+00:00,Fairyland,-37.546758,143.823172,60.0,76.0,"-37.546758, 143.823172"
2020-11-02T00:40:49+00:00,Fairyland,-37.546758,143.823172,61.0,76.0,"-37.546758, 143.823172"
2020-11-07T19:54:50+00:00,Fairyland,-37.546758,143.823172,60.0,74.0,"-37.546758, 143.823172"
2020-11-11T20:54:10+00:00,Fairyland,-37.546758,143.823172,60.0,74.0,"-37.546758, 143.823172"
2021-10-11T11:49:55+00:00,Fairyland,-37.546758,143.823172,61.0,71.0,"-37.546758, 143.823172"
2020-11-26T06:36:46+00:00,Fairyland,-37.546758,143.823172,63.0,73.0,"-37.546758, 143.823172"
2020-11-26T14:51:43+00:00,Fairyland,-37.546758,143.823172,60.0,70.0,"-37.546758, 143.823172"
2020-11-26T15:06:43+00:00,Fairyland,-37.546758,143.823172,60.0,69.0,"-37.546758, 143.823172"
2020-12-06T21:35:00+00:00,Fairyland,-37.546758,143.823172,62.0,75.0,"-37.546758, 143.823172"
2021-10-12T23:08:25+00:00,Fairyland,-37.546758,143.823172,60.0,72.0,"-37.546758, 143.823172"
2020-11-28T16:51:22+00:00,Fairyland,-37.546758,143.823172,60.0,76.0,"-37.546758, 143.823172"
2020-12-01T08:05:56+00:00,Fairyland,-37.546758,143.823172,60.0,87.0,"-37.546758, 143.823172"
2020-11-03T07:40:34+00:00,Fairyland,-37.546758,143.823172,66.0,72.0,"-37.546758, 143.823172"
2020-11-07T16:24:51+00:00,Fairyland,-37.546758,143.823172,60.0,73.0,"-37.546758, 143.823172"
2020-11-13T04:38:57+00:00,Fairyland,-37.546758,143.823172,66.0,87.0,"-37.546758, 143.823172"
2020-11-20T20:37:41+00:00,Fairyland,-37.546758,143.823172,61.0,74.0,"-37.546758, 143.823172"
2021-12-04T21:33:45+00:00,Fairyland,-37.546758,143.823172,62.0,79.0,"-37.546758, 143.823172"
2021-12-05T20:33:36+00:00,Fairyland,-37.546758,143.823172,68.0,83.0,"-37.546758, 143.823172"
2021-12-31T00:59:24+00:00,Fairyland,-37.546758,143.823172,60.0,75.0,"-37.546758, 143.823172"
2021-01-27T23:56:19+00:00,Fairyland,-37.546758,143.823172,60.0,69.0,"-37.546758, 143.823172"
2021-01-28T07:26:16+00:00,Fairyland,-37.546758,143.823172,62.0,71.0,"-37.546758, 143.823172"
2021-01-28T21:11:10+00:00,Fairyland,-37.546758,143.823172,64.0,75.0,"-37.546758, 143.823172"
2021-01-25T00:41:48+00:00,Fairyland,-37.546758,143.823172,65.0,85.0,"-37.546758, 143.823172"
2021-01-25T01:56:48+00:00,Fairyland,-37.546758,143.823172,63.0,84.0,"-37.546758, 143.823172"
2021-01-26T23:56:30+00:00,Fairyland,-37.546758,143.823172,63.0,80.0,"-37.546758, 143.823172"
2021-01-31T01:10:47+00:00,Fairyland,-37.546758,143.823172,60.0,73.0,"-37.546758, 143.823172"
2022-01-01T01:29:16+00:00,Fairyland,-37.546758,143.823172,60.0,69.0,"-37.546758, 143.823172"
2021-01-20T00:42:39+00:00,Fairyland,-37.546758,143.823172,60.0,70.0,"-37.546758, 143.823172"
2021-01-27T00:56:29+00:00,Fairyland,-37.546758,143.823172,60.0,73.0,"-37.546758, 143.823172"
2022-01-11T01:57:35+00:00,Fairyland,-37.546758,143.823172,63.0,78.0,"-37.546758, 143.823172"
2022-01-11T00:27:36+00:00,Fairyland,-37.546758,143.823172,61.0,74.0,"-37.546758, 143.823172"
2021-04-05T22:14:58+00:00,Fairyland,-37.546758,143.823172,63.0,72.0,"-37.546758, 143.823172"
2022-01-05T10:58:32+00:00,Fairyland,-37.546758,143.823172,70.0,83.0,"-37.546758, 143.823172"
2022-01-03T22:28:47+00:00,Fairyland,-37.546758,143.823172,61.0,67.0,"-37.546758, 143.823172"
2021-05-11T11:54:04+00:00,Fairyland,-37.546758,143.823172,71.0,84.0,"-37.546758, 143.823172"
2021-05-11T17:54:02+00:00,Fairyland,-37.546758,143.823172,61.0,73.0,"-37.546758, 143.823172"
2021-05-12T22:08:51+00:00,Fairyland,-37.546758,143.823172,64.0,70.0,"-37.546758, 143.823172"
2021-05-12T22:38:51+00:00,Fairyland,-37.546758,143.823172,60.0,66.0,"-37.546758, 143.823172"
2022-01-05T09:58:33+00:00,Fairyland,-37.546758,143.823172,78.0,87.0,"-37.546758, 143.823172"
2022-03-19T02:46:19+00:00,Fairyland,-37.546758,143.823172,77.0,89.0,"-37.546758, 143.823172"
2022-03-19T09:31:18+00:00,Fairyland,-37.546758,143.823172,79.0,93.0,"-37.546758, 143.823172"
2022-03-19T10:31:16+00:00,Fairyland,-37.546758,143.823172,71.0,91.0,"-37.546758, 143.823172"
2022-03-25T17:15:13+00:00,Fairyland,-37.546758,143.823172,61.0,75.0,"-37.546758, 143.823172"
2022-03-31T01:44:20+00:00,Fairyland,-37.546758,143.823172,60.0,63.0,"-37.546758, 143.823172"
2022-03-13T03:32:22+00:00,Fairyland,-37.546758,143.823172,65.0,72.0,"-37.546758, 143.823172"
2022-03-12T07:17:30+00:00,Fairyland,-37.546758,143.823172,66.0,74.0,"-37.546758, 143.823172"
2022-03-12T06:02:29+00:00,Fairyland,-37.546758,143.823172,60.0,69.0,"-37.546758, 143.823172"
2022-03-16T05:16:48+00:00,Fairyland,-37.546758,143.823172,60.0,69.0,"-37.546758, 143.823172"
2021-06-09T10:34:20+00:00,Fairyland,-37.546758,143.823172,65.0,82.0,"-37.546758, 143.823172"
2021-06-09T20:49:16+00:00,Fairyland,-37.546758,143.823172,60.0,76.0,"-37.546758, 143.823172"
2021-06-10T00:04:15+00:00,Fairyland,-37.546758,143.823172,61.0,76.0,"-37.546758, 143.823172"
2021-06-09T02:34:23+00:00,Fairyland,-37.546758,143.823172,60.0,78.0,"-37.546758, 143.823172"
2021-06-09T03:49:22+00:00,Fairyland,-37.546758,143.823172,61.0,72.0,"-37.546758, 143.823172"
2021-06-09T06:34:21+00:00,Fairyland,-37.546758,143.823172,60.0,74.0,"-37.546758, 143.823172"
2021-06-09T14:49:18+00:00,Fairyland,-37.546758,143.823172,65.0,86.0,"-37.546758, 143.823172"
2022-03-14T00:17:11+00:00,Fairyland,-37.546758,143.823172,63.0,82.0,"-37.546758, 143.823172"
2022-03-14T06:17:09+00:00,Fairyland,-37.546758,143.823172,70.0,77.0,"-37.546758, 143.823172"
2022-03-31T22:29:11+00:00,Fairyland,-37.546758,143.823172,61.0,75.0,"-37.546758, 143.823172"
2021-06-09T21:19:16+00:00,Fairyland,-37.546758,143.823172,61.0,75.0,"-37.546758, 143.823172"
2021-03-21T09:32:33+00:00,Fairyland,-37.546758,143.823172,68.0,92.0,"-37.546758, 143.823172"
2022-03-31T22:44:17+00:00,Fairyland,-37.546758,143.823172,62.0,82.0,"-37.546758, 143.823172"
2022-03-31T23:59:10+00:00,Fairyland,-37.546758,143.823172,64.0,81.0,"-37.546758, 143.823172"
2022-04-02T00:44:02+00:00,Fairyland,-37.546758,143.823172,62.0,75.0,"-37.546758, 143.823172"
2022-04-04T00:58:40+00:00,Fairyland,-37.546758,143.823172,66.0,77.0,"-37.546758, 143.823172"
2021-04-15T00:43:26+00:00,Fairyland,-37.546758,143.823172,60.0,82.0,"-37.546758, 143.823172"
2022-04-06T23:28:09+00:00,Fairyland,-37.546758,143.823172,60.0,71.0,"-37.546758, 143.823172"
2021-07-28T03:56:26+00:00,Fairyland,-37.546758,143.823172,61.0,84.0,"-37.546758, 143.823172"
2022-02-24T06:50:27+00:00,Fairyland,-37.546758,143.823172,62.0,76.0,"-37.546758, 143.823172"
2021-08-04T09:55:17+00:00,Fairyland,-37.546758,143.823172,60.0,86.0,"-37.546758, 143.823172"
2022-01-26T06:25:01+00:00,Fairyland,-37.546758,143.823172,60.0,80.0,"-37.546758, 143.823172"
2022-01-27T01:09:55+00:00,Fairyland,-37.546758,143.823172,60.0,78.0,"-37.546758, 143.823172"
2021-07-13T22:43:43+00:00,Fairyland,-37.546758,143.823172,60.0,80.0,"-37.546758, 143.823172"
2021-07-14T04:28:41+00:00,Fairyland,-37.546758,143.823172,60.0,84.0,"-37.546758, 143.823172"
2021-07-14T04:58:41+00:00,Fairyland,-37.546758,143.823172,60.0,73.0,"-37.546758, 143.823172"
2021-07-14T15:43:36+00:00,Fairyland,-37.546758,143.823172,60.0,71.0,"-37.546758, 143.823172"
2022-01-30T06:24:23+00:00,Fairyland,-37.546758,143.823172,62.0,72.0,"-37.546758, 143.823172"
2022-02-09T02:37:48+00:00,Fairyland,-37.546758,143.823172,61.0,66.0,"-37.546758, 143.823172"
2022-02-13T01:22:04+00:00,Fairyland,-37.546758,143.823172,60.0,78.0,"-37.546758, 143.823172"
2021-09-19T21:47:40+00:00,Fairyland,-37.546758,143.823172,63.0,76.0,"-37.546758, 143.823172"
2022-03-02T01:19:14+00:00,Fairyland,-37.546758,143.823172,64.0,71.0,"-37.546758, 143.823172"
2022-03-02T00:34:12+00:00,Fairyland,-37.546758,143.823172,60.0,70.0,"-37.546758, 143.823172"
2022-01-27T23:09:46+00:00,Fairyland,-37.546758,143.823172,64.0,69.0,"-37.546758, 143.823172"
2022-01-20T21:55:57+00:00,Fairyland,-37.546758,143.823172,64.0,66.0,"-37.546758, 143.823172"
2022-09-29T19:44:19+00:00,Fairyland,-37.546758,143.823172,61.0,73.0,"-37.546758, 143.823172"
2022-02-25T13:20:00+00:00,Fairyland,-37.546758,143.823172,61.0,75.0,"-37.546758, 143.823172"
2022-02-26T05:49:53+00:00,Fairyland,-37.546758,143.823172,62.0,81.0,"-37.546758, 143.823172"
2022-02-26T07:34:50+00:00,Fairyland,-37.546758,143.823172,61.0,81.0,"-37.546758, 143.823172"
2022-02-26T14:49:46+00:00,Fairyland,-37.546758,143.823172,61.0,75.0,"-37.546758, 143.823172"
2022-02-26T14:34:46+00:00,Fairyland,-37.546758,143.823172,61.0,72.0,"-37.546758, 143.823172"
2022-02-26T06:04:51+00:00,Fairyland,-37.546758,143.823172,60.0,84.0,"-37.546758, 143.823172"
2022-02-27T08:04:41+00:00,Fairyland,-37.546758,143.823172,66.0,81.0,"-37.546758, 143.823172"
2022-02-27T09:19:47+00:00,Fairyland,-37.546758,143.823172,63.0,72.0,"-37.546758, 143.823172"
2022-02-27T09:49:40+00:00,Fairyland,-37.546758,143.823172,61.0,71.0,"-37.546758, 143.823172"
2022-02-27T02:19:50+00:00,Fairyland,-37.546758,143.823172,62.0,71.0,"-37.546758, 143.823172"
2022-09-01T18:03:55+00:00,Fairyland,-37.546758,143.823172,60.0,75.0,"-37.546758, 143.823172"
2022-02-13T00:07:05+00:00,Fairyland,-37.546758,143.823172,60.0,79.0,"-37.546758, 143.823172"
2022-03-04T14:03:48+00:00,Fairyland,-37.546758,143.823172,63.0,84.0,"-37.546758, 143.823172"
2022-03-06T11:48:27+00:00,Fairyland,-37.546758,143.823172,62.0,84.0,"-37.546758, 143.823172"
2022-03-11T09:17:38+00:00,Fairyland,-37.546758,143.823172,60.0,67.0,"-37.546758, 143.823172"
2022-03-12T05:47:30+00:00,Fairyland,-37.546758,143.823172,62.0,70.0,"-37.546758, 143.823172"
2022-03-14T22:17:02+00:00,Fairyland,-37.546758,143.823172,64.0,69.0,"-37.546758, 143.823172"
2022-03-19T05:46:18+00:00,Fairyland,-37.546758,143.823172,71.0,80.0,"-37.546758, 143.823172"
2022-03-19T03:16:26+00:00,Fairyland,-37.546758,143.823172,68.0,83.0,"-37.546758, 143.823172"
2022-03-31T21:29:11+00:00,Fairyland,-37.546758,143.823172,65.0,71.0,"-37.546758, 143.823172"
2022-04-07T09:13:09+00:00,Fairyland,-37.546758,143.823172,60.0,79.0,"-37.546758, 143.823172"
2022-10-05T10:43:23+00:00,Fairyland,-37.546758,143.823172,60.0,74.0,"-37.546758, 143.823172"
2022-10-06T07:43:14+00:00,Fairyland,-37.546758,143.823172,60.0,83.0,"-37.546758, 143.823172"
2022-10-06T21:43:08+00:00,Fairyland,-37.546758,143.823172,61.0,73.0,"-37.546758, 143.823172"
2022-06-27T22:44:38+00:00,Fairyland,-37.546758,143.823172,61.0,66.0,"-37.546758, 143.823172"
2022-06-04T15:48:26+00:00,Fairyland,-37.546758,143.823172,60.0,98.0,"-37.546758, 143.823172"
2022-06-04T05:33:30+00:00,Fairyland,-37.546758,143.823172,62.0,75.0,"-37.546758, 143.823172"
2022-05-31T04:19:09+00:00,Fairyland,-37.546758,143.823172,61.0,75.0,"-37.546758, 143.823172"
2022-07-31T21:54:07+00:00,Fairyland,-37.546758,143.823172,65.0,84.0,"-37.546758, 143.823172"
2022-07-25T01:55:14+00:00,Fairyland,-37.546758,143.823172,60.0,68.0,"-37.546758, 143.823172"
2022-07-25T03:25:13+00:00,Fairyland,-37.546758,143.823172,64.0,70.0,"-37.546758, 143.823172"
2022-08-14T15:36:53+00:00,Fairyland,-37.546758,143.823172,60.0,80.0,"-37.546758, 143.823172"
2022-09-12T21:47:05+00:00,Fairyland,-37.546758,143.823172,60.0,71.0,"-37.546758, 143.823172"
2022-08-24T21:50:13+00:00,Fairyland,-37.546758,143.823172,60.0,67.0,"-37.546758, 143.823172"
2023-03-30T20:28:57+00:00,Fairyland,-37.546758,143.823172,60.0,67.0,"-37.546758, 143.823172"
2023-01-09T20:57:21+00:00,Fairyland,-37.546758,143.823172,65.0,75.0,"-37.546758, 143.823172"
2023-03-23T20:15:08+00:00,Fairyland,-37.546758,143.823172,60.0,73.0,"-37.546758, 143.823172"
2023-05-07T21:37:38+00:00,Fairyland,-37.546758,143.823172,67.0,83.0,"-37.546758, 143.823172"
2023-05-01T21:23:37+00:00,Fairyland,-37.546758,143.823172,60.0,65.0,"-37.546758, 143.823172"
2023-07-08T17:10:57+00:00,Fairyland,-37.546758,143.823172,60.0,78.0,"-37.546758, 143.823172"
2023-10-04T21:26:24+00:00,Fairyland,-37.546758,143.823172,60.0,65.0,"-37.546758, 143.823172"
2023-08-22T21:48:32+00:00,Fairyland,-37.546758,143.823172,60.0,62.0,"-37.546758, 143.823172"
2023-06-03T07:33:16+00:00,Fairyland,-37.546758,143.823172,62.0,82.0,"-37.546758, 143.823172"
2020-04-02T05:00:49+00:00,Fairyland,-37.546758,143.823172,68.0,86.0,"-37.546758, 143.823172"
2020-04-02T03:30:49+00:00,Fairyland,-37.546758,143.823172,77.0,90.0,"-37.546758, 143.823172"
2020-03-30T15:31:14+00:00,Fairyland,-37.546758,143.823172,63.0,71.0,"-37.546758, 143.823172"
2020-03-30T15:01:14+00:00,Fairyland,-37.546758,143.823172,60.0,74.0,"-37.546758, 143.823172"
2020-03-26T15:31:54+00:00,Fairyland,-37.546758,143.823172,64.0,74.0,"-37.546758, 143.823172"
2020-03-26T12:16:56+00:00,Fairyland,-37.546758,143.823172,68.0,83.0,"-37.546758, 143.823172"
2020-03-26T11:01:57+00:00,Fairyland,-37.546758,143.823172,66.0,81.0,"-37.546758, 143.823172"
2020-03-20T15:32:53+00:00,Fairyland,-37.546758,143.823172,60.0,78.0,"-37.546758, 143.823172"
2020-03-20T13:17:55+00:00,Fairyland,-37.546758,143.823172,62.0,80.0,"-37.546758, 143.823172"
2020-06-13T17:03:51+00:00,Fairyland,-37.546758,143.823172,60.0,80.0,"-37.546758, 143.823172"
2020-06-20T14:47:43+00:00,Fairyland,-37.546758,143.823172,63.0,83.0,"-37.546758, 143.823172"
2021-04-14T04:13:34+00:00,Fairyland,-37.546758,143.823172,60.0,77.0,"-37.546758, 143.823172"
2021-04-14T00:43:36+00:00,Fairyland,-37.546758,143.823172,60.0,75.0,"-37.546758, 143.823172"
2020-08-21T05:52:46+00:00,Fairyland,-37.546758,143.823172,60.0,75.0,"-37.546758, 143.823172"
2020-08-21T23:37:39+00:00,Fairyland,-37.546758,143.823172,61.0,77.0,"-37.546758, 143.823172"
2020-08-22T03:07:37+00:00,Fairyland,-37.546758,143.823172,64.0,80.0,"-37.546758, 143.823172"
2020-08-27T01:21:51+00:00,Fairyland,-37.546758,143.823172,61.0,84.0,"-37.546758, 143.823172"
2020-08-27T09:06:48+00:00,Fairyland,-37.546758,143.823172,61.0,79.0,"-37.546758, 143.823172"
2020-08-29T03:06:30+00:00,Fairyland,-37.546758,143.823172,61.0,77.0,"-37.546758, 143.823172"
2020-08-30T09:51:19+00:00,Fairyland,-37.546758,143.823172,64.0,87.0,"-37.546758, 143.823172"
2020-09-01T22:50:52+00:00,Fairyland,-37.546758,143.823172,62.0,86.0,"-37.546758, 143.823172"
2020-09-02T03:50:50+00:00,Fairyland,-37.546758,143.823172,63.0,90.0,"-37.546758, 143.823172"
2020-09-03T03:05:41+00:00,Fairyland,-37.546758,143.823172,60.0,82.0,"-37.546758, 143.823172"
2020-09-17T04:18:22+00:00,Fairyland,-37.546758,143.823172,64.0,77.0,"-37.546758, 143.823172"
2020-09-17T06:18:21+00:00,Fairyland,-37.546758,143.823172,61.0,79.0,"-37.546758, 143.823172"
2020-09-17T14:18:18+00:00,Fairyland,-37.546758,143.823172,60.0,80.0,"-37.546758, 143.823172"
2020-09-17T17:18:16+00:00,Fairyland,-37.546758,143.823172,61.0,79.0,"-37.546758, 143.823172"
2020-09-17T17:33:17+00:00,Fairyland,-37.546758,143.823172,64.0,76.0,"-37.546758, 143.823172"
2020-09-17T19:33:16+00:00,Fairyland,-37.546758,143.823172,65.0,75.0,"-37.546758, 143.823172"
2020-09-19T02:33:02+00:00,Fairyland,-37.546758,143.823172,68.0,87.0,"-37.546758, 143.823172"
2020-09-19T04:03:02+00:00,Fairyland,-37.546758,143.823172,62.0,81.0,"-37.546758, 143.823172"
2020-09-19T08:03:00+00:00,Fairyland,-37.546758,143.823172,65.0,82.0,"-37.546758, 143.823172"
2020-09-19T09:18:00+00:00,Fairyland,-37.546758,143.823172,70.0,92.0,"-37.546758, 143.823172"
2020-09-19T09:47:59+00:00,Fairyland,-37.546758,143.823172,64.0,92.0,"-37.546758, 143.823172"
2020-09-23T04:17:22+00:00,Fairyland,-37.546758,143.823172,60.0,73.0,"-37.546758, 143.823172"
2020-09-23T00:47:23+00:00,Fairyland,-37.546758,143.823172,60.0,71.0,"-37.546758, 143.823172"
2020-10-02T04:15:55+00:00,Fairyland,-37.546758,143.823172,61.0,85.0,"-37.546758, 143.823172"
2020-10-03T01:15:46+00:00,Fairyland,-37.546758,143.823172,60.0,83.0,"-37.546758, 143.823172"
2020-10-02T01:15:57+00:00,Fairyland,-37.546758,143.823172,60.0,77.0,"-37.546758, 143.823172"
2020-08-22T05:52:36+00:00,Fairyland,-37.546758,143.823172,69.0,89.0,"-37.546758, 143.823172"
2020-08-29T00:21:31+00:00,Fairyland,-37.546758,143.823172,60.0,83.0,"-37.546758, 143.823172"
2020-08-30T09:36:19+00:00,Fairyland,-37.546758,143.823172,62.0,77.0,"-37.546758, 143.823172"
2020-08-21T18:37:41+00:00,Fairyland,-37.546758,143.823172,64.0,82.0,"-37.546758, 143.823172"
2020-08-21T21:07:40+00:00,Fairyland,-37.546758,143.823172,60.0,76.0,"-37.546758, 143.823172"
2020-08-27T08:21:48+00:00,Fairyland,-37.546758,143.823172,65.0,88.0,"-37.546758, 143.823172"
2020-08-27T10:21:48+00:00,Fairyland,-37.546758,143.823172,63.0,79.0,"-37.546758, 143.823172"
2020-08-29T04:06:29+00:00,Fairyland,-37.546758,143.823172,60.0,76.0,"-37.546758, 143.823172"
2020-09-01T06:50:59+00:00,Fairyland,-37.546758,143.823172,60.0,88.0,"-37.546758, 143.823172"
2020-09-07T11:49:58+00:00,Fairyland,-37.546758,143.823172,61.0,92.0,"-37.546758, 143.823172"
2020-09-08T23:04:43+00:00,Fairyland,-37.546758,143.823172,63.0,83.0,"-37.546758, 143.823172"
2020-10-02T02:15:56+00:00,Fairyland,-37.546758,143.823172,61.0,80.0,"-37.546758, 143.823172"
2020-10-03T04:00:44+00:00,Fairyland,-37.546758,143.823172,60.0,76.0,"-37.546758, 143.823172"
2020-10-06T03:30:16+00:00,Fairyland,-37.546758,143.823172,61.0,78.0,"-37.546758, 143.823172"
2020-09-01T13:50:57+00:00,Fairyland,-37.546758,143.823172,60.0,87.0,"-37.546758, 143.823172"
2020-09-02T02:20:51+00:00,Fairyland,-37.546758,143.823172,64.0,90.0,"-37.546758, 143.823172"
2020-09-06T22:05:04+00:00,Fairyland,-37.546758,143.823172,61.0,86.0,"-37.546758, 143.823172"
2020-10-02T02:00:56+00:00,Fairyland,-37.546758,143.823172,62.0,86.0,"-37.546758, 143.823172"
2020-10-02T00:00:57+00:00,Fairyland,-37.546758,143.823172,63.0,83.0,"-37.546758, 143.823172"
2020-08-21T22:37:39+00:00,Fairyland,-37.546758,143.823172,65.0,80.0,"-37.546758, 143.823172"
2020-09-01T23:50:52+00:00,Fairyland,-37.546758,143.823172,63.0,90.0,"-37.546758, 143.823172"
2020-09-07T06:05:00+00:00,Fairyland,-37.546758,143.823172,63.0,90.0,"-37.546758, 143.823172"
2020-10-13T06:14:05+00:00,Fairyland,-37.546758,143.823172,64.0,74.0,"-37.546758, 143.823172"
2020-10-21T21:42:38+00:00,Fairyland,-37.546758,143.823172,66.0,74.0,"-37.546758, 143.823172"
2020-10-25T16:27:00+00:00,Fairyland,-37.546758,143.823172,75.0,91.0,"-37.546758, 143.823172"
2020-12-05T05:05:16+00:00,Fairyland,-37.546758,143.823172,60.0,73.0,"-37.546758, 143.823172"
2020-12-06T06:20:06+00:00,Fairyland,-37.546758,143.823172,62.0,74.0,"-37.546758, 143.823172"
2020-12-06T20:20:01+00:00,Fairyland,-37.546758,143.823172,69.0,80.0,"-37.546758, 143.823172"
2020-12-06T21:50:00+00:00,Fairyland,-37.546758,143.823172,60.0,71.0,"-37.546758, 143.823172"
2020-12-11T09:49:14+00:00,Fairyland,-37.546758,143.823172,60.0,72.0,"-37.546758, 143.823172"
2020-08-19T13:38:02+00:00,Fairyland,-37.546758,143.823172,61.0,82.0,"-37.546758, 143.823172"
2020-08-19T15:53:01+00:00,Fairyland,-37.546758,143.823172,63.0,79.0,"-37.546758, 143.823172"
2021-05-25T23:36:42+00:00,Fairyland,-37.546758,143.823172,60.0,85.0,"-37.546758, 143.823172"
2023-12-24T16:57:53+00:00,Fairyland,-37.546758,143.823172,62.0,75.0,"-37.546758, 143.823172"
2021-06-09T11:49:19+00:00,Fairyland,-37.546758,143.823172,62.0,83.0,"-37.546758, 143.823172"
2021-06-09T15:49:19+00:00,Fairyland,-37.546758,143.823172,64.0,85.0,"-37.546758, 143.823172"
2021-05-05T16:55:02+00:00,Fairyland,-37.546758,143.823172,62.0,76.0,"-37.546758, 143.823172"
2021-07-31T09:25:55+00:00,Fairyland,-37.546758,143.823172,60.0,71.0,"-37.546758, 143.823172"
2021-07-29T21:26:09+00:00,Fairyland,-37.546758,143.823172,61.0,80.0,"-37.546758, 143.823172"
2021-07-24T17:41:59+00:00,Fairyland,-37.546758,143.823172,60.0,75.0,"-37.546758, 143.823172"
2021-07-27T22:41:28+00:00,Fairyland,-37.546758,143.823172,63.0,86.0,"-37.546758, 143.823172"
2021-09-06T22:34:48+00:00,Fairyland,-37.546758,143.823172,60.0,71.0,"-37.546758, 143.823172"
2021-10-28T10:08:41+00:00,Fairyland,-37.546758,143.823172,61.0,81.0,"-37.546758, 143.823172"
2021-09-29T07:25:47+00:00,Fairyland,-37.546758,143.823172,62.0,73.0,"-37.546758, 143.823172"
2021-12-27T18:59:57+00:00,Fairyland,-37.546758,143.823172,60.0,77.0,"-37.546758, 143.823172"
2021-12-04T23:33:47+00:00,Fairyland,-37.546758,143.823172,63.0,76.0,"-37.546758, 143.823172"
2022-01-05T05:28:32+00:00,Fairyland,-37.546758,143.823172,63.0,75.0,"-37.546758, 143.823172"
2022-03-02T00:49:12+00:00,Fairyland,-37.546758,143.823172,60.0,67.0,"-37.546758, 143.823172"
2022-03-02T04:49:10+00:00,Fairyland,-37.546758,143.823172,61.0,73.0,"-37.546758, 143.823172"
2022-03-02T01:04:12+00:00,Fairyland,-37.546758,143.823172,61.0,74.0,"-37.546758, 143.823172"
2024-02-13T20:49:16+00:00,Fairyland,-37.546758,143.823172,63.0,77.0,"-37.546758, 143.823172"
2022-03-06T06:33:29+00:00,Fairyland,-37.546758,143.823172,68.0,85.0,"-37.546758, 143.823172"
2022-03-06T04:48:30+00:00,Fairyland,-37.546758,143.823172,60.0,77.0,"-37.546758, 143.823172"
2022-03-06T07:33:30+00:00,Fairyland,-37.546758,143.823172,65.0,85.0,"-37.546758, 143.823172"
2022-03-06T19:18:23+00:00,Fairyland,-37.546758,143.823172,63.0,79.0,"-37.546758, 143.823172"
2022-03-06T22:03:22+00:00,Fairyland,-37.546758,143.823172,60.0,70.0,"-37.546758, 143.823172"
2022-03-09T02:33:03+00:00,Fairyland,-37.546758,143.823172,61.0,81.0,"-37.546758, 143.823172"
2022-02-24T03:20:19+00:00,Fairyland,-37.546758,143.823172,62.0,74.0,"-37.546758, 143.823172"
2024-03-07T23:30:24+00:00,Fairyland,-37.546758,143.823172,61.0,75.0,"-37.546758, 143.823172"
2022-02-21T23:20:34+00:00,Fairyland,-37.546758,143.823172,66.0,78.0,"-37.546758, 143.823172"
2022-02-27T06:49:39+00:00,Fairyland,-37.546758,143.823172,63.0,72.0,"-37.546758, 143.823172"
2022-02-27T07:34:41+00:00,Fairyland,-37.546758,143.823172,66.0,74.0,"-37.546758, 143.823172"
2022-02-12T09:37:09+00:00,Fairyland,-37.546758,143.823172,65.0,77.0,"-37.546758, 143.823172"
2022-01-24T09:55:21+00:00,Fairyland,-37.546758,143.823172,61.0,74.0,"-37.546758, 143.823172"
2022-01-30T05:24:23+00:00,Fairyland,-37.546758,143.823172,62.0,70.0,"-37.546758, 143.823172"
2022-01-30T07:54:20+00:00,Fairyland,-37.546758,143.823172,68.0,76.0,"-37.546758, 143.823172"
2022-01-30T09:24:22+00:00,Fairyland,-37.546758,143.823172,60.0,73.0,"-37.546758, 143.823172"
2022-02-17T22:36:13+00:00,Fairyland,-37.546758,143.823172,64.0,69.0,"-37.546758, 143.823172"
2022-02-19T09:06:00+00:00,Fairyland,-37.546758,143.823172,61.0,72.0,"-37.546758, 143.823172"
2022-01-24T07:55:20+00:00,Fairyland,-37.546758,143.823172,63.0,73.0,"-37.546758, 143.823172"
2022-03-13T01:17:21+00:00,Fairyland,-37.546758,143.823172,63.0,77.0,"-37.546758, 143.823172"
2022-03-14T05:17:09+00:00,Fairyland,-37.546758,143.823172,62.0,71.0,"-37.546758, 143.823172"
2022-03-14T06:47:08+00:00,Fairyland,-37.546758,143.823172,69.0,79.0,"-37.546758, 143.823172"
2022-03-16T04:46:48+00:00,Fairyland,-37.546758,143.823172,60.0,69.0,"-37.546758, 143.823172"
2022-03-18T18:01:23+00:00,Fairyland,-37.546758,143.823172,66.0,82.0,"-37.546758, 143.823172"
2022-03-18T20:16:22+00:00,Fairyland,-37.546758,143.823172,61.0,71.0,"-37.546758, 143.823172"
2022-03-18T23:01:21+00:00,Fairyland,-37.546758,143.823172,60.0,72.0,"-37.546758, 143.823172"
2022-03-19T03:01:19+00:00,Fairyland,-37.546758,143.823172,65.0,94.0,"-37.546758, 143.823172"
2022-03-19T04:31:19+00:00,Fairyland,-37.546758,143.823172,70.0,85.0,"-37.546758, 143.823172"
2022-03-19T08:31:19+00:00,Fairyland,-37.546758,143.823172,72.0,86.0,"-37.546758, 143.823172"
2022-03-19T02:31:19+00:00,Fairyland,-37.546758,143.823172,79.0,90.0,"-37.546758, 143.823172"
2022-03-19T06:31:18+00:00,Fairyland,-37.546758,143.823172,62.0,85.0,"-37.546758, 143.823172"
2022-01-18T19:11:17+00:00,Fairyland,-37.546758,143.823172,62.0,84.0,"-37.546758, 143.823172"
2022-01-18T19:56:17+00:00,Fairyland,-37.546758,143.823172,62.0,80.0,"-37.546758, 143.823172"
2022-01-19T05:41:11+00:00,Fairyland,-37.546758,143.823172,72.0,86.0,"-37.546758, 143.823172"
2022-01-19T05:56:21+00:00,Fairyland,-37.546758,143.823172,71.0,88.0,"-37.546758, 143.823172"
2022-01-19T07:41:13+00:00,Fairyland,-37.546758,143.823172,68.0,82.0,"-37.546758, 143.823172"
2022-01-19T08:41:10+00:00,Fairyland,-37.546758,143.823172,63.0,80.0,"-37.546758, 143.823172"
2022-01-19T12:41:10+00:00,Fairyland,-37.546758,143.823172,66.0,79.0,"-37.546758, 143.823172"
2022-01-18T18:56:18+00:00,Fairyland,-37.546758,143.823172,63.0,81.0,"-37.546758, 143.823172"
2022-01-19T21:26:15+00:00,Fairyland,-37.546758,143.823172,66.0,68.0,"-37.546758, 143.823172"
2022-04-07T01:13:08+00:00,Fairyland,-37.546758,143.823172,60.0,75.0,"-37.546758, 143.823172"
2022-04-07T03:58:09+00:00,Fairyland,-37.546758,143.823172,64.0,76.0,"-37.546758, 143.823172"
2022-03-31T23:29:17+00:00,Fairyland,-37.546758,143.823172,63.0,80.0,"-37.546758, 143.823172"
2020-04-03T23:00:25+00:00,Fairyland,6.0,6.0,60.0,85.0,"6.0, 6.0"
2020-04-04T06:30:22+00:00,Fairyland,6.0,6.0,60.0,74.0,"6.0, 6.0"
2020-04-05T03:30:13+00:00,Fairyland,6.0,6.0,60.0,80.0,"6.0, 6.0"
2020-04-15T03:13:34+00:00,Fairyland,6.0,6.0,66.0,90.0,"6.0, 6.0"
2020-03-26T14:01:56+00:00,Fairyland,-37.546758,143.823172,62.0,77.0,"-37.546758, 143.823172"
2020-03-24T10:17:16+00:00,Fairyland,-37.546758,143.823172,61.0,73.0,"-37.546758, 143.823172"
2020-03-20T14:47:55+00:00,Fairyland,-37.546758,143.823172,62.0,78.0,"-37.546758, 143.823172"
2020-03-20T09:17:57+00:00,Fairyland,-37.546758,143.823172,62.0,69.0,"-37.546758, 143.823172"
2020-03-10T08:19:39+00:00,Fairyland,-37.546758,143.823172,60.0,68.0,"-37.546758, 143.823172"
2020-03-09T16:49:44+00:00,Fairyland,-37.546758,143.823172,65.0,76.0,"-37.546758, 143.823172"
2020-03-09T14:19:45+00:00,Fairyland,-37.546758,143.823172,66.0,81.0,"-37.546758, 143.823172"
2020-03-09T13:34:45+00:00,Fairyland,-37.546758,143.823172,67.0,85.0,"-37.546758, 143.823172"
2020-03-09T11:19:46+00:00,Fairyland,-37.546758,143.823172,70.0,102.0,"-37.546758, 143.823172"
2020-03-09T10:34:46+00:00,Fairyland,-37.546758,143.823172,61.0,72.0,"-37.546758, 143.823172"
2020-03-09T03:04:51+00:00,Fairyland,-37.546758,143.823172,61.0,84.0,"-37.546758, 143.823172"
2020-03-08T17:49:54+00:00,Fairyland,-37.546758,143.823172,69.0,84.0,"-37.546758, 143.823172"
2020-03-08T17:34:54+00:00,Fairyland,-37.546758,143.823172,69.0,84.0,"-37.546758, 143.823172"
2020-03-08T16:49:55+00:00,Fairyland,-37.546758,143.823172,60.0,76.0,"-37.546758, 143.823172"
2020-03-08T15:34:55+00:00,Fairyland,-37.546758,143.823172,71.0,83.0,"-37.546758, 143.823172"
2020-03-08T11:49:56+00:00,Fairyland,-37.546758,143.823172,63.0,81.0,"-37.546758, 143.823172"
2020-03-02T13:35:56+00:00,Fairyland,-37.546758,143.823172,60.0,70.0,"-37.546758, 143.823172"
2020-02-29T22:21:13+00:00,Fairyland,-37.546758,143.823172,62.0,73.0,"-37.546758, 143.823172"
2020-02-29T21:06:12+00:00,Fairyland,-37.546758,143.823172,60.0,69.0,"-37.546758, 143.823172"
2020-02-26T11:21:45+00:00,Fairyland,-37.546758,143.823172,60.0,64.0,"-37.546758, 143.823172"
2020-02-24T10:37:06+00:00,Fairyland,-37.546758,143.823172,60.0,71.0,"-37.546758, 143.823172"
2020-02-22T10:22:26+00:00,Fairyland,-37.546758,143.823172,69.0,82.0,"-37.546758, 143.823172"
2020-02-16T19:08:22+00:00,Fairyland,-37.546758,143.823172,65.0,81.0,"-37.546758, 143.823172"
2020-02-16T09:08:27+00:00,Fairyland,-37.546758,143.823172,61.0,81.0,"-37.546758, 143.823172"
2020-02-15T19:53:32+00:00,Fairyland,-37.546758,143.823172,61.0,72.0,"-37.546758, 143.823172"
2020-02-15T16:53:33+00:00,Fairyland,-37.546758,143.823172,62.0,69.0,"-37.546758, 143.823172"
2020-02-15T16:38:33+00:00,Fairyland,-37.546758,143.823172,60.0,70.0,"-37.546758, 143.823172"
2020-02-15T14:53:36+00:00,Fairyland,-37.546758,143.823172,60.0,67.0,"-37.546758, 143.823172"
2020-02-14T13:23:46+00:00,Fairyland,-37.546758,143.823172,63.0,77.0,"-37.546758, 143.823172"
2020-02-13T07:08:57+00:00,Fairyland,-37.546758,143.823172,66.0,82.0,"-37.546758, 143.823172"
2020-02-12T20:54:02+00:00,Fairyland,-37.546758,143.823172,61.0,82.0,"-37.546758, 143.823172"
2020-02-10T08:54:27+00:00,Fairyland,-37.546758,143.823172,63.0,76.0,"-37.546758, 143.823172"
2020-02-10T08:24:28+00:00,Fairyland,-37.546758,143.823172,64.0,78.0,"-37.546758, 143.823172"
2020-02-10T01:39:31+00:00,Fairyland,-37.546758,143.823172,68.0,82.0,"-37.546758, 143.823172"
2020-02-09T23:24:32+00:00,Fairyland,-37.546758,143.823172,64.0,80.0,"-37.546758, 143.823172"
2020-02-09T01:09:41+00:00,Fairyland,-37.546758,143.823172,61.0,77.0,"-37.546758, 143.823172"
2020-02-08T23:39:41+00:00,Fairyland,-37.546758,143.823172,61.0,84.0,"-37.546758, 143.823172"
2020-02-08T23:24:42+00:00,Fairyland,-37.546758,143.823172,62.0,86.0,"-37.546758, 143.823172"
2020-02-08T19:09:43+00:00,Fairyland,-37.546758,143.823172,76.0,91.0,"-37.546758, 143.823172"
2020-02-08T16:09:44+00:00,Fairyland,-37.546758,143.823172,70.0,87.0,"-37.546758, 143.823172"
2020-02-08T15:09:45+00:00,Fairyland,-37.546758,143.823172,72.0,87.0,"-37.546758, 143.823172"
2020-02-08T12:39:46+00:00,Fairyland,-37.546758,143.823172,65.0,83.0,"-37.546758, 143.823172"
2020-02-08T04:24:50+00:00,Fairyland,-37.546758,143.823172,62.0,81.0,"-37.546758, 143.823172"
2020-02-08T01:39:51+00:00,Fairyland,-37.546758,143.823172,60.0,82.0,"-37.546758, 143.823172"
2020-02-06T02:10:11+00:00,Fairyland,-37.546758,143.823172,60.0,78.0,"-37.546758, 143.823172"
2020-02-05T19:55:13+00:00,Fairyland,-37.546758,143.823172,63.0,83.0,"-37.546758, 143.823172"
2020-02-05T18:25:14+00:00,Fairyland,-37.546758,143.823172,68.0,83.0,"-37.546758, 143.823172"
2020-02-05T04:40:19+00:00,Fairyland,-37.546758,143.823172,63.0,81.0,"-37.546758, 143.823172"
2020-02-02T15:25:46+00:00,Fairyland,-37.546758,143.823172,63.0,80.0,"-37.546758, 143.823172"
2020-01-31T17:56:05+00:00,Fairyland,-37.546758,143.823172,60.0,78.0,"-37.546758, 143.823172"
2020-01-31T07:56:08+00:00,Fairyland,-37.546758,143.823172,61.0,69.0,"-37.546758, 143.823172"
2020-01-24T15:12:14+00:00,Fairyland,-37.546758,143.823172,60.0,71.0,"-37.546758, 143.823172"
2020-01-17T20:28:22+00:00,Fairyland,-37.546758,143.823172,64.0,86.0,"-37.546758, 143.823172"
2020-01-15T13:13:46+00:00,Fairyland,-37.546758,143.823172,62.0,72.0,"-37.546758, 143.823172"
2020-01-15T12:13:45+00:00,Fairyland,-37.546758,143.823172,60.0,67.0,"-37.546758, 143.823172"
2020-01-13T12:14:06+00:00,Fairyland,-37.546758,143.823172,60.0,73.0,"-37.546758, 143.823172"
2020-01-13T01:29:11+00:00,Fairyland,-37.546758,143.823172,75.0,89.0,"-37.546758, 143.823172"
2020-01-12T19:14:13+00:00,Fairyland,-37.546758,143.823172,70.0,80.0,"-37.546758, 143.823172"
2020-01-12T18:59:14+00:00,Fairyland,-37.546758,143.823172,69.0,76.0,"-37.546758, 143.823172"
2020-05-20T23:37:41+00:00,Fairyland,-37.546758,143.823172,72.0,80.0,"-37.546758, 143.823172"
2020-05-24T23:52:03+00:00,Fairyland,-37.546758,143.823172,78.0,92.0,"-37.546758, 143.823172"
2020-05-31T22:20:54+00:00,Fairyland,-37.546758,143.823172,62.0,74.0,"-37.546758, 143.823172"
2020-06-01T00:35:53+00:00,Fairyland,-37.546758,143.823172,67.0,92.0,"-37.546758, 143.823172"
2020-06-01T02:35:52+00:00,Fairyland,-37.546758,143.823172,61.0,79.0,"-37.546758, 143.823172"
2020-06-01T03:20:52+00:00,Fairyland,-37.546758,143.823172,64.0,77.0,"-37.546758, 143.823172"
2020-06-01T04:05:51+00:00,Fairyland,-37.546758,143.823172,60.0,72.0,"-37.546758, 143.823172"
2021-03-10T00:34:27+00:00,Fairyland,-37.546758,143.823172,60.0,70.0,"-37.546758, 143.823172"
2021-01-15T04:28:26+00:00,Fairyland,-37.546758,143.823172,60.0,74.0,"-37.546758, 143.823172"
2021-01-25T04:11:47+00:00,Fairyland,-37.546758,143.823172,61.0,79.0,"-37.546758, 143.823172"
2021-01-26T21:26:31+00:00,Fairyland,-37.546758,143.823172,62.0,79.0,"-37.546758, 143.823172"
2021-01-27T11:11:25+00:00,Fairyland,-37.546758,143.823172,68.0,87.0,"-37.546758, 143.823172"
2021-02-08T23:39:17+00:00,Fairyland,-37.546758,143.823172,61.0,77.0,"-37.546758, 143.823172"
2021-02-04T20:24:59+00:00,Fairyland,-37.546758,143.823172,71.0,88.0,"-37.546758, 143.823172"
2021-02-09T00:39:17+00:00,Fairyland,-37.546758,143.823172,60.0,72.0,"-37.546758, 143.823172"
2021-01-28T19:56:10+00:00,Fairyland,-37.546758,143.823172,61.0,74.0,"-37.546758, 143.823172"
2021-01-09T09:59:25+00:00,Fairyland,-37.546758,143.823172,61.0,72.0,"-37.546758, 143.823172"
2021-01-15T06:28:26+00:00,Fairyland,-37.546758,143.823172,61.0,77.0,"-37.546758, 143.823172"
2021-01-28T23:41:08+00:00,Fairyland,-37.546758,143.823172,62.0,84.0,"-37.546758, 143.823172"
2021-03-18T08:33:04+00:00,Fairyland,-37.546758,143.823172,67.0,80.0,"-37.546758, 143.823172"
2021-03-22T01:17:26+00:00,Fairyland,-37.546758,143.823172,61.0,77.0,"-37.546758, 143.823172"
2021-03-21T12:02:32+00:00,Fairyland,-37.546758,143.823172,62.0,83.0,"-37.546758, 143.823172"
2021-03-21T05:32:34+00:00,Fairyland,-37.546758,143.823172,60.0,67.0,"-37.546758, 143.823172"
2021-03-18T08:48:04+00:00,Fairyland,-37.546758,143.823172,62.0,83.0,"-37.546758, 143.823172"
2021-03-18T08:18:05+00:00,Fairyland,-37.546758,143.823172,62.0,73.0,"-37.546758, 143.823172"
2021-04-06T07:59:54+00:00,Fairyland,-37.546758,143.823172,60.0,73.0,"-37.546758, 143.823172"
2021-04-06T11:44:52+00:00,Fairyland,-37.546758,143.823172,60.0,70.0,"-37.546758, 143.823172"
2021-04-06T13:29:52+00:00,Fairyland,-37.546758,143.823172,63.0,75.0,"-37.546758, 143.823172"
2020-06-13T03:03:57+00:00,Fairyland,-37.546758,143.823172,63.0,88.0,"-37.546758, 143.823172"
2020-06-12T22:48:59+00:00,Fairyland,-37.546758,143.823172,60.0,87.0,"-37.546758, 143.823172"
2020-06-16T05:03:25+00:00,Fairyland,-37.546758,143.823172,62.0,76.0,"-37.546758, 143.823172"
2020-06-29T04:31:20+00:00,Fairyland,-37.546758,143.823172,70.0,90.0,"-37.546758, 143.823172"
2020-06-30T03:01:10+00:00,Fairyland,-37.546758,143.823172,61.0,74.0,"-37.546758, 143.823172"
2020-06-30T05:01:09+00:00,Fairyland,-37.546758,143.823172,60.0,73.0,"-37.546758, 143.823172"
2020-07-01T02:46:00+00:00,Fairyland,-37.546758,143.823172,61.0,88.0,"-37.546758, 143.823172"
2020-07-01T03:01:00+00:00,Fairyland,-37.546758,143.823172,60.0,81.0,"-37.546758, 143.823172"
2020-04-04T05:00:22+00:00,Fairyland,6.0,6.0,60.0,77.0,"6.0, 6.0"
2020-04-05T02:00:14+00:00,Fairyland,6.0,6.0,62.0,81.0,"6.0, 6.0"
2020-04-10T18:29:18+00:00,Fairyland,6.0,6.0,62.0,79.0,"6.0, 6.0"
2020-04-11T02:14:14+00:00,Fairyland,6.0,6.0,66.0,90.0,"6.0, 6.0"
2020-07-01T10:00:58+00:00,Fairyland,-37.546758,143.823172,61.0,84.0,"-37.546758, 143.823172"
2020-07-13T01:59:06+00:00,Fairyland,-37.546758,143.823172,63.0,87.0,"-37.546758, 143.823172"
2020-07-14T00:28:57+00:00,Fairyland,-37.546758,143.823172,72.0,82.0,"-37.546758, 143.823172"
2020-07-14T06:28:54+00:00,Fairyland,-37.546758,143.823172,66.0,80.0,"-37.546758, 143.823172"
2020-07-14T18:28:49+00:00,Fairyland,-37.546758,143.823172,78.0,89.0,"-37.546758, 143.823172"
2020-07-18T01:43:17+00:00,Fairyland,-37.546758,143.823172,60.0,78.0,"-37.546758, 143.823172"
2020-07-18T03:58:16+00:00,Fairyland,-37.546758,143.823172,62.0,89.0,"-37.546758, 143.823172"
2020-07-19T06:43:05+00:00,Fairyland,-37.546758,143.823172,72.0,93.0,"-37.546758, 143.823172"
2020-07-19T12:13:03+00:00,Fairyland,-37.546758,143.823172,64.0,82.0,"-37.546758, 143.823172"
2020-07-20T02:27:58+00:00,Fairyland,-37.546758,143.823172,60.0,77.0,"-37.546758, 143.823172"
2020-06-18T21:48:00+00:00,Fairyland,-37.546758,143.823172,62.0,77.0,"-37.546758, 143.823172"
2020-06-18T22:32:59+00:00,Fairyland,-37.546758,143.823172,63.0,80.0,"-37.546758, 143.823172"
2020-07-24T05:57:17+00:00,Fairyland,-37.546758,143.823172,60.0,86.0,"-37.546758, 143.823172"
2020-08-27T08:36:48+00:00,Fairyland,-37.546758,143.823172,65.0,88.0,"-37.546758, 143.823172"
2020-08-29T02:36:30+00:00,Fairyland,-37.546758,143.823172,63.0,81.0,"-37.546758, 143.823172"
2020-08-29T23:21:22+00:00,Fairyland,-37.546758,143.823172,62.0,83.0,"-37.546758, 143.823172"
2020-08-30T08:36:19+00:00,Fairyland,-37.546758,143.823172,65.0,87.0,"-37.546758, 143.823172"
2020-08-30T09:06:19+00:00,Fairyland,-37.546758,143.823172,66.0,87.0,"-37.546758, 143.823172"
2020-06-12T21:49:00+00:00,Fairyland,-37.546758,143.823172,62.0,81.0,"-37.546758, 143.823172"
2020-06-13T05:18:57+00:00,Fairyland,-37.546758,143.823172,60.0,85.0,"-37.546758, 143.823172"
2020-08-18T03:53:15+00:00,Fairyland,-37.546758,143.823172,61.0,75.0,"-37.546758, 143.823172"
2020-08-21T17:07:41+00:00,Fairyland,-37.546758,143.823172,62.0,85.0,"-37.546758, 143.823172"
2020-08-21T21:52:39+00:00,Fairyland,-37.546758,143.823172,62.0,79.0,"-37.546758, 143.823172"
2020-08-24T03:22:18+00:00,Fairyland,-37.546758,143.823172,60.0,70.0,"-37.546758, 143.823172"
2020-08-26T22:06:53+00:00,Fairyland,-37.546758,143.823172,60.0,78.0,"-37.546758, 143.823172"
2020-08-27T02:21:51+00:00,Fairyland,-37.546758,143.823172,65.0,87.0,"-37.546758, 143.823172"
2020-08-27T04:36:50+00:00,Fairyland,-37.546758,143.823172,65.0,99.0,"-37.546758, 143.823172"
2020-08-20T16:37:51+00:00,Fairyland,-37.546758,143.823172,61.0,75.0,"-37.546758, 143.823172"
2020-08-21T03:52:47+00:00,Fairyland,-37.546758,143.823172,62.0,77.0,"-37.546758, 143.823172"
2020-08-21T04:37:46+00:00,Fairyland,-37.546758,143.823172,64.0,84.0,"-37.546758, 143.823172"
2020-08-22T02:07:38+00:00,Fairyland,-37.546758,143.823172,63.0,80.0,"-37.546758, 143.823172"
2020-08-22T07:07:36+00:00,Fairyland,-37.546758,143.823172,64.0,80.0,"-37.546758, 143.823172"
2020-08-22T07:52:35+00:00,Fairyland,-37.546758,143.823172,62.0,83.0,"-37.546758, 143.823172"
2020-08-27T00:36:52+00:00,Fairyland,-37.546758,143.823172,60.0,75.0,"-37.546758, 143.823172"
2020-09-03T00:05:42+00:00,Fairyland,-37.546758,143.823172,61.0,91.0,"-37.546758, 143.823172"
2020-09-03T04:20:40+00:00,Fairyland,-37.546758,143.823172,67.0,94.0,"-37.546758, 143.823172"
2020-09-03T05:50:39+00:00,Fairyland,-37.546758,143.823172,66.0,85.0,"-37.546758, 143.823172"
2020-09-06T04:05:11+00:00,Fairyland,-37.546758,143.823172,60.0,76.0,"-37.546758, 143.823172"
2020-09-08T22:49:43+00:00,Fairyland,-37.546758,143.823172,63.0,82.0,"-37.546758, 143.823172"
2020-09-11T02:49:22+00:00,Fairyland,-37.546758,143.823172,62.0,84.0,"-37.546758, 143.823172"
2020-09-11T04:04:21+00:00,Fairyland,-37.546758,143.823172,61.0,92.0,"-37.546758, 143.823172"
2020-09-19T16:02:57+00:00,Fairyland,-37.546758,143.823172,63.0,92.0,"-37.546758, 143.823172"
2020-09-21T23:17:34+00:00,Fairyland,-37.546758,143.823172,60.0,82.0,"-37.546758, 143.823172"
2020-09-30T01:01:16+00:00,Fairyland,-37.546758,143.823172,60.0,78.0,"-37.546758, 143.823172"
2020-09-12T04:04:13+00:00,Fairyland,-37.546758,143.823172,60.0,75.0,"-37.546758, 143.823172"
2020-09-17T18:48:16+00:00,Fairyland,-37.546758,143.823172,63.0,75.0,"-37.546758, 143.823172"
2020-09-17T19:48:15+00:00,Fairyland,-37.546758,143.823172,63.0,70.0,"-37.546758, 143.823172"
2020-09-19T02:03:03+00:00,Fairyland,-37.546758,143.823172,65.0,87.0,"-37.546758, 143.823172"
2020-09-19T06:33:01+00:00,Fairyland,-37.546758,143.823172,66.0,85.0,"-37.546758, 143.823172"
2020-09-22T07:02:30+00:00,Fairyland,-37.546758,143.823172,68.0,90.0,"-37.546758, 143.823172"
2020-09-30T06:01:13+00:00,Fairyland,-37.546758,143.823172,60.0,77.0,"-37.546758, 143.823172"
2020-09-22T02:02:33+00:00,Fairyland,-37.546758,143.823172,65.0,89.0,"-37.546758, 143.823172"
2020-10-02T01:30:57+00:00,Fairyland,-37.546758,143.823172,60.0,92.0,"-37.546758, 143.823172"
2020-10-02T05:15:55+00:00,Fairyland,-37.546758,143.823172,61.0,85.0,"-37.546758, 143.823172"
2020-10-08T12:44:52+00:00,Fairyland,-37.546758,143.823172,65.0,79.0,"-37.546758, 143.823172"
2020-10-11T09:59:23+00:00,Fairyland,-37.546758,143.823172,60.0,67.0,"-37.546758, 143.823172"
2020-09-28T00:16:36+00:00,Fairyland,-37.546758,143.823172,63.0,71.0,"-37.546758, 143.823172"
2020-07-11T08:14:23+00:00,Fairyland,-37.546758,143.823172,62.0,82.0,"-37.546758, 143.823172"
2020-10-07T12:45:01+00:00,Fairyland,-37.546758,143.823172,61.0,78.0,"-37.546758, 143.823172"
2020-10-07T14:30:00+00:00,Fairyland,-37.546758,143.823172,61.0,86.0,"-37.546758, 143.823172"
2020-07-12T22:59:07+00:00,Fairyland,-37.546758,143.823172,61.0,75.0,"-37.546758, 143.823172"
2020-07-13T02:29:05+00:00,Fairyland,-37.546758,143.823172,61.0,81.0,"-37.546758, 143.823172"
2020-10-08T21:59:49+00:00,Fairyland,-37.546758,143.823172,63.0,86.0,"-37.546758, 143.823172"
2020-10-08T21:44:49+00:00,Fairyland,-37.546758,143.823172,64.0,80.0,"-37.546758, 143.823172"
2020-10-09T04:59:45+00:00,Fairyland,-37.546758,143.823172,61.0,80.0,"-37.546758, 143.823172"
2020-10-11T10:29:24+00:00,Fairyland,-37.546758,143.823172,60.0,71.0,"-37.546758, 143.823172"
2020-07-14T02:58:55+00:00,Fairyland,-37.546758,143.823172,70.0,84.0,"-37.546758, 143.823172"
2020-07-14T03:28:55+00:00,Fairyland,-37.546758,143.823172,67.0,79.0,"-37.546758, 143.823172"
2020-07-14T04:28:55+00:00,Fairyland,-37.546758,143.823172,69.0,82.0,"-37.546758, 143.823172"
2020-07-14T04:43:55+00:00,Fairyland,-37.546758,143.823172,63.0,80.0,"-37.546758, 143.823172"
2020-07-14T05:13:55+00:00,Fairyland,-37.546758,143.823172,66.0,84.0,"-37.546758, 143.823172"
2020-10-13T13:29:02+00:00,Fairyland,-37.546758,143.823172,69.0,82.0,"-37.546758, 143.823172"
2020-10-13T17:14:01+00:00,Fairyland,-37.546758,143.823172,62.0,73.0,"-37.546758, 143.823172"
2020-07-14T13:58:51+00:00,Fairyland,-37.546758,143.823172,76.0,86.0,"-37.546758, 143.823172"
2020-07-14T14:43:50+00:00,Fairyland,-37.546758,143.823172,77.0,90.0,"-37.546758, 143.823172"
2020-07-14T15:13:50+00:00,Fairyland,-37.546758,143.823172,73.0,91.0,"-37.546758, 143.823172"
2020-07-16T03:28:36+00:00,Fairyland,-37.546758,143.823172,62.0,71.0,"-37.546758, 143.823172"
2020-10-15T04:43:45+00:00,Fairyland,-37.546758,143.823172,60.0,84.0,"-37.546758, 143.823172"
2020-10-15T18:28:40+00:00,Fairyland,-37.546758,143.823172,64.0,82.0,"-37.546758, 143.823172"
2020-10-15T18:58:40+00:00,Fairyland,-37.546758,143.823172,65.0,75.0,"-37.546758, 143.823172"
2020-10-15T20:58:39+00:00,Fairyland,-37.546758,143.823172,70.0,86.0,"-37.546758, 143.823172"
2020-10-15T22:43:39+00:00,Fairyland,-37.546758,143.823172,72.0,92.0,"-37.546758, 143.823172"
2020-10-16T01:13:38+00:00,Fairyland,-37.546758,143.823172,61.0,67.0,"-37.546758, 143.823172"
2020-07-18T02:28:17+00:00,Fairyland,-37.546758,143.823172,62.0,86.0,"-37.546758, 143.823172"
2020-07-28T05:56:39+00:00,Fairyland,-37.546758,143.823172,60.0,73.0,"-37.546758, 143.823172"
2020-08-03T22:25:34+00:00,Fairyland,-37.546758,143.823172,60.0,71.0,"-37.546758, 143.823172"
2020-08-06T16:40:08+00:00,Fairyland,-37.546758,143.823172,64.0,74.0,"-37.546758, 143.823172"
2020-08-27T02:51:51+00:00,Fairyland,-37.546758,143.823172,62.0,82.0,"-37.546758, 143.823172"
2020-08-27T05:36:50+00:00,Fairyland,-37.546758,143.823172,73.0,93.0,"-37.546758, 143.823172"
2020-08-27T05:51:50+00:00,Fairyland,-37.546758,143.823172,71.0,96.0,"-37.546758, 143.823172"
2020-08-27T06:51:49+00:00,Fairyland,-37.546758,143.823172,74.0,91.0,"-37.546758, 143.823172"
2020-08-27T07:36:49+00:00,Fairyland,-37.546758,143.823172,70.0,90.0,"-37.546758, 143.823172"
2020-08-28T03:51:41+00:00,Fairyland,-37.546758,143.823172,63.0,69.0,"-37.546758, 143.823172"
2020-08-30T00:36:21+00:00,Fairyland,-37.546758,143.823172,61.0,88.0,"-37.546758, 143.823172"
2020-08-30T01:06:21+00:00,Fairyland,-37.546758,143.823172,60.0,79.0,"-37.546758, 143.823172"
2020-08-30T03:21:20+00:00,Fairyland,-37.546758,143.823172,60.0,83.0,"-37.546758, 143.823172"
2020-08-02T19:55:44+00:00,Fairyland,-37.546758,143.823172,60.0,70.0,"-37.546758, 143.823172"
2020-08-06T20:25:06+00:00,Fairyland,-37.546758,143.823172,62.0,69.0,"-37.546758, 143.823172"
2020-08-07T21:24:56+00:00,Fairyland,-37.546758,143.823172,73.0,83.0,"-37.546758, 143.823172"
2020-08-07T22:09:56+00:00,Fairyland,-37.546758,143.823172,70.0,82.0,"-37.546758, 143.823172"
2020-08-08T06:39:52+00:00,Fairyland,-37.546758,143.823172,62.0,75.0,"-37.546758, 143.823172"
2020-08-08T08:09:52+00:00,Fairyland,-37.546758,143.823172,61.0,72.0,"-37.546758, 143.823172"
2020-08-08T20:54:47+00:00,Fairyland,-37.546758,143.823172,65.0,83.0,"-37.546758, 143.823172"
2020-08-09T03:54:44+00:00,Fairyland,-37.546758,143.823172,63.0,75.0,"-37.546758, 143.823172"
2020-08-09T04:09:44+00:00,Fairyland,-37.546758,143.823172,64.0,77.0,"-37.546758, 143.823172"
2020-08-21T00:07:48+00:00,Fairyland,-37.546758,143.823172,63.0,85.0,"-37.546758, 143.823172"
2020-07-28T03:26:40+00:00,Fairyland,-37.546758,143.823172,61.0,70.0,"-37.546758, 143.823172"
2020-08-07T06:25:02+00:00,Fairyland,-37.546758,143.823172,67.0,79.0,"-37.546758, 143.823172"
2020-08-07T16:39:58+00:00,Fairyland,-37.546758,143.823172,74.0,87.0,"-37.546758, 143.823172"
2020-08-07T19:39:57+00:00,Fairyland,-37.546758,143.823172,71.0,83.0,"-37.546758, 143.823172"
2020-08-07T19:54:57+00:00,Fairyland,-37.546758,143.823172,70.0,82.0,"-37.546758, 143.823172"
2020-08-07T21:09:56+00:00,Fairyland,-37.546758,143.823172,73.0,81.0,"-37.546758, 143.823172"
2020-08-07T22:24:56+00:00,Fairyland,-37.546758,143.823172,68.0,77.0,"-37.546758, 143.823172"
2020-08-08T04:54:53+00:00,Fairyland,-37.546758,143.823172,67.0,81.0,"-37.546758, 143.823172"
2020-08-08T20:24:47+00:00,Fairyland,-37.546758,143.823172,67.0,81.0,"-37.546758, 143.823172"
2020-08-09T00:24:45+00:00,Fairyland,-37.546758,143.823172,60.0,74.0,"-37.546758, 143.823172"
2020-08-09T04:24:44+00:00,Fairyland,-37.546758,143.823172,65.0,80.0,"-37.546758, 143.823172"
2020-08-09T04:39:43+00:00,Fairyland,-37.546758,143.823172,70.0,82.0,"-37.546758, 143.823172"
2020-08-09T06:39:43+00:00,Fairyland,-37.546758,143.823172,67.0,80.0,"-37.546758, 143.823172"
2020-08-09T19:39:37+00:00,Fairyland,-37.546758,143.823172,72.0,84.0,"-37.546758, 143.823172"
2020-08-09T23:39:36+00:00,Fairyland,-37.546758,143.823172,63.0,71.0,"-37.546758, 143.823172"
2020-08-11T04:09:24+00:00,Fairyland,-37.546758,143.823172,60.0,74.0,"-37.546758, 143.823172"
2020-08-06T10:25:10+00:00,Fairyland,-37.546758,143.823172,61.0,72.0,"-37.546758, 143.823172"
2020-08-07T00:25:05+00:00,Fairyland,-37.546758,143.823172,68.0,78.0,"-37.546758, 143.823172"
2020-08-09T14:24:39+00:00,Fairyland,-37.546758,143.823172,68.0,81.0,"-37.546758, 143.823172"
2020-07-28T00:56:41+00:00,Fairyland,-37.546758,143.823172,70.0,78.0,"-37.546758, 143.823172"
2020-07-28T00:41:41+00:00,Fairyland,-37.546758,143.823172,68.0,80.0,"-37.546758, 143.823172"
2020-08-01T04:41:00+00:00,Fairyland,-37.546758,143.823172,60.0,84.0,"-37.546758, 143.823172"
2020-09-17T02:03:23+00:00,Fairyland,-37.546758,143.823172,63.0,79.0,"-37.546758, 143.823172"
2020-09-17T04:33:21+00:00,Fairyland,-37.546758,143.823172,65.0,80.0,"-37.546758, 143.823172"
2020-09-17T14:48:17+00:00,Fairyland,-37.546758,143.823172,62.0,75.0,"-37.546758, 143.823172"
2020-09-17T15:03:17+00:00,Fairyland,-37.546758,143.823172,66.0,80.0,"-37.546758, 143.823172"
2020-09-17T17:48:16+00:00,Fairyland,-37.546758,143.823172,65.0,73.0,"-37.546758, 143.823172"
2020-09-17T19:18:16+00:00,Fairyland,-37.546758,143.823172,60.0,71.0,"-37.546758, 143.823172"
2020-09-17T20:18:15+00:00,Fairyland,-37.546758,143.823172,62.0,72.0,"-37.546758, 143.823172"
2020-09-19T07:18:00+00:00,Fairyland,-37.546758,143.823172,63.0,77.0,"-37.546758, 143.823172"
2020-09-19T08:48:00+00:00,Fairyland,-37.546758,143.823172,64.0,90.0,"-37.546758, 143.823172"
2020-09-19T09:33:00+00:00,Fairyland,-37.546758,143.823172,66.0,88.0,"-37.546758, 143.823172"
2020-09-22T23:17:24+00:00,Fairyland,-37.546758,143.823172,61.0,79.0,"-37.546758, 143.823172"
2020-09-22T05:32:31+00:00,Fairyland,-37.546758,143.823172,68.0,85.0,"-37.546758, 143.823172"
2020-09-30T01:31:15+00:00,Fairyland,-37.546758,143.823172,60.0,79.0,"-37.546758, 143.823172"
2020-09-26T10:16:52+00:00,Fairyland,-37.546758,143.823172,61.0,83.0,"-37.546758, 143.823172"
2020-10-02T01:45:56+00:00,Fairyland,-37.546758,143.823172,62.0,83.0,"-37.546758, 143.823172"
2020-12-21T22:32:30+00:00,Fairyland,-37.546758,143.823172,69.0,73.0,"-37.546758, 143.823172"
2020-12-16T00:48:29+00:00,Fairyland,-37.546758,143.823172,65.0,77.0,"-37.546758, 143.823172"
2020-12-16T11:03:25+00:00,Fairyland,-37.546758,143.823172,71.0,82.0,"-37.546758, 143.823172"
2020-12-16T11:33:24+00:00,Fairyland,-37.546758,143.823172,63.0,75.0,"-37.546758, 143.823172"
2020-10-04T14:00:29+00:00,Fairyland,-37.546758,143.823172,67.0,82.0,"-37.546758, 143.823172"
2020-09-22T22:47:24+00:00,Fairyland,-37.546758,143.823172,62.0,79.0,"-37.546758, 143.823172"
2020-10-07T08:30:03+00:00,Fairyland,-37.546758,143.823172,66.0,76.0,"-37.546758, 143.823172"
2020-10-07T13:00:01+00:00,Fairyland,-37.546758,143.823172,61.0,84.0,"-37.546758, 143.823172"
2020-10-08T16:29:51+00:00,Fairyland,-37.546758,143.823172,60.0,78.0,"-37.546758, 143.823172"
2020-12-17T09:33:14+00:00,Fairyland,-37.546758,143.823172,62.0,79.0,"-37.546758, 143.823172"
2020-10-02T03:00:56+00:00,Fairyland,-37.546758,143.823172,60.0,77.0,"-37.546758, 143.823172"
2020-10-02T00:45:57+00:00,Fairyland,-37.546758,143.823172,61.0,82.0,"-37.546758, 143.823172"
2020-10-07T23:14:56+00:00,Fairyland,-37.546758,143.823172,60.0,85.0,"-37.546758, 143.823172"
2020-10-12T04:44:16+00:00,Fairyland,-37.546758,143.823172,62.0,72.0,"-37.546758, 143.823172"
2020-08-19T11:38:03+00:00,Fairyland,-37.546758,143.823172,63.0,80.0,"-37.546758, 143.823172"
2020-09-06T03:05:11+00:00,Fairyland,-37.546758,143.823172,62.0,82.0,"-37.546758, 143.823172"
2020-09-07T01:50:02+00:00,Fairyland,-37.546758,143.823172,68.0,98.0,"-37.546758, 143.823172"
2020-12-11T00:49:17+00:00,Fairyland,-37.546758,143.823172,61.0,71.0,"-37.546758, 143.823172"
2020-12-11T13:34:12+00:00,Fairyland,-37.546758,143.823172,62.0,75.0,"-37.546758, 143.823172"
2020-09-09T00:19:43+00:00,Fairyland,-37.546758,143.823172,69.0,80.0,"-37.546758, 143.823172"
2020-09-09T00:34:43+00:00,Fairyland,-37.546758,143.823172,66.0,84.0,"-37.546758, 143.823172"
2020-09-09T04:19:41+00:00,Fairyland,-37.546758,143.823172,61.0,72.0,"-37.546758, 143.823172"
2020-09-09T14:34:37+00:00,Fairyland,-37.546758,143.823172,68.0,86.0,"-37.546758, 143.823172"
2020-09-10T05:34:31+00:00,Fairyland,-37.546758,143.823172,60.0,77.0,"-37.546758, 143.823172"
2020-09-11T03:49:21+00:00,Fairyland,-37.546758,143.823172,61.0,88.0,"-37.546758, 143.823172"
2020-10-30T00:26:17+00:00,Fairyland,-37.546758,143.823172,73.0,89.0,"-37.546758, 143.823172"
2020-10-25T14:57:01+00:00,Fairyland,-37.546758,143.823172,77.0,89.0,"-37.546758, 143.823172"
2020-10-25T21:26:58+00:00,Fairyland,-37.546758,143.823172,67.0,83.0,"-37.546758, 143.823172"
2020-10-26T00:41:58+00:00,Fairyland,-37.546758,143.823172,82.0,96.0,"-37.546758, 143.823172"
2020-10-26T03:26:57+00:00,Fairyland,-37.546758,143.823172,84.0,96.0,"-37.546758, 143.823172"
2020-10-26T09:26:55+00:00,Fairyland,-37.546758,143.823172,71.0,83.0,"-37.546758, 143.823172"
2020-10-26T20:56:50+00:00,Fairyland,-37.546758,143.823172,70.0,82.0,"-37.546758, 143.823172"
2020-10-26T21:41:50+00:00,Fairyland,-37.546758,143.823172,69.0,78.0,"-37.546758, 143.823172"
2020-10-27T00:56:49+00:00,Fairyland,-37.546758,143.823172,60.0,69.0,"-37.546758, 143.823172"
2020-10-29T21:11:19+00:00,Fairyland,-37.546758,143.823172,62.0,72.0,"-37.546758, 143.823172"
2021-05-11T13:54:03+00:00,Fairyland,-37.546758,143.823172,61.0,73.0,"-37.546758, 143.823172"
2021-05-11T18:54:01+00:00,Fairyland,-37.546758,143.823172,66.0,78.0,"-37.546758, 143.823172"
2021-05-25T02:51:50+00:00,Fairyland,-37.546758,143.823172,63.0,82.0,"-37.546758, 143.823172"
2021-05-12T21:53:51+00:00,Fairyland,-37.546758,143.823172,63.0,72.0,"-37.546758, 143.823172"
2021-05-11T12:24:04+00:00,Fairyland,-37.546758,143.823172,68.0,80.0,"-37.546758, 143.823172"
2021-04-13T04:13:44+00:00,Fairyland,-37.546758,143.823172,61.0,71.0,"-37.546758, 143.823172"
2021-04-13T18:43:40+00:00,Fairyland,-37.546758,143.823172,62.0,80.0,"-37.546758, 143.823172"
2021-04-10T07:59:12+00:00,Fairyland,-37.546758,143.823172,60.0,79.0,"-37.546758, 143.823172"
2021-04-15T00:58:26+00:00,Fairyland,-37.546758,143.823172,60.0,75.0,"-37.546758, 143.823172"
2021-04-15T01:58:25+00:00,Fairyland,-37.546758,143.823172,61.0,84.0,"-37.546758, 143.823172"
2021-06-09T13:49:18+00:00,Fairyland,-37.546758,143.823172,60.0,91.0,"-37.546758, 143.823172"
2021-06-09T15:19:18+00:00,Fairyland,-37.546758,143.823172,62.0,86.0,"-37.546758, 143.823172"
2021-06-09T19:49:17+00:00,Fairyland,-37.546758,143.823172,61.0,78.0,"-37.546758, 143.823172"
2021-06-09T20:04:16+00:00,Fairyland,-37.546758,143.823172,60.0,76.0,"-37.546758, 143.823172"
2021-06-09T14:19:18+00:00,Fairyland,-37.546758,143.823172,63.0,82.0,"-37.546758, 143.823172"
2021-06-09T18:34:17+00:00,Fairyland,-37.546758,143.823172,62.0,80.0,"-37.546758, 143.823172"
2021-06-09T19:04:17+00:00,Fairyland,-37.546758,143.823172,60.0,79.0,"-37.546758, 143.823172"
2021-06-09T19:34:17+00:00,Fairyland,-37.546758,143.823172,62.0,79.0,"-37.546758, 143.823172"
2021-06-10T01:04:14+00:00,Fairyland,-37.546758,143.823172,60.0,71.0,"-37.546758, 143.823172"
2021-06-10T02:49:14+00:00,Fairyland,-37.546758,143.823172,61.0,83.0,"-37.546758, 143.823172"
2021-08-02T00:40:39+00:00,Fairyland,-37.546758,143.823172,60.0,78.0,"-37.546758, 143.823172"
2020-04-26T02:26:45+00:00,Fairyland,-37.546758,143.823172,60.0,82.0,"-37.546758, 143.823172"
2020-04-28T03:41:25+00:00,Fairyland,-37.546758,143.823172,63.0,69.0,"-37.546758, 143.823172"
2021-06-23T05:32:05+00:00,Fairyland,-37.546758,143.823172,60.0,87.0,"-37.546758, 143.823172"
2020-05-12T23:08:59+00:00,Fairyland,-37.546758,143.823172,73.0,86.0,"-37.546758, 143.823172"
2020-05-13T04:08:57+00:00,Fairyland,-37.546758,143.823172,77.0,87.0,"-37.546758, 143.823172"
2020-05-14T00:53:49+00:00,Fairyland,-37.546758,143.823172,75.0,88.0,"-37.546758, 143.823172"
2020-05-14T01:23:49+00:00,Fairyland,-37.546758,143.823172,62.0,74.0,"-37.546758, 143.823172"
2020-05-18T22:53:01+00:00,Fairyland,-37.546758,143.823172,65.0,73.0,"-37.546758, 143.823172"
2020-05-18T23:08:01+00:00,Fairyland,-37.546758,143.823172,61.0,87.0,"-37.546758, 143.823172"
2020-05-18T23:53:01+00:00,Fairyland,-37.546758,143.823172,62.0,80.0,"-37.546758, 143.823172"
2020-05-19T05:52:58+00:00,Fairyland,-37.546758,143.823172,60.0,84.0,"-37.546758, 143.823172"
2020-05-19T14:52:55+00:00,Fairyland,-37.546758,143.823172,62.0,80.0,"-37.546758, 143.823172"
2020-05-19T23:22:53+00:00,Fairyland,-37.546758,143.823172,60.0,72.0,"-37.546758, 143.823172"
2020-05-20T22:52:41+00:00,Fairyland,-37.546758,143.823172,61.0,70.0,"-37.546758, 143.823172"
2021-07-27T22:56:28+00:00,Fairyland,-37.546758,143.823172,61.0,74.0,"-37.546758, 143.823172"
2021-07-29T22:11:09+00:00,Fairyland,-37.546758,143.823172,60.0,70.0,"-37.546758, 143.823172"
2021-09-03T02:20:26+00:00,Fairyland,-37.546758,143.823172,60.0,74.0,"-37.546758, 143.823172"
2020-05-24T22:52:04+00:00,Fairyland,-37.546758,143.823172,79.0,92.0,"-37.546758, 143.823172"
2020-05-25T01:52:02+00:00,Fairyland,-37.546758,143.823172,77.0,87.0,"-37.546758, 143.823172"
2021-11-04T20:38:45+00:00,Fairyland,-37.546758,143.823172,61.0,77.0,"-37.546758, 143.823172"
2020-01-18T01:13:20+00:00,Fairyland,-37.546758,143.823172,60.0,81.0,"-37.546758, 143.823172"
2020-01-14T21:43:52+00:00,Fairyland,-37.546758,143.823172,69.0,80.0,"-37.546758, 143.823172"
2020-01-14T19:13:53+00:00,Fairyland,-37.546758,143.823172,75.0,88.0,"-37.546758, 143.823172"
2020-01-12T11:59:17+00:00,Fairyland,-37.546758,143.823172,63.0,77.0,"-37.546758, 143.823172"
2020-01-10T16:14:33+00:00,Fairyland,-37.546758,143.823172,60.0,68.0,"-37.546758, 143.823172"
2020-01-10T04:29:38+00:00,Fairyland,-37.546758,143.823172,60.0,78.0,"-37.546758, 143.823172"
2020-01-09T07:44:47+00:00,Fairyland,-37.546758,143.823172,62.0,80.0,"-37.546758, 143.823172"
2020-01-08T19:59:52+00:00,Fairyland,-37.546758,143.823172,62.0,83.0,"-37.546758, 143.823172"
2020-01-08T13:14:55+00:00,Fairyland,-37.546758,143.823172,71.0,85.0,"-37.546758, 143.823172"
2020-05-30T01:36:14+00:00,Fairyland,-37.546758,143.823172,60.0,77.0,"-37.546758, 143.823172"
2020-05-30T02:06:13+00:00,Fairyland,-37.546758,143.823172,64.0,101.0,"-37.546758, 143.823172"
2020-05-30T04:36:11+00:00,Fairyland,-37.546758,143.823172,63.0,87.0,"-37.546758, 143.823172"
2020-05-30T05:21:10+00:00,Fairyland,-37.546758,143.823172,65.0,94.0,"-37.546758, 143.823172"
2020-05-31T21:05:54+00:00,Fairyland,-37.546758,143.823172,61.0,82.0,"-37.546758, 143.823172"
2020-06-01T00:20:53+00:00,Fairyland,-37.546758,143.823172,65.0,78.0,"-37.546758, 143.823172"
2020-06-01T03:05:52+00:00,Fairyland,-37.546758,143.823172,64.0,84.0,"-37.546758, 143.823172"
2020-06-01T04:50:53+00:00,Fairyland,-37.546758,143.823172,62.0,80.0,"-37.546758, 143.823172"
2020-06-02T04:35:42+00:00,Fairyland,-37.546758,143.823172,60.0,75.0,"-37.546758, 143.823172"
2020-06-04T00:35:24+00:00,Fairyland,-37.546758,143.823172,61.0,68.0,"-37.546758, 143.823172"
2021-01-15T06:58:25+00:00,Fairyland,-37.546758,143.823172,60.0,78.0,"-37.546758, 143.823172"
2021-11-14T03:07:13+00:00,Fairyland,-37.546758,143.823172,60.0,81.0,"-37.546758, 143.823172"
2021-12-04T23:18:53+00:00,Fairyland,-37.546758,143.823172,62.0,75.0,"-37.546758, 143.823172"
2020-12-06T05:05:07+00:00,Fairyland,-37.546758,143.823172,63.0,82.0,"-37.546758, 143.823172"
2021-12-28T03:29:55+00:00,Fairyland,-37.546758,143.823172,61.0,68.0,"-37.546758, 143.823172"
2021-12-29T23:29:36+00:00,Fairyland,-37.546758,143.823172,70.0,74.0,"-37.546758, 143.823172"
2021-01-31T08:25:44+00:00,Fairyland,-37.546758,143.823172,60.0,75.0,"-37.546758, 143.823172"
2021-02-28T09:51:03+00:00,Fairyland,-37.546758,143.823172,62.0,70.0,"-37.546758, 143.823172"
2022-01-09T21:57:45+00:00,Fairyland,-37.546758,143.823172,69.0,86.0,"-37.546758, 143.823172"
2021-05-03T19:10:21+00:00,Fairyland,-37.546758,143.823172,61.0,74.0,"-37.546758, 143.823172"
2021-03-21T08:32:33+00:00,Fairyland,-37.546758,143.823172,64.0,81.0,"-37.546758, 143.823172"
2021-04-13T02:58:45+00:00,Fairyland,-37.546758,143.823172,60.0,82.0,"-37.546758, 143.823172"
2022-01-05T07:13:34+00:00,Fairyland,-37.546758,143.823172,60.0,77.0,"-37.546758, 143.823172"
2021-05-11T18:09:02+00:00,Fairyland,-37.546758,143.823172,66.0,77.0,"-37.546758, 143.823172"
2021-05-11T20:39:00+00:00,Fairyland,-37.546758,143.823172,63.0,73.0,"-37.546758, 143.823172"
2021-05-11T22:38:59+00:00,Fairyland,-37.546758,143.823172,65.0,77.0,"-37.546758, 143.823172"
2021-05-11T11:09:04+00:00,Fairyland,-37.546758,143.823172,61.0,78.0,"-37.546758, 143.823172"
2021-05-11T13:24:03+00:00,Fairyland,-37.546758,143.823172,63.0,78.0,"-37.546758, 143.823172"
2021-05-11T20:54:00+00:00,Fairyland,-37.546758,143.823172,62.0,78.0,"-37.546758, 143.823172"
2022-01-02T21:29:04+00:00,Fairyland,-37.546758,143.823172,60.0,71.0,"-37.546758, 143.823172"
2021-05-13T03:38:49+00:00,Fairyland,-37.546758,143.823172,64.0,68.0,"-37.546758, 143.823172"
2021-05-25T04:36:50+00:00,Fairyland,-37.546758,143.823172,61.0,86.0,"-37.546758, 143.823172"
2022-01-05T09:43:31+00:00,Fairyland,-37.546758,143.823172,72.0,85.0,"-37.546758, 143.823172"
2022-03-18T17:31:23+00:00,Fairyland,-37.546758,143.823172,65.0,82.0,"-37.546758, 143.823172"
2022-03-19T04:16:20+00:00,Fairyland,-37.546758,143.823172,66.0,83.0,"-37.546758, 143.823172"
2022-03-19T07:16:17+00:00,Fairyland,-37.546758,143.823172,74.0,86.0,"-37.546758, 143.823172"
2022-03-19T08:01:17+00:00,Fairyland,-37.546758,143.823172,70.0,84.0,"-37.546758, 143.823172"
2022-03-20T22:01:02+00:00,Fairyland,-37.546758,143.823172,60.0,63.0,"-37.546758, 143.823172"
2022-03-12T06:32:30+00:00,Fairyland,-37.546758,143.823172,63.0,69.0,"-37.546758, 143.823172"
2022-03-13T10:17:19+00:00,Fairyland,-37.546758,143.823172,61.0,67.0,"-37.546758, 143.823172"
2022-02-14T20:51:45+00:00,Fairyland,-37.546758,143.823172,67.0,81.0,"-37.546758, 143.823172"
2022-02-24T05:50:11+00:00,Fairyland,-37.546758,143.823172,61.0,77.0,"-37.546758, 143.823172"
2022-02-25T14:34:59+00:00,Fairyland,-37.546758,143.823172,61.0,73.0,"-37.546758, 143.823172"
2022-01-26T21:54:55+00:00,Fairyland,-37.546758,143.823172,61.0,73.0,"-37.546758, 143.823172"
2022-02-09T21:37:43+00:00,Fairyland,-37.546758,143.823172,65.0,67.0,"-37.546758, 143.823172"
2022-02-11T20:37:21+00:00,Fairyland,-37.546758,143.823172,65.0,79.0,"-37.546758, 143.823172"
2022-02-11T21:07:17+00:00,Fairyland,-37.546758,143.823172,60.0,72.0,"-37.546758, 143.823172"
2021-09-03T06:35:24+00:00,Fairyland,-37.546758,143.823172,61.0,69.0,"-37.546758, 143.823172"
2022-02-07T08:38:01+00:00,Fairyland,-37.546758,143.823172,62.0,75.0,"-37.546758, 143.823172"
2022-02-07T08:08:01+00:00,Fairyland,-37.546758,143.823172,64.0,80.0,"-37.546758, 143.823172"
2022-02-07T09:07:59+00:00,Fairyland,-37.546758,143.823172,61.0,71.0,"-37.546758, 143.823172"
2022-02-03T01:08:45+00:00,Fairyland,-37.546758,143.823172,61.0,67.0,"-37.546758, 143.823172"
2021-09-19T21:32:40+00:00,Fairyland,-37.546758,143.823172,62.0,74.0,"-37.546758, 143.823172"
2021-09-20T05:47:35+00:00,Fairyland,-37.546758,143.823172,60.0,73.0,"-37.546758, 143.823172"
2021-09-06T22:19:48+00:00,Fairyland,-37.546758,143.823172,60.0,76.0,"-37.546758, 143.823172"
2022-01-30T00:39:25+00:00,Fairyland,-37.546758,143.823172,62.0,82.0,"-37.546758, 143.823172"
2022-01-30T06:54:21+00:00,Fairyland,-37.546758,143.823172,61.0,67.0,"-37.546758, 143.823172"
2022-01-30T08:24:22+00:00,Fairyland,-37.546758,143.823172,62.0,71.0,"-37.546758, 143.823172"
2021-11-04T17:23:49+00:00,Fairyland,-37.546758,143.823172,64.0,75.0,"-37.546758, 143.823172"
2021-11-04T19:53:45+00:00,Fairyland,-37.546758,143.823172,66.0,78.0,"-37.546758, 143.823172"
2022-03-06T20:03:30+00:00,Fairyland,-37.546758,143.823172,63.0,74.0,"-37.546758, 143.823172"
2022-03-06T21:48:25+00:00,Fairyland,-37.546758,143.823172,60.0,70.0,"-37.546758, 143.823172"
2022-03-06T22:33:22+00:00,Fairyland,-37.546758,143.823172,63.0,76.0,"-37.546758, 143.823172"
2022-03-06T21:03:29+00:00,Fairyland,-37.546758,143.823172,64.0,74.0,"-37.546758, 143.823172"
2022-03-09T22:32:55+00:00,Fairyland,-37.546758,143.823172,71.0,81.0,"-37.546758, 143.823172"
2022-02-27T07:49:42+00:00,Fairyland,-37.546758,143.823172,67.0,76.0,"-37.546758, 143.823172"
2021-10-11T16:34:53+00:00,Fairyland,-37.546758,143.823172,61.0,72.0,"-37.546758, 143.823172"
2021-09-29T11:25:46+00:00,Fairyland,-37.546758,143.823172,62.0,76.0,"-37.546758, 143.823172"
2022-01-19T10:56:11+00:00,Fairyland,-37.546758,143.823172,68.0,85.0,"-37.546758, 143.823172"
2022-01-23T09:55:31+00:00,Fairyland,-37.546758,143.823172,60.0,70.0,"-37.546758, 143.823172"
2022-01-16T11:11:41+00:00,Fairyland,-37.546758,143.823172,60.0,75.0,"-37.546758, 143.823172"
2022-01-19T10:11:11+00:00,Fairyland,-37.546758,143.823172,63.0,76.0,"-37.546758, 143.823172"
2022-01-21T08:10:52+00:00,Fairyland,-37.546758,143.823172,64.0,78.0,"-37.546758, 143.823172"
2021-11-17T21:06:36+00:00,Fairyland,-37.546758,143.823172,60.0,66.0,"-37.546758, 143.823172"
2021-11-18T01:36:34+00:00,Fairyland,-37.546758,143.823172,63.0,81.0,"-37.546758, 143.823172"
2021-11-22T07:51:00+00:00,Fairyland,-37.546758,143.823172,61.0,72.0,"-37.546758, 143.823172"
2022-01-19T02:11:13+00:00,Fairyland,-37.546758,143.823172,65.0,77.0,"-37.546758, 143.823172"
2022-03-09T22:47:52+00:00,Fairyland,-37.546758,143.823172,64.0,68.0,"-37.546758, 143.823172"
2022-03-24T23:45:21+00:00,Fairyland,-37.546758,143.823172,63.0,66.0,"-37.546758, 143.823172"
2021-09-29T07:55:47+00:00,Fairyland,-37.546758,143.823172,62.0,74.0,"-37.546758, 143.823172"
2022-04-12T21:57:20+00:00,Fairyland,-37.546758,143.823172,61.0,73.0,"-37.546758, 143.823172"
2022-01-09T08:12:52+00:00,Fairyland,-37.546758,143.823172,60.0,70.0,"-37.546758, 143.823172"
2022-01-06T21:28:15+00:00,Fairyland,-37.546758,143.823172,65.0,70.0,"-37.546758, 143.823172"
2022-01-09T08:57:50+00:00,Fairyland,-37.546758,143.823172,66.0,77.0,"-37.546758, 143.823172"
2021-12-28T06:44:52+00:00,Fairyland,-37.546758,143.823172,62.0,76.0,"-37.546758, 143.823172"
2021-12-29T08:29:48+00:00,Fairyland,-37.546758,143.823172,61.0,71.0,"-37.546758, 143.823172"
2022-05-11T22:07:22+00:00,Fairyland,-37.546758,143.823172,60.0,67.0,"-37.546758, 143.823172"
2021-12-29T23:14:35+00:00,Fairyland,-37.546758,143.823172,64.0,70.0,"-37.546758, 143.823172"
2022-01-23T06:55:33+00:00,Fairyland,-37.546758,143.823172,63.0,76.0,"-37.546758, 143.823172"
2022-01-23T04:40:47+00:00,Fairyland,-37.546758,143.823172,63.0,75.0,"-37.546758, 143.823172"
2022-01-30T00:09:25+00:00,Fairyland,-37.546758,143.823172,60.0,77.0,"-37.546758, 143.823172"
2022-01-30T05:39:23+00:00,Fairyland,-37.546758,143.823172,63.0,73.0,"-37.546758, 143.823172"
2022-01-18T20:26:15+00:00,Fairyland,-37.546758,143.823172,67.0,84.0,"-37.546758, 143.823172"
2022-01-22T08:55:42+00:00,Fairyland,-37.546758,143.823172,65.0,76.0,"-37.546758, 143.823172"
2022-09-29T21:29:18+00:00,Fairyland,-37.546758,143.823172,60.0,70.0,"-37.546758, 143.823172"
2022-02-23T21:50:14+00:00,Fairyland,-37.546758,143.823172,60.0,68.0,"-37.546758, 143.823172"
2022-02-04T00:38:36+00:00,Fairyland,-37.546758,143.823172,65.0,80.0,"-37.546758, 143.823172"
2022-02-05T06:38:24+00:00,Fairyland,-37.546758,143.823172,63.0,73.0,"-37.546758, 143.823172"
2022-02-07T10:22:59+00:00,Fairyland,-37.546758,143.823172,60.0,73.0,"-37.546758, 143.823172"
2022-02-12T08:52:12+00:00,Fairyland,-37.546758,143.823172,63.0,75.0,"-37.546758, 143.823172"
2022-02-12T09:22:10+00:00,Fairyland,-37.546758,143.823172,63.0,75.0,"-37.546758, 143.823172"
2022-02-14T20:21:54+00:00,Fairyland,-37.546758,143.823172,62.0,76.0,"-37.546758, 143.823172"
2022-02-17T22:21:15+00:00,Fairyland,-37.546758,143.823172,62.0,69.0,"-37.546758, 143.823172"
2022-10-23T13:10:21+00:00,Fairyland,-37.546758,143.823172,68.0,83.0,"-37.546758, 143.823172"
2022-03-06T12:48:26+00:00,Fairyland,-37.546758,143.823172,64.0,90.0,"-37.546758, 143.823172"
2022-03-06T17:18:27+00:00,Fairyland,-37.546758,143.823172,61.0,89.0,"-37.546758, 143.823172"
2022-04-01T01:44:09+00:00,Fairyland,-37.546758,143.823172,65.0,84.0,"-37.546758, 143.823172"
2022-04-04T01:28:40+00:00,Fairyland,-37.546758,143.823172,74.0,84.0,"-37.546758, 143.823172"
2022-04-04T01:58:40+00:00,Fairyland,-37.546758,143.823172,71.0,83.0,"-37.546758, 143.823172"
2022-04-07T05:28:09+00:00,Fairyland,-37.546758,143.823172,62.0,71.0,"-37.546758, 143.823172"
2022-04-06T21:58:10+00:00,Fairyland,-37.546758,143.823172,60.0,67.0,"-37.546758, 143.823172"
2022-04-12T01:42:18+00:00,Fairyland,-37.546758,143.823172,61.0,69.0,"-37.546758, 143.823172"
2022-04-13T21:27:00+00:00,Fairyland,-37.546758,143.823172,62.0,77.0,"-37.546758, 143.823172"
2022-04-13T22:42:00+00:00,Fairyland,-37.546758,143.823172,62.0,69.0,"-37.546758, 143.823172"
2022-07-31T22:24:07+00:00,Fairyland,-37.546758,143.823172,64.0,74.0,"-37.546758, 143.823172"
2022-06-04T18:03:25+00:00,Fairyland,-37.546758,143.823172,62.0,83.0,"-37.546758, 143.823172"
2022-06-04T19:33:30+00:00,Fairyland,-37.546758,143.823172,61.0,80.0,"-37.546758, 143.823172"
2022-08-14T20:06:51+00:00,Fairyland,-37.546758,143.823172,62.0,80.0,"-37.546758, 143.823172"
2022-10-12T21:57:08+00:00,Fairyland,-37.546758,143.823172,61.0,75.0,"-37.546758, 143.823172"
2022-10-12T22:27:08+00:00,Fairyland,-37.546758,143.823172,60.0,84.0,"-37.546758, 143.823172"
2022-10-13T04:57:05+00:00,Fairyland,-37.546758,143.823172,62.0,67.0,"-37.546758, 143.823172"
2022-10-22T13:25:31+00:00,Fairyland,-37.546758,143.823172,61.0,70.0,"-37.546758, 143.823172"
2022-10-23T15:40:22+00:00,Fairyland,-37.546758,143.823172,66.0,75.0,"-37.546758, 143.823172"
2022-10-23T20:25:25+00:00,Fairyland,-37.546758,143.823172,64.0,74.0,"-37.546758, 143.823172"
2022-10-24T00:10:23+00:00,Fairyland,-37.546758,143.823172,60.0,71.0,"-37.546758, 143.823172"
2022-10-24T02:25:16+00:00,Fairyland,-37.546758,143.823172,61.0,71.0,"-37.546758, 143.823172"
2022-10-24T04:40:15+00:00,Fairyland,-37.546758,143.823172,61.0,71.0,"-37.546758, 143.823172"
2022-10-23T20:10:18+00:00,Fairyland,-37.546758,143.823172,65.0,77.0,"-37.546758, 143.823172"
2022-10-23T21:40:24+00:00,Fairyland,-37.546758,143.823172,66.0,79.0,"-37.546758, 143.823172"
2022-10-23T21:55:18+00:00,Fairyland,-37.546758,143.823172,64.0,72.0,"-37.546758, 143.823172"
2022-10-23T22:25:17+00:00,Fairyland,-37.546758,143.823172,60.0,72.0,"-37.546758, 143.823172"
2022-10-23T19:10:19+00:00,Fairyland,-37.546758,143.823172,67.0,82.0,"-37.546758, 143.823172"
2022-06-27T21:29:39+00:00,Fairyland,-37.546758,143.823172,60.0,69.0,"-37.546758, 143.823172"
2022-06-27T23:44:38+00:00,Fairyland,-37.546758,143.823172,61.0,63.0,"-37.546758, 143.823172"
2022-08-02T15:24:03+00:00,Fairyland,-37.546758,143.823172,64.0,86.0,"-37.546758, 143.823172"
2022-09-12T22:17:06+00:00,Fairyland,-37.546758,143.823172,65.0,82.0,"-37.546758, 143.823172"
2023-05-02T18:23:28+00:00,Fairyland,-37.546758,143.823172,62.0,87.0,"-37.546758, 143.823172"
2023-06-07T03:02:38+00:00,Fairyland,-37.546758,143.823172,63.0,82.0,"-37.546758, 143.823172"
2023-06-07T06:17:49+00:00,Fairyland,-37.546758,143.823172,61.0,87.0,"-37.546758, 143.823172"
2023-06-07T13:47:34+00:00,Fairyland,-37.546758,143.823172,63.0,82.0,"-37.546758, 143.823172"
2023-04-26T23:54:25+00:00,Fairyland,-37.546758,143.823172,61.0,79.0,"-37.546758, 143.823172"
2023-05-08T22:37:27+00:00,Fairyland,-37.546758,143.823172,65.0,75.0,"-37.546758, 143.823172"
2023-04-07T09:27:41+00:00,Fairyland,-37.546758,143.823172,61.0,78.0,"-37.546758, 143.823172"
2023-06-07T04:47:37+00:00,Fairyland,-37.546758,143.823172,60.0,76.0,"-37.546758, 143.823172"
2023-10-04T20:56:25+00:00,Fairyland,-37.546758,143.823172,63.0,76.0,"-37.546758, 143.823172"
2023-07-04T04:56:41+00:00,Fairyland,-37.546758,143.823172,63.0,69.0,"-37.546758, 143.823172"
2023-07-05T04:26:31+00:00,Fairyland,-37.546758,143.823172,64.0,66.0,"-37.546758, 143.823172"
2023-08-21T21:48:42+00:00,Fairyland,-37.546758,143.823172,69.0,86.0,"-37.546758, 143.823172"
2023-12-11T05:15:09+00:00,Fairyland,-37.546758,143.823172,65.0,75.0,"-37.546758, 143.823172"
2023-12-11T07:00:07+00:00,Fairyland,-37.546758,143.823172,60.0,71.0,"-37.546758, 143.823172"
2023-12-11T08:15:07+00:00,Fairyland,-37.546758,143.823172,63.0,76.0,"-37.546758, 143.823172"
2023-12-10T19:00:19+00:00,Fairyland,-37.546758,143.823172,62.0,84.0,"-37.546758, 143.823172"
2023-12-24T16:42:53+00:00,Fairyland,-37.546758,143.823172,61.0,70.0,"-37.546758, 143.823172"
2023-06-07T02:47:38+00:00,Fairyland,-37.546758,143.823172,63.0,79.0,"-37.546758, 143.823172"
2023-06-07T06:47:37+00:00,Fairyland,-37.546758,143.823172,61.0,85.0,"-37.546758, 143.823172"
2023-06-07T07:02:36+00:00,Fairyland,-37.546758,143.823172,61.0,75.0,"-37.546758, 143.823172"
2023-05-28T22:04:10+00:00,Fairyland,-37.546758,143.823172,60.0,68.0,"-37.546758, 143.823172"
2020-05-25T05:37:01+00:00,Fairyland,-37.546758,143.823172,66.0,75.0,"-37.546758, 143.823172"
2020-05-06T20:40:00+00:00,Fairyland,-37.546758,143.823172,60.0,84.0,"-37.546758, 143.823172"
2020-05-19T04:22:59+00:00,Fairyland,-37.546758,143.823172,61.0,79.0,"-37.546758, 143.823172"
2020-05-20T23:07:42+00:00,Fairyland,-37.546758,143.823172,60.0,72.0,"-37.546758, 143.823172"
2020-05-25T04:52:01+00:00,Fairyland,-37.546758,143.823172,62.0,78.0,"-37.546758, 143.823172"
2020-05-25T08:52:00+00:00,Fairyland,-37.546758,143.823172,60.0,73.0,"-37.546758, 143.823172"
2020-04-06T01:15:05+00:00,Fairyland,6.0,6.0,62.0,71.0,"6.0, 6.0"
2020-04-08T11:59:40+00:00,Fairyland,6.0,6.0,61.0,80.0,"6.0, 6.0"
2020-04-08T14:59:39+00:00,Fairyland,6.0,6.0,60.0,74.0,"6.0, 6.0"
2020-04-11T01:29:14+00:00,Fairyland,6.0,6.0,62.0,89.0,"6.0, 6.0"
2020-04-17T04:13:13+00:00,Fairyland,6.0,6.0,61.0,74.0,"6.0, 6.0"
2020-04-19T19:27:49+00:00,Fairyland,-37.546758,143.823172,60.0,89.0,"-37.546758, 143.823172"
2020-04-20T03:27:46+00:00,Fairyland,-37.546758,143.823172,62.0,86.0,"-37.546758, 143.823172"
2020-03-12T13:49:17+00:00,Fairyland,-37.546758,143.823172,62.0,70.0,"-37.546758, 143.823172"
2020-03-10T11:19:36+00:00,Fairyland,-37.546758,143.823172,61.0,69.0,"-37.546758, 143.823172"
2020-03-10T08:04:39+00:00,Fairyland,-37.546758,143.823172,61.0,74.0,"-37.546758, 143.823172"
2020-03-09T15:04:44+00:00,Fairyland,-37.546758,143.823172,68.0,79.0,"-37.546758, 143.823172"
2020-03-05T08:50:29+00:00,Fairyland,-37.546758,143.823172,60.0,65.0,"-37.546758, 143.823172"
2020-03-03T23:50:41+00:00,Fairyland,-37.546758,143.823172,61.0,78.0,"-37.546758, 143.823172"
2020-02-14T13:08:47+00:00,Fairyland,-37.546758,143.823172,61.0,72.0,"-37.546758, 143.823172"
2020-02-14T11:23:47+00:00,Fairyland,-37.546758,143.823172,60.0,69.0,"-37.546758, 143.823172"
2020-02-13T22:08:53+00:00,Fairyland,-37.546758,143.823172,66.0,77.0,"-37.546758, 143.823172"
2020-02-13T06:53:58+00:00,Fairyland,-37.546758,143.823172,66.0,80.0,"-37.546758, 143.823172"
2020-02-13T05:08:58+00:00,Fairyland,-37.546758,143.823172,64.0,80.0,"-37.546758, 143.823172"
2020-02-10T14:24:26+00:00,Fairyland,-37.546758,143.823172,60.0,70.0,"-37.546758, 143.823172"
2020-02-10T14:09:25+00:00,Fairyland,-37.546758,143.823172,61.0,73.0,"-37.546758, 143.823172"
2020-02-10T11:39:26+00:00,Fairyland,-37.546758,143.823172,62.0,77.0,"-37.546758, 143.823172"
2020-02-09T20:39:32+00:00,Fairyland,-37.546758,143.823172,73.0,87.0,"-37.546758, 143.823172"
2020-02-09T12:54:35+00:00,Fairyland,-37.546758,143.823172,63.0,75.0,"-37.546758, 143.823172"
2020-02-09T12:24:36+00:00,Fairyland,-37.546758,143.823172,68.0,79.0,"-37.546758, 143.823172"
2020-02-09T06:39:39+00:00,Fairyland,-37.546758,143.823172,62.0,75.0,"-37.546758, 143.823172"
2020-02-08T07:54:48+00:00,Fairyland,-37.546758,143.823172,64.0,85.0,"-37.546758, 143.823172"
2020-02-07T17:24:56+00:00,Fairyland,-37.546758,143.823172,60.0,75.0,"-37.546758, 143.823172"
2020-02-07T08:54:59+00:00,Fairyland,-37.546758,143.823172,60.0,66.0,"-37.546758, 143.823172"
2020-02-07T08:40:00+00:00,Fairyland,-37.546758,143.823172,62.0,71.0,"-37.546758, 143.823172"
2020-02-06T04:40:10+00:00,Fairyland,-37.546758,143.823172,66.0,82.0,"-37.546758, 143.823172"
2020-02-05T15:25:15+00:00,Fairyland,-37.546758,143.823172,66.0,77.0,"-37.546758, 143.823172"
2020-01-23T19:57:24+00:00,Fairyland,-37.546758,143.823172,60.0,80.0,"-37.546758, 143.823172"
2020-04-28T02:41:25+00:00,Fairyland,-37.546758,143.823172,60.0,78.0,"-37.546758, 143.823172"
2020-04-30T11:11:02+00:00,Fairyland,-37.546758,143.823172,60.0,74.0,"-37.546758, 143.823172"
2020-04-30T11:26:02+00:00,Fairyland,-37.546758,143.823172,60.0,79.0,"-37.546758, 143.823172"
2020-04-30T11:41:01+00:00,Fairyland,-37.546758,143.823172,60.0,78.0,"-37.546758, 143.823172"
2020-04-30T12:11:01+00:00,Fairyland,-37.546758,143.823172,60.0,76.0,"-37.546758, 143.823172"
2020-04-30T12:41:01+00:00,Fairyland,-37.546758,143.823172,61.0,75.0,"-37.546758, 143.823172"
2020-04-30T16:41:00+00:00,Fairyland,-37.546758,143.823172,63.0,89.0,"-37.546758, 143.823172"
2020-04-30T20:55:58+00:00,Fairyland,-37.546758,143.823172,60.0,77.0,"-37.546758, 143.823172"
2020-05-01T06:25:54+00:00,Fairyland,-37.546758,143.823172,63.0,85.0,"-37.546758, 143.823172"
2020-05-01T14:10:51+00:00,Fairyland,-37.546758,143.823172,62.0,86.0,"-37.546758, 143.823172"
2020-05-01T19:55:49+00:00,Fairyland,-37.546758,143.823172,61.0,79.0,"-37.546758, 143.823172"
2020-05-04T00:10:27+00:00,Fairyland,-37.546758,143.823172,63.0,72.0,"-37.546758, 143.823172"
2020-05-04T01:10:27+00:00,Fairyland,-37.546758,143.823172,73.0,80.0,"-37.546758, 143.823172"
2020-05-04T05:10:25+00:00,Fairyland,-37.546758,143.823172,88.0,95.0,"-37.546758, 143.823172"
2020-05-06T01:10:08+00:00,Fairyland,-37.546758,143.823172,61.0,85.0,"-37.546758, 143.823172"
2020-05-06T02:25:07+00:00,Fairyland,-37.546758,143.823172,61.0,84.0,"-37.546758, 143.823172"
2020-05-06T14:10:02+00:00,Fairyland,-37.546758,143.823172,60.0,91.0,"-37.546758, 143.823172"
2021-02-28T07:36:04+00:00,Fairyland,-37.546758,143.823172,60.0,72.0,"-37.546758, 143.823172"
2021-01-26T22:41:30+00:00,Fairyland,-37.546758,143.823172,65.0,80.0,"-37.546758, 143.823172"
2021-01-28T01:26:19+00:00,Fairyland,-37.546758,143.823172,64.0,73.0,"-37.546758, 143.823172"
2021-01-28T04:56:17+00:00,Fairyland,-37.546758,143.823172,63.0,85.0,"-37.546758, 143.823172"
2021-01-28T20:11:10+00:00,Fairyland,-37.546758,143.823172,61.0,74.0,"-37.546758, 143.823172"
2021-01-28T03:26:17+00:00,Fairyland,-37.546758,143.823172,63.0,73.0,"-37.546758, 143.823172"
2021-01-28T03:56:17+00:00,Fairyland,-37.546758,143.823172,60.0,67.0,"-37.546758, 143.823172"
2021-01-07T07:14:44+00:00,Fairyland,-37.546758,143.823172,61.0,71.0,"-37.546758, 143.823172"
2021-02-04T17:55:00+00:00,Fairyland,-37.546758,143.823172,60.0,84.0,"-37.546758, 143.823172"
2021-04-14T03:13:35+00:00,Fairyland,-37.546758,143.823172,61.0,79.0,"-37.546758, 143.823172"
2021-04-14T02:58:35+00:00,Fairyland,-37.546758,143.823172,60.0,78.0,"-37.546758, 143.823172"
2020-09-07T02:35:02+00:00,Fairyland,-37.546758,143.823172,66.0,93.0,"-37.546758, 143.823172"
2020-09-07T02:50:01+00:00,Fairyland,-37.546758,143.823172,66.0,89.0,"-37.546758, 143.823172"
2020-09-07T07:49:59+00:00,Fairyland,-37.546758,143.823172,61.0,84.0,"-37.546758, 143.823172"
2020-09-09T14:19:37+00:00,Fairyland,-37.546758,143.823172,67.0,85.0,"-37.546758, 143.823172"
2020-09-09T16:34:38+00:00,Fairyland,-37.546758,143.823172,80.0,89.0,"-37.546758, 143.823172"
2020-09-09T19:34:36+00:00,Fairyland,-37.546758,143.823172,66.0,76.0,"-37.546758, 143.823172"
2020-09-10T07:04:31+00:00,Fairyland,-37.546758,143.823172,60.0,80.0,"-37.546758, 143.823172"
2020-09-10T23:04:23+00:00,Fairyland,-37.546758,143.823172,69.0,98.0,"-37.546758, 143.823172"
2020-09-11T02:34:22+00:00,Fairyland,-37.546758,143.823172,65.0,88.0,"-37.546758, 143.823172"
2020-08-27T04:51:50+00:00,Fairyland,-37.546758,143.823172,70.0,95.0,"-37.546758, 143.823172"
2020-08-28T23:51:31+00:00,Fairyland,-37.546758,143.823172,60.0,83.0,"-37.546758, 143.823172"
2020-08-29T01:36:30+00:00,Fairyland,-37.546758,143.823172,60.0,86.0,"-37.546758, 143.823172"
2020-09-01T02:06:01+00:00,Fairyland,-37.546758,143.823172,60.0,84.0,"-37.546758, 143.823172"
2020-09-02T04:35:50+00:00,Fairyland,-37.546758,143.823172,62.0,99.0,"-37.546758, 143.823172"
2020-09-03T01:20:41+00:00,Fairyland,-37.546758,143.823172,62.0,83.0,"-37.546758, 143.823172"
2020-08-30T03:06:20+00:00,Fairyland,-37.546758,143.823172,60.0,79.0,"-37.546758, 143.823172"
2020-09-03T02:50:41+00:00,Fairyland,-37.546758,143.823172,65.0,88.0,"-37.546758, 143.823172"
2020-10-02T04:00:55+00:00,Fairyland,-37.546758,143.823172,60.0,80.0,"-37.546758, 143.823172"
2020-10-01T22:45:58+00:00,Fairyland,-37.546758,143.823172,62.0,84.0,"-37.546758, 143.823172"
2020-10-13T03:44:05+00:00,Fairyland,-37.546758,143.823172,61.0,74.0,"-37.546758, 143.823172"
2020-10-13T10:14:04+00:00,Fairyland,-37.546758,143.823172,62.0,73.0,"-37.546758, 143.823172"
2020-10-24T23:42:07+00:00,Fairyland,-37.546758,143.823172,61.0,77.0,"-37.546758, 143.823172"
2020-10-25T15:42:01+00:00,Fairyland,-37.546758,143.823172,76.0,89.0,"-37.546758, 143.823172"
2020-10-25T16:57:00+00:00,Fairyland,-37.546758,143.823172,64.0,86.0,"-37.546758, 143.823172"
2020-10-26T00:26:58+00:00,Fairyland,-37.546758,143.823172,78.0,91.0,"-37.546758, 143.823172"
2020-10-26T18:56:51+00:00,Fairyland,-37.546758,143.823172,66.0,79.0,"-37.546758, 143.823172"
2020-10-26T21:26:50+00:00,Fairyland,-37.546758,143.823172,70.0,83.0,"-37.546758, 143.823172"
2020-10-27T06:11:47+00:00,Fairyland,-37.546758,143.823172,65.0,79.0,"-37.546758, 143.823172"
2020-09-29T03:16:25+00:00,Fairyland,-37.546758,143.823172,60.0,84.0,"-37.546758, 143.823172"
2020-10-07T05:30:04+00:00,Fairyland,-37.546758,143.823172,61.0,69.0,"-37.546758, 143.823172"
2020-10-07T07:15:04+00:00,Fairyland,-37.546758,143.823172,66.0,75.0,"-37.546758, 143.823172"
2020-10-08T13:29:52+00:00,Fairyland,-37.546758,143.823172,64.0,83.0,"-37.546758, 143.823172"
2020-10-08T16:59:51+00:00,Fairyland,-37.546758,143.823172,64.0,89.0,"-37.546758, 143.823172"
2020-10-13T18:29:00+00:00,Fairyland,-37.546758,143.823172,61.0,77.0,"-37.546758, 143.823172"
2020-10-15T19:13:40+00:00,Fairyland,-37.546758,143.823172,60.0,73.0,"-37.546758, 143.823172"
2020-10-15T20:43:39+00:00,Fairyland,-37.546758,143.823172,71.0,82.0,"-37.546758, 143.823172"
2020-10-26T16:56:52+00:00,Fairyland,-37.546758,143.823172,65.0,78.0,"-37.546758, 143.823172"
2020-10-26T21:56:50+00:00,Fairyland,-37.546758,143.823172,71.0,84.0,"-37.546758, 143.823172"
2020-10-27T05:26:47+00:00,Fairyland,-37.546758,143.823172,61.0,74.0,"-37.546758, 143.823172"
2020-10-25T13:12:02+00:00,Fairyland,-37.546758,143.823172,70.0,90.0,"-37.546758, 143.823172"
2020-10-25T14:27:01+00:00,Fairyland,-37.546758,143.823172,77.0,91.0,"-37.546758, 143.823172"
2020-10-25T21:41:58+00:00,Fairyland,-37.546758,143.823172,68.0,83.0,"-37.546758, 143.823172"
2020-10-26T01:56:57+00:00,Fairyland,-37.546758,143.823172,84.0,92.0,"-37.546758, 143.823172"
2020-10-26T03:56:56+00:00,Fairyland,-37.546758,143.823172,78.0,95.0,"-37.546758, 143.823172"
2020-10-26T07:41:56+00:00,Fairyland,-37.546758,143.823172,67.0,82.0,"-37.546758, 143.823172"
2020-10-26T09:11:55+00:00,Fairyland,-37.546758,143.823172,70.0,83.0,"-37.546758, 143.823172"
2020-10-27T05:41:47+00:00,Fairyland,-37.546758,143.823172,62.0,78.0,"-37.546758, 143.823172"
2020-10-27T07:26:46+00:00,Fairyland,-37.546758,143.823172,62.0,80.0,"-37.546758, 143.823172"
2020-10-28T20:41:31+00:00,Fairyland,-37.546758,143.823172,64.0,80.0,"-37.546758, 143.823172"
2020-10-06T23:30:07+00:00,Fairyland,-37.546758,143.823172,61.0,67.0,"-37.546758, 143.823172"
2020-11-10T02:54:27+00:00,Fairyland,-37.546758,143.823172,60.0,80.0,"-37.546758, 143.823172"
2020-11-10T03:24:26+00:00,Fairyland,-37.546758,143.823172,64.0,80.0,"-37.546758, 143.823172"
2020-11-11T05:54:16+00:00,Fairyland,-37.546758,143.823172,62.0,88.0,"-37.546758, 143.823172"
2020-11-12T03:24:08+00:00,Fairyland,-37.546758,143.823172,60.0,73.0,"-37.546758, 143.823172"
2020-11-13T04:23:57+00:00,Fairyland,-37.546758,143.823172,67.0,82.0,"-37.546758, 143.823172"
2020-11-15T20:23:29+00:00,Fairyland,-37.546758,143.823172,72.0,85.0,"-37.546758, 143.823172"
2020-11-16T02:53:26+00:00,Fairyland,-37.546758,143.823172,60.0,78.0,"-37.546758, 143.823172"
2023-12-10T18:15:13+00:00,Fairyland,-37.546758,143.823172,67.0,82.0,"-37.546758, 143.823172"
2020-11-20T06:07:47+00:00,Fairyland,-37.546758,143.823172,63.0,76.0,"-37.546758, 143.823172"
2020-11-20T16:07:42+00:00,Fairyland,-37.546758,143.823172,64.0,79.0,"-37.546758, 143.823172"
2023-12-11T07:30:07+00:00,Fairyland,-37.546758,143.823172,60.0,76.0,"-37.546758, 143.823172"
2020-11-26T07:06:46+00:00,Fairyland,-37.546758,143.823172,60.0,74.0,"-37.546758, 143.823172"
2020-11-26T07:36:46+00:00,Fairyland,-37.546758,143.823172,63.0,78.0,"-37.546758, 143.823172"
2020-11-28T04:36:27+00:00,Fairyland,-37.546758,143.823172,69.0,84.0,"-37.546758, 143.823172"
2020-11-28T05:51:27+00:00,Fairyland,-37.546758,143.823172,63.0,78.0,"-37.546758, 143.823172"
2020-12-16T11:48:24+00:00,Fairyland,-37.546758,143.823172,68.0,81.0,"-37.546758, 143.823172"
2020-12-25T01:31:57+00:00,Fairyland,-37.546758,143.823172,60.0,79.0,"-37.546758, 143.823172"
2020-12-26T03:46:47+00:00,Fairyland,-37.546758,143.823172,60.0,75.0,"-37.546758, 143.823172"
2020-12-27T05:46:35+00:00,Fairyland,-37.546758,143.823172,60.0,88.0,"-37.546758, 143.823172"
2020-07-01T02:01:00+00:00,Fairyland,-37.546758,143.823172,60.0,79.0,"-37.546758, 143.823172"
2020-07-28T04:56:39+00:00,Fairyland,-37.546758,143.823172,60.0,70.0,"-37.546758, 143.823172"
2020-08-04T00:25:33+00:00,Fairyland,-37.546758,143.823172,62.0,81.0,"-37.546758, 143.823172"
2020-08-06T16:25:08+00:00,Fairyland,-37.546758,143.823172,62.0,72.0,"-37.546758, 143.823172"
2020-08-06T18:25:07+00:00,Fairyland,-37.546758,143.823172,65.0,75.0,"-37.546758, 143.823172"
2020-08-06T23:10:05+00:00,Fairyland,-37.546758,143.823172,61.0,71.0,"-37.546758, 143.823172"
2020-08-07T01:10:04+00:00,Fairyland,-37.546758,143.823172,73.0,82.0,"-37.546758, 143.823172"
2020-08-07T02:25:04+00:00,Fairyland,-37.546758,143.823172,76.0,87.0,"-37.546758, 143.823172"
2020-08-07T02:55:04+00:00,Fairyland,-37.546758,143.823172,77.0,88.0,"-37.546758, 143.823172"
2020-08-07T03:40:03+00:00,Fairyland,-37.546758,143.823172,77.0,86.0,"-37.546758, 143.823172"
2020-08-07T10:40:00+00:00,Fairyland,-37.546758,143.823172,76.0,91.0,"-37.546758, 143.823172"
2020-08-07T12:25:00+00:00,Fairyland,-37.546758,143.823172,73.0,89.0,"-37.546758, 143.823172"
2020-08-07T15:39:59+00:00,Fairyland,-37.546758,143.823172,79.0,89.0,"-37.546758, 143.823172"
2020-08-07T20:09:57+00:00,Fairyland,-37.546758,143.823172,70.0,84.0,"-37.546758, 143.823172"
2020-08-07T20:24:57+00:00,Fairyland,-37.546758,143.823172,70.0,79.0,"-37.546758, 143.823172"
2020-08-07T23:09:56+00:00,Fairyland,-37.546758,143.823172,67.0,76.0,"-37.546758, 143.823172"
2020-08-08T03:39:54+00:00,Fairyland,-37.546758,143.823172,66.0,78.0,"-37.546758, 143.823172"
2020-08-08T03:24:54+00:00,Fairyland,-37.546758,143.823172,67.0,77.0,"-37.546758, 143.823172"
2020-08-08T05:54:53+00:00,Fairyland,-37.546758,143.823172,70.0,81.0,"-37.546758, 143.823172"
2020-08-08T08:24:52+00:00,Fairyland,-37.546758,143.823172,61.0,75.0,"-37.546758, 143.823172"
2020-08-08T09:54:51+00:00,Fairyland,-37.546758,143.823172,68.0,80.0,"-37.546758, 143.823172"
2020-08-08T10:54:51+00:00,Fairyland,-37.546758,143.823172,68.0,83.0,"-37.546758, 143.823172"
2020-08-08T13:39:50+00:00,Fairyland,-37.546758,143.823172,65.0,79.0,"-37.546758, 143.823172"
2020-08-08T14:39:49+00:00,Fairyland,-37.546758,143.823172,61.0,84.0,"-37.546758, 143.823172"
2020-08-08T15:39:49+00:00,Fairyland,-37.546758,143.823172,62.0,79.0,"-37.546758, 143.823172"
2020-08-08T17:39:48+00:00,Fairyland,-37.546758,143.823172,70.0,87.0,"-37.546758, 143.823172"
2020-08-08T19:24:47+00:00,Fairyland,-37.546758,143.823172,78.0,88.0,"-37.546758, 143.823172"
2020-08-08T21:39:46+00:00,Fairyland,-37.546758,143.823172,65.0,79.0,"-37.546758, 143.823172"
2020-08-08T22:24:46+00:00,Fairyland,-37.546758,143.823172,68.0,86.0,"-37.546758, 143.823172"
2020-08-09T00:39:45+00:00,Fairyland,-37.546758,143.823172,60.0,80.0,"-37.546758, 143.823172"
2020-08-09T01:54:45+00:00,Fairyland,-37.546758,143.823172,63.0,86.0,"-37.546758, 143.823172"
2020-08-09T05:24:43+00:00,Fairyland,-37.546758,143.823172,72.0,85.0,"-37.546758, 143.823172"
2020-08-09T06:09:43+00:00,Fairyland,-37.546758,143.823172,67.0,83.0,"-37.546758, 143.823172"
2020-08-09T06:24:43+00:00,Fairyland,-37.546758,143.823172,68.0,81.0,"-37.546758, 143.823172"
2020-07-01T01:01:01+00:00,Fairyland,-37.546758,143.823172,60.0,68.0,"-37.546758, 143.823172"
2020-07-19T05:28:06+00:00,Fairyland,-37.546758,143.823172,65.0,85.0,"-37.546758, 143.823172"
2020-07-19T09:58:04+00:00,Fairyland,-37.546758,143.823172,66.0,89.0,"-37.546758, 143.823172"
2020-07-08T19:59:47+00:00,Fairyland,-37.546758,143.823172,60.0,75.0,"-37.546758, 143.823172"
2020-07-13T12:29:01+00:00,Fairyland,-37.546758,143.823172,61.0,73.0,"-37.546758, 143.823172"
2020-07-13T19:58:58+00:00,Fairyland,-37.546758,143.823172,60.0,75.0,"-37.546758, 143.823172"
2020-07-14T11:28:52+00:00,Fairyland,-37.546758,143.823172,66.0,82.0,"-37.546758, 143.823172"
2020-07-14T23:13:47+00:00,Fairyland,-37.546758,143.823172,74.0,84.0,"-37.546758, 143.823172"
2020-07-03T00:30:43+00:00,Fairyland,-37.546758,143.823172,61.0,72.0,"-37.546758, 143.823172"
2020-07-12T22:44:07+00:00,Fairyland,-37.546758,143.823172,62.0,77.0,"-37.546758, 143.823172"
2020-07-14T05:43:54+00:00,Fairyland,-37.546758,143.823172,70.0,81.0,"-37.546758, 143.823172"
2020-07-14T11:58:52+00:00,Fairyland,-37.546758,143.823172,65.0,77.0,"-37.546758, 143.823172"
2020-07-14T17:28:49+00:00,Fairyland,-37.546758,143.823172,74.0,87.0,"-37.546758, 143.823172"
2020-07-14T20:43:48+00:00,Fairyland,-37.546758,143.823172,73.0,83.0,"-37.546758, 143.823172"
2020-07-14T22:58:47+00:00,Fairyland,-37.546758,143.823172,69.0,77.0,"-37.546758, 143.823172"
2020-08-09T13:54:40+00:00,Fairyland,-37.546758,143.823172,66.0,81.0,"-37.546758, 143.823172"
2020-08-09T18:09:38+00:00,Fairyland,-37.546758,143.823172,75.0,90.0,"-37.546758, 143.823172"
2020-08-09T18:24:38+00:00,Fairyland,-37.546758,143.823172,76.0,85.0,"-37.546758, 143.823172"
2020-08-09T20:09:37+00:00,Fairyland,-37.546758,143.823172,69.0,82.0,"-37.546758, 143.823172"
2020-08-09T20:39:37+00:00,Fairyland,-37.546758,143.823172,66.0,79.0,"-37.546758, 143.823172"
2020-08-09T20:54:37+00:00,Fairyland,-37.546758,143.823172,60.0,75.0,"-37.546758, 143.823172"
2020-08-09T21:09:37+00:00,Fairyland,-37.546758,143.823172,60.0,77.0,"-37.546758, 143.823172"
2020-08-09T22:09:36+00:00,Fairyland,-37.546758,143.823172,61.0,71.0,"-37.546758, 143.823172"
2020-08-09T23:54:36+00:00,Fairyland,-37.546758,143.823172,60.0,68.0,"-37.546758, 143.823172"
2020-08-10T23:24:26+00:00,Fairyland,-37.546758,143.823172,61.0,77.0,"-37.546758, 143.823172"
2023-12-11T04:30:09+00:00,Fairyland,-37.546758,143.823172,62.0,76.0,"-37.546758, 143.823172"
2023-12-11T09:00:07+00:00,Fairyland,-37.546758,143.823172,63.0,75.0,"-37.546758, 143.823172"
2021-11-27T01:50:06+00:00,Fairyland,-37.546758,143.823172,60.0,75.0,"-37.546758, 143.823172"
2021-11-27T14:20:04+00:00,Fairyland,-37.546758,143.823172,61.0,73.0,"-37.546758, 143.823172"
2021-11-27T13:04:59+00:00,Fairyland,-37.546758,143.823172,62.0,79.0,"-37.546758, 143.823172"
2021-10-19T13:10:10+00:00,Fairyland,-37.546758,143.823172,65.0,77.0,"-37.546758, 143.823172"
2021-10-15T07:40:51+00:00,Fairyland,-37.546758,143.823172,60.0,78.0,"-37.546758, 143.823172"
2021-10-12T23:23:25+00:00,Fairyland,-37.546758,143.823172,60.0,76.0,"-37.546758, 143.823172"
2021-09-20T03:32:36+00:00,Fairyland,-37.546758,143.823172,60.0,79.0,"-37.546758, 143.823172"
2021-09-19T22:02:40+00:00,Fairyland,-37.546758,143.823172,61.0,75.0,"-37.546758, 143.823172"
2021-09-29T10:10:46+00:00,Fairyland,-37.546758,143.823172,60.0,72.0,"-37.546758, 143.823172"
2021-11-04T17:38:59+00:00,Fairyland,-37.546758,143.823172,65.0,77.0,"-37.546758, 143.823172"
2022-03-13T01:32:21+00:00,Fairyland,-37.546758,143.823172,64.0,72.0,"-37.546758, 143.823172"
2022-03-13T05:02:19+00:00,Fairyland,-37.546758,143.823172,63.0,71.0,"-37.546758, 143.823172"
2022-03-14T06:32:17+00:00,Fairyland,-37.546758,143.823172,71.0,80.0,"-37.546758, 143.823172"
2022-03-14T03:17:10+00:00,Fairyland,-37.546758,143.823172,62.0,68.0,"-37.546758, 143.823172"
2022-01-16T10:56:39+00:00,Fairyland,-37.546758,143.823172,65.0,98.0,"-37.546758, 143.823172"
2022-01-18T22:41:15+00:00,Fairyland,-37.546758,143.823172,67.0,81.0,"-37.546758, 143.823172"
2022-01-19T01:26:16+00:00,Fairyland,-37.546758,143.823172,70.0,86.0,"-37.546758, 143.823172"
2022-01-19T09:56:11+00:00,Fairyland,-37.546758,143.823172,62.0,79.0,"-37.546758, 143.823172"
2022-01-19T12:56:08+00:00,Fairyland,-37.546758,143.823172,65.0,81.0,"-37.546758, 143.823172"
2022-01-20T08:26:05+00:00,Fairyland,-37.546758,143.823172,60.0,69.0,"-37.546758, 143.823172"
2022-01-21T07:40:50+00:00,Fairyland,-37.546758,143.823172,64.0,80.0,"-37.546758, 143.823172"
2022-01-10T19:57:38+00:00,Fairyland,-37.546758,143.823172,61.0,73.0,"-37.546758, 143.823172"
2022-01-10T23:57:36+00:00,Fairyland,-37.546758,143.823172,61.0,81.0,"-37.546758, 143.823172"
2022-01-10T22:57:35+00:00,Fairyland,-37.546758,143.823172,65.0,80.0,"-37.546758, 143.823172"
2022-01-13T02:42:15+00:00,Fairyland,-37.546758,143.823172,60.0,75.0,"-37.546758, 143.823172"
2022-01-13T00:57:15+00:00,Fairyland,-37.546758,143.823172,61.0,72.0,"-37.546758, 143.823172"
2022-01-12T08:42:23+00:00,Fairyland,-37.546758,143.823172,61.0,78.0,"-37.546758, 143.823172"
2022-01-13T21:57:14+00:00,Fairyland,-37.546758,143.823172,64.0,69.0,"-37.546758, 143.823172"
2022-04-04T04:13:38+00:00,Fairyland,-37.546758,143.823172,65.0,83.0,"-37.546758, 143.823172"
2022-04-13T00:42:09+00:00,Fairyland,-37.546758,143.823172,61.0,72.0,"-37.546758, 143.823172"
2022-04-13T00:57:15+00:00,Fairyland,-37.546758,143.823172,61.0,77.0,"-37.546758, 143.823172"
2022-04-13T02:57:15+00:00,Fairyland,-37.546758,143.823172,60.0,67.0,"-37.546758, 143.823172"
2022-05-13T00:52:08+00:00,Fairyland,-37.546758,143.823172,67.0,75.0,"-37.546758, 143.823172"
2022-05-13T01:52:07+00:00,Fairyland,-37.546758,143.823172,67.0,80.0,"-37.546758, 143.823172"
2022-05-10T22:22:30+00:00,Fairyland,-37.546758,143.823172,63.0,84.0,"-37.546758, 143.823172"
2022-05-12T01:22:18+00:00,Fairyland,-37.546758,143.823172,60.0,69.0,"-37.546758, 143.823172"
2022-05-15T22:36:39+00:00,Fairyland,-37.546758,143.823172,64.0,80.0,"-37.546758, 143.823172"
2022-05-15T22:21:39+00:00,Fairyland,-37.546758,143.823172,67.0,85.0,"-37.546758, 143.823172"
2022-05-16T02:51:36+00:00,Fairyland,-37.546758,143.823172,60.0,78.0,"-37.546758, 143.823172"
2022-05-16T03:06:36+00:00,Fairyland,-37.546758,143.823172,68.0,77.0,"-37.546758, 143.823172"
2024-04-17T21:38:32+00:00,Fairyland,-37.546758,143.823172,65.0,74.0,"-37.546758, 143.823172"
2022-10-09T20:42:39+00:00,Fairyland,-37.546758,143.823172,67.0,77.0,"-37.546758, 143.823172"
2022-08-10T23:22:29+00:00,Fairyland,-37.546758,143.823172,60.0,71.0,"-37.546758, 143.823172"
2022-08-14T18:51:58+00:00,Fairyland,-37.546758,143.823172,61.0,89.0,"-37.546758, 143.823172"
2024-05-30T06:31:38+00:00,Fairyland,-37.546758,143.823172,62.0,81.0,"-37.546758, 143.823172"
2022-05-30T22:34:11+00:00,Fairyland,-37.546758,143.823172,60.0,73.0,"-37.546758, 143.823172"
2022-10-23T20:55:18+00:00,Fairyland,-37.546758,143.823172,65.0,79.0,"-37.546758, 143.823172"
2022-10-13T05:12:05+00:00,Fairyland,-37.546758,143.823172,60.0,73.0,"-37.546758, 143.823172"
2022-10-04T10:58:33+00:00,Fairyland,-37.546758,143.823172,63.0,76.0,"-37.546758, 143.823172"
2022-10-04T14:13:31+00:00,Fairyland,-37.546758,143.823172,60.0,72.0,"-37.546758, 143.823172"
2024-06-12T22:14:15+00:00,Fairyland,-37.546758,143.823172,62.0,78.0,"-37.546758, 143.823172"
2022-08-02T16:08:50+00:00,Fairyland,-37.546758,143.823172,63.0,100.0,"-37.546758, 143.823172"
2022-08-02T21:38:48+00:00,Fairyland,-37.546758,143.823172,61.0,76.0,"-37.546758, 143.823172"
2022-08-25T21:35:03+00:00,Fairyland,-37.546758,143.823172,64.0,69.0,"-37.546758, 143.823172"
2022-08-29T12:04:30+00:00,Fairyland,-37.546758,143.823172,61.0,79.0,"-37.546758, 143.823172"
2022-08-29T11:49:27+00:00,Fairyland,-37.546758,143.823172,64.0,82.0,"-37.546758, 143.823172"
2022-10-23T14:25:21+00:00,Fairyland,-37.546758,143.823172,67.0,85.0,"-37.546758, 143.823172"
2022-11-12T09:37:05+00:00,Fairyland,-37.546758,143.823172,60.0,70.0,"-37.546758, 143.823172"
2022-08-14T08:36:55+00:00,Fairyland,-37.546758,143.823172,62.0,75.0,"-37.546758, 143.823172"
2022-08-14T20:21:51+00:00,Fairyland,-37.546758,143.823172,60.0,76.0,"-37.546758, 143.823172"
2023-03-27T20:29:41+00:00,Fairyland,-37.546758,143.823172,61.0,71.0,"-37.546758, 143.823172"
2020-04-04T03:30:23+00:00,Fairyland,6.0,6.0,60.0,73.0,"6.0, 6.0"
2020-04-06T01:00:04+00:00,Fairyland,6.0,6.0,61.0,77.0,"6.0, 6.0"
2020-04-10T17:44:18+00:00,Fairyland,6.0,6.0,69.0,87.0,"6.0, 6.0"
2020-04-10T19:29:17+00:00,Fairyland,6.0,6.0,61.0,79.0,"6.0, 6.0"
2020-04-11T03:59:13+00:00,Fairyland,6.0,6.0,61.0,78.0,"6.0, 6.0"
2020-04-14T03:43:45+00:00,Fairyland,6.0,6.0,60.0,74.0,"6.0, 6.0"
2020-04-02T03:45:49+00:00,Fairyland,-37.546758,143.823172,79.0,89.0,"-37.546758, 143.823172"
2020-04-02T01:15:50+00:00,Fairyland,-37.546758,143.823172,75.0,92.0,"-37.546758, 143.823172"
2020-03-26T14:16:56+00:00,Fairyland,-37.546758,143.823172,60.0,79.0,"-37.546758, 143.823172"
2020-03-08T15:19:56+00:00,Fairyland,-37.546758,143.823172,61.0,76.0,"-37.546758, 143.823172"
2020-03-08T13:49:55+00:00,Fairyland,-37.546758,143.823172,62.0,77.0,"-37.546758, 143.823172"
2020-03-06T08:05:17+00:00,Fairyland,-37.546758,143.823172,76.0,89.0,"-37.546758, 143.823172"
2020-03-03T18:35:44+00:00,Fairyland,-37.546758,143.823172,66.0,88.0,"-37.546758, 143.823172"
2020-03-03T14:20:44+00:00,Fairyland,-37.546758,143.823172,61.0,81.0,"-37.546758, 143.823172"
2020-02-27T17:36:35+00:00,Fairyland,-37.546758,143.823172,62.0,84.0,"-37.546758, 143.823172"
2020-02-27T16:21:34+00:00,Fairyland,-37.546758,143.823172,61.0,83.0,"-37.546758, 143.823172"
2020-02-27T14:51:34+00:00,Fairyland,-37.546758,143.823172,62.0,74.0,"-37.546758, 143.823172"
2020-02-25T15:06:55+00:00,Fairyland,-37.546758,143.823172,61.0,83.0,"-37.546758, 143.823172"
2020-02-23T15:22:15+00:00,Fairyland,-37.546758,143.823172,60.0,82.0,"-37.546758, 143.823172"
2020-02-18T04:53:09+00:00,Fairyland,-37.546758,143.823172,60.0,79.0,"-37.546758, 143.823172"
2020-02-16T11:23:26+00:00,Fairyland,-37.546758,143.823172,67.0,83.0,"-37.546758, 143.823172"
2020-02-16T10:23:26+00:00,Fairyland,-37.546758,143.823172,63.0,81.0,"-37.546758, 143.823172"
2020-02-16T09:38:26+00:00,Fairyland,-37.546758,143.823172,63.0,77.0,"-37.546758, 143.823172"
2020-02-15T20:08:32+00:00,Fairyland,-37.546758,143.823172,63.0,72.0,"-37.546758, 143.823172"
2020-02-15T18:08:33+00:00,Fairyland,-37.546758,143.823172,61.0,67.0,"-37.546758, 143.823172"
2020-02-15T15:38:35+00:00,Fairyland,-37.546758,143.823172,60.0,69.0,"-37.546758, 143.823172"
2020-02-13T10:08:57+00:00,Fairyland,-37.546758,143.823172,64.0,77.0,"-37.546758, 143.823172"
2020-02-13T07:23:58+00:00,Fairyland,-37.546758,143.823172,65.0,76.0,"-37.546758, 143.823172"
2020-02-10T12:09:26+00:00,Fairyland,-37.546758,143.823172,63.0,80.0,"-37.546758, 143.823172"
2020-02-10T00:24:32+00:00,Fairyland,-37.546758,143.823172,66.0,84.0,"-37.546758, 143.823172"
2020-02-09T18:09:34+00:00,Fairyland,-37.546758,143.823172,66.0,85.0,"-37.546758, 143.823172"
2020-02-09T16:24:35+00:00,Fairyland,-37.546758,143.823172,69.0,80.0,"-37.546758, 143.823172"
2020-02-09T08:39:38+00:00,Fairyland,-37.546758,143.823172,63.0,85.0,"-37.546758, 143.823172"
2020-02-09T07:39:38+00:00,Fairyland,-37.546758,143.823172,60.0,74.0,"-37.546758, 143.823172"
2020-02-08T13:24:46+00:00,Fairyland,-37.546758,143.823172,66.0,91.0,"-37.546758, 143.823172"
2020-02-08T08:09:48+00:00,Fairyland,-37.546758,143.823172,64.0,83.0,"-37.546758, 143.823172"
2020-02-08T05:39:49+00:00,Fairyland,-37.546758,143.823172,70.0,84.0,"-37.546758, 143.823172"
2020-02-08T05:24:49+00:00,Fairyland,-37.546758,143.823172,71.0,85.0,"-37.546758, 143.823172"
2020-02-08T01:54:51+00:00,Fairyland,-37.546758,143.823172,65.0,85.0,"-37.546758, 143.823172"
2020-02-06T22:25:03+00:00,Fairyland,-37.546758,143.823172,66.0,76.0,"-37.546758, 143.823172"
2020-02-06T16:25:04+00:00,Fairyland,-37.546758,143.823172,63.0,89.0,"-37.546758, 143.823172"
2020-02-06T05:10:10+00:00,Fairyland,-37.546758,143.823172,60.0,79.0,"-37.546758, 143.823172"
2020-02-02T11:10:48+00:00,Fairyland,-37.546758,143.823172,63.0,83.0,"-37.546758, 143.823172"
2020-02-02T10:40:48+00:00,Fairyland,-37.546758,143.823172,62.0,82.0,"-37.546758, 143.823172"
2020-01-23T13:27:26+00:00,Fairyland,-37.546758,143.823172,65.0,80.0,"-37.546758, 143.823172"
2020-01-22T14:42:35+00:00,Fairyland,-37.546758,143.823172,61.0,88.0,"-37.546758, 143.823172"
2020-01-18T22:43:11+00:00,Fairyland,-37.546758,143.823172,62.0,72.0,"-37.546758, 143.823172"
2020-01-18T02:13:20+00:00,Fairyland,-37.546758,143.823172,64.0,81.0,"-37.546758, 143.823172"
2020-01-15T15:43:44+00:00,Fairyland,-37.546758,143.823172,73.0,93.0,"-37.546758, 143.823172"
2020-01-14T18:43:54+00:00,Fairyland,-37.546758,143.823172,75.0,84.0,"-37.546758, 143.823172"
2020-01-13T03:14:10+00:00,Fairyland,-37.546758,143.823172,69.0,81.0,"-37.546758, 143.823172"
2020-01-13T02:59:11+00:00,Fairyland,-37.546758,143.823172,67.0,81.0,"-37.546758, 143.823172"
2020-01-13T00:14:12+00:00,Fairyland,-37.546758,143.823172,65.0,85.0,"-37.546758, 143.823172"
2020-01-10T13:59:34+00:00,Fairyland,-37.546758,143.823172,62.0,83.0,"-37.546758, 143.823172"
2020-01-10T11:44:35+00:00,Fairyland,-37.546758,143.823172,60.0,66.0,"-37.546758, 143.823172"
2020-01-09T03:29:50+00:00,Fairyland,-37.546758,143.823172,60.0,76.0,"-37.546758, 143.823172"
2020-01-08T13:29:55+00:00,Fairyland,-37.546758,143.823172,70.0,84.0,"-37.546758, 143.823172"
2020-01-08T09:14:57+00:00,Fairyland,-37.546758,143.823172,64.0,86.0,"-37.546758, 143.823172"
2020-01-08T06:29:58+00:00,Fairyland,-37.546758,143.823172,63.0,84.0,"-37.546758, 143.823172"
2020-01-07T19:15:02+00:00,Fairyland,-37.546758,143.823172,60.0,77.0,"-37.546758, 143.823172"
2020-01-07T18:45:03+00:00,Fairyland,-37.546758,143.823172,63.0,82.0,"-37.546758, 143.823172"
2020-04-30T01:56:05+00:00,Fairyland,-37.546758,143.823172,60.0,71.0,"-37.546758, 143.823172"
2020-04-30T02:41:05+00:00,Fairyland,-37.546758,143.823172,60.0,84.0,"-37.546758, 143.823172"
2020-04-30T05:11:04+00:00,Fairyland,-37.546758,143.823172,61.0,74.0,"-37.546758, 143.823172"
2020-04-30T05:41:04+00:00,Fairyland,-37.546758,143.823172,60.0,74.0,"-37.546758, 143.823172"
2020-04-30T09:41:02+00:00,Fairyland,-37.546758,143.823172,65.0,87.0,"-37.546758, 143.823172"
2020-04-30T10:41:02+00:00,Fairyland,-37.546758,143.823172,63.0,80.0,"-37.546758, 143.823172"
2020-04-30T22:25:57+00:00,Fairyland,-37.546758,143.823172,63.0,85.0,"-37.546758, 143.823172"
2020-05-01T00:55:56+00:00,Fairyland,-37.546758,143.823172,67.0,83.0,"-37.546758, 143.823172"
2020-05-01T06:40:54+00:00,Fairyland,-37.546758,143.823172,61.0,83.0,"-37.546758, 143.823172"
2020-05-01T09:40:53+00:00,Fairyland,-37.546758,143.823172,65.0,92.0,"-37.546758, 143.823172"
2020-05-01T15:25:50+00:00,Fairyland,-37.546758,143.823172,64.0,86.0,"-37.546758, 143.823172"
2020-05-06T02:55:07+00:00,Fairyland,-37.546758,143.823172,61.0,89.0,"-37.546758, 143.823172"
2020-05-06T20:54:59+00:00,Fairyland,-37.546758,143.823172,61.0,91.0,"-37.546758, 143.823172"
2020-05-06T21:39:59+00:00,Fairyland,-37.546758,143.823172,62.0,95.0,"-37.546758, 143.823172"
2020-05-07T01:09:58+00:00,Fairyland,-37.546758,143.823172,61.0,80.0,"-37.546758, 143.823172"
2020-05-08T22:09:39+00:00,Fairyland,-37.546758,143.823172,60.0,72.0,"-37.546758, 143.823172"
2020-05-25T02:07:02+00:00,Fairyland,-37.546758,143.823172,74.0,89.0,"-37.546758, 143.823172"
2020-05-25T03:37:02+00:00,Fairyland,-37.546758,143.823172,64.0,75.0,"-37.546758, 143.823172"
2020-05-25T07:07:00+00:00,Fairyland,-37.546758,143.823172,62.0,69.0,"-37.546758, 143.823172"
2020-06-01T03:35:52+00:00,Fairyland,-37.546758,143.823172,63.0,89.0,"-37.546758, 143.823172"
2020-06-01T03:50:51+00:00,Fairyland,-37.546758,143.823172,62.0,82.0,"-37.546758, 143.823172"
2021-02-28T09:36:03+00:00,Fairyland,-37.546758,143.823172,62.0,68.0,"-37.546758, 143.823172"
2021-03-22T01:32:26+00:00,Fairyland,-37.546758,143.823172,62.0,76.0,"-37.546758, 143.823172"
2020-06-14T02:03:47+00:00,Fairyland,-37.546758,143.823172,60.0,84.0,"-37.546758, 143.823172"
2020-06-19T04:02:57+00:00,Fairyland,-37.546758,143.823172,61.0,83.0,"-37.546758, 143.823172"
2020-06-19T04:17:57+00:00,Fairyland,-37.546758,143.823172,61.0,90.0,"-37.546758, 143.823172"
2020-06-15T03:33:36+00:00,Fairyland,-37.546758,143.823172,66.0,82.0,"-37.546758, 143.823172"
2020-06-16T21:48:19+00:00,Fairyland,-37.546758,143.823172,63.0,69.0,"-37.546758, 143.823172"
2020-06-22T00:02:29+00:00,Fairyland,-37.546758,143.823172,65.0,69.0,"-37.546758, 143.823172"
2020-06-23T22:47:09+00:00,Fairyland,-37.546758,143.823172,62.0,67.0,"-37.546758, 143.823172"
2020-07-03T00:00:43+00:00,Fairyland,-37.546758,143.823172,60.0,73.0,"-37.546758, 143.823172"
2020-07-02T03:15:50+00:00,Fairyland,-37.546758,143.823172,64.0,91.0,"-37.546758, 143.823172"
2020-07-02T05:00:50+00:00,Fairyland,-37.546758,143.823172,62.0,75.0,"-37.546758, 143.823172"
2020-07-13T15:59:00+00:00,Fairyland,-37.546758,143.823172,61.0,71.0,"-37.546758, 143.823172"
2020-07-13T17:28:59+00:00,Fairyland,-37.546758,143.823172,60.0,79.0,"-37.546758, 143.823172"
2020-07-14T01:28:56+00:00,Fairyland,-37.546758,143.823172,65.0,80.0,"-37.546758, 143.823172"
2020-07-14T01:58:56+00:00,Fairyland,-37.546758,143.823172,62.0,73.0,"-37.546758, 143.823172"
2020-07-14T12:28:51+00:00,Fairyland,-37.546758,143.823172,73.0,89.0,"-37.546758, 143.823172"
2020-06-18T04:33:07+00:00,Fairyland,-37.546758,143.823172,61.0,95.0,"-37.546758, 143.823172"
2020-08-27T07:21:49+00:00,Fairyland,-37.546758,143.823172,64.0,82.0,"-37.546758, 143.823172"
2020-06-19T00:02:59+00:00,Fairyland,-37.546758,143.823172,62.0,83.0,"-37.546758, 143.823172"
2020-08-30T00:21:22+00:00,Fairyland,-37.546758,143.823172,66.0,86.0,"-37.546758, 143.823172"
2020-08-30T08:51:19+00:00,Fairyland,-37.546758,143.823172,64.0,78.0,"-37.546758, 143.823172"
2020-06-14T22:48:38+00:00,Fairyland,-37.546758,143.823172,60.0,71.0,"-37.546758, 143.823172"
2020-08-19T18:08:00+00:00,Fairyland,-37.546758,143.823172,62.0,81.0,"-37.546758, 143.823172"
2020-08-20T05:22:55+00:00,Fairyland,-37.546758,143.823172,65.0,88.0,"-37.546758, 143.823172"
2020-06-16T02:18:27+00:00,Fairyland,-37.546758,143.823172,62.0,77.0,"-37.546758, 143.823172"
2020-08-20T02:37:57+00:00,Fairyland,-37.546758,143.823172,63.0,85.0,"-37.546758, 143.823172"
2020-08-21T21:22:40+00:00,Fairyland,-37.546758,143.823172,60.0,77.0,"-37.546758, 143.823172"
2020-08-21T21:37:40+00:00,Fairyland,-37.546758,143.823172,61.0,79.0,"-37.546758, 143.823172"
2020-08-24T00:22:19+00:00,Fairyland,-37.546758,143.823172,62.0,90.0,"-37.546758, 143.823172"
2020-08-26T22:21:53+00:00,Fairyland,-37.546758,143.823172,60.0,82.0,"-37.546758, 143.823172"
2020-08-27T03:21:51+00:00,Fairyland,-37.546758,143.823172,62.0,91.0,"-37.546758, 143.823172"
2020-08-20T17:22:51+00:00,Fairyland,-37.546758,143.823172,62.0,81.0,"-37.546758, 143.823172"
2020-08-20T17:37:51+00:00,Fairyland,-37.546758,143.823172,67.0,90.0,"-37.546758, 143.823172"
2020-08-20T17:52:51+00:00,Fairyland,-37.546758,143.823172,62.0,79.0,"-37.546758, 143.823172"
2020-08-22T07:37:36+00:00,Fairyland,-37.546758,143.823172,62.0,89.0,"-37.546758, 143.823172"
2020-09-07T00:20:02+00:00,Fairyland,-37.546758,143.823172,66.0,88.0,"-37.546758, 143.823172"
2020-09-09T15:04:37+00:00,Fairyland,-37.546758,143.823172,71.0,87.0,"-37.546758, 143.823172"
2020-09-09T15:34:36+00:00,Fairyland,-37.546758,143.823172,80.0,91.0,"-37.546758, 143.823172"
2020-09-11T00:04:23+00:00,Fairyland,-37.546758,143.823172,64.0,90.0,"-37.546758, 143.823172"
2020-09-17T04:03:22+00:00,Fairyland,-37.546758,143.823172,68.0,82.0,"-37.546758, 143.823172"
2020-09-17T16:03:17+00:00,Fairyland,-37.546758,143.823172,64.0,81.0,"-37.546758, 143.823172"
2020-09-17T22:18:14+00:00,Fairyland,-37.546758,143.823172,60.0,67.0,"-37.546758, 143.823172"
2020-09-18T04:18:12+00:00,Fairyland,-37.546758,143.823172,62.0,69.0,"-37.546758, 143.823172"
2020-09-21T05:47:41+00:00,Fairyland,-37.546758,143.823172,61.0,83.0,"-37.546758, 143.823172"
2020-09-23T05:47:22+00:00,Fairyland,-37.546758,143.823172,60.0,79.0,"-37.546758, 143.823172"
2020-09-21T06:17:41+00:00,Fairyland,-37.546758,143.823172,65.0,92.0,"-37.546758, 143.823172"
2020-09-22T07:32:30+00:00,Fairyland,-37.546758,143.823172,62.0,76.0,"-37.546758, 143.823172"
2020-09-22T04:32:32+00:00,Fairyland,-37.546758,143.823172,66.0,87.0,"-37.546758, 143.823172"
2020-09-30T01:16:15+00:00,Fairyland,-37.546758,143.823172,60.0,79.0,"-37.546758, 143.823172"
2020-09-01T04:36:00+00:00,Fairyland,-37.546758,143.823172,60.0,75.0,"-37.546758, 143.823172"
2020-09-02T02:50:51+00:00,Fairyland,-37.546758,143.823172,67.0,89.0,"-37.546758, 143.823172"
2020-09-02T03:35:50+00:00,Fairyland,-37.546758,143.823172,64.0,87.0,"-37.546758, 143.823172"
2020-09-03T05:35:40+00:00,Fairyland,-37.546758,143.823172,67.0,93.0,"-37.546758, 143.823172"
2020-10-03T01:45:45+00:00,Fairyland,-37.546758,143.823172,60.0,80.0,"-37.546758, 143.823172"
2020-10-03T02:30:45+00:00,Fairyland,-37.546758,143.823172,60.0,85.0,"-37.546758, 143.823172"
2020-10-01T23:15:57+00:00,Fairyland,-37.546758,143.823172,66.0,79.0,"-37.546758, 143.823172"
2020-09-28T07:16:32+00:00,Fairyland,-37.546758,143.823172,60.0,71.0,"-37.546758, 143.823172"
2020-09-23T01:17:23+00:00,Fairyland,-37.546758,143.823172,62.0,77.0,"-37.546758, 143.823172"
2020-09-22T05:02:31+00:00,Fairyland,-37.546758,143.823172,65.0,86.0,"-37.546758, 143.823172"
2020-07-04T02:15:33+00:00,Fairyland,-37.546758,143.823172,60.0,69.0,"-37.546758, 143.823172"
2020-07-07T09:30:01+00:00,Fairyland,-37.546758,143.823172,62.0,71.0,"-37.546758, 143.823172"
2020-07-07T10:00:00+00:00,Fairyland,-37.546758,143.823172,64.0,76.0,"-37.546758, 143.823172"
2020-10-12T00:44:18+00:00,Fairyland,-37.546758,143.823172,62.0,76.0,"-37.546758, 143.823172"
2020-10-06T23:00:07+00:00,Fairyland,-37.546758,143.823172,60.0,69.0,"-37.546758, 143.823172"
2020-10-08T09:44:52+00:00,Fairyland,-37.546758,143.823172,67.0,96.0,"-37.546758, 143.823172"
2020-10-08T20:29:49+00:00,Fairyland,-37.546758,143.823172,61.0,74.0,"-37.546758, 143.823172"
2020-10-13T07:29:05+00:00,Fairyland,-37.546758,143.823172,69.0,77.0,"-37.546758, 143.823172"
2020-08-06T16:10:08+00:00,Fairyland,-37.546758,143.823172,65.0,80.0,"-37.546758, 143.823172"
2020-08-06T19:40:06+00:00,Fairyland,-37.546758,143.823172,64.0,73.0,"-37.546758, 143.823172"
2020-08-31T00:36:13+00:00,Fairyland,-37.546758,143.823172,69.0,86.0,"-37.546758, 143.823172"
2020-08-31T01:06:12+00:00,Fairyland,-37.546758,143.823172,63.0,81.0,"-37.546758, 143.823172"
2020-07-28T05:41:39+00:00,Fairyland,-37.546758,143.823172,60.0,73.0,"-37.546758, 143.823172"
2020-08-06T19:55:06+00:00,Fairyland,-37.546758,143.823172,65.0,77.0,"-37.546758, 143.823172"
2020-08-06T21:10:06+00:00,Fairyland,-37.546758,143.823172,62.0,85.0,"-37.546758, 143.823172"
2020-08-07T08:25:01+00:00,Fairyland,-37.546758,143.823172,62.0,71.0,"-37.546758, 143.823172"
2020-08-07T09:40:01+00:00,Fairyland,-37.546758,143.823172,71.0,82.0,"-37.546758, 143.823172"
2020-08-07T11:25:00+00:00,Fairyland,-37.546758,143.823172,73.0,84.0,"-37.546758, 143.823172"
2020-08-07T14:39:59+00:00,Fairyland,-37.546758,143.823172,79.0,93.0,"-37.546758, 143.823172"
2020-08-07T15:09:59+00:00,Fairyland,-37.546758,143.823172,79.0,88.0,"-37.546758, 143.823172"
2020-08-07T22:39:56+00:00,Fairyland,-37.546758,143.823172,67.0,77.0,"-37.546758, 143.823172"
2020-08-08T02:24:54+00:00,Fairyland,-37.546758,143.823172,73.0,84.0,"-37.546758, 143.823172"
2020-08-08T04:09:53+00:00,Fairyland,-37.546758,143.823172,67.0,78.0,"-37.546758, 143.823172"
2020-08-08T06:24:52+00:00,Fairyland,-37.546758,143.823172,67.0,76.0,"-37.546758, 143.823172"
2020-08-08T09:39:51+00:00,Fairyland,-37.546758,143.823172,69.0,82.0,"-37.546758, 143.823172"
2020-08-08T10:24:51+00:00,Fairyland,-37.546758,143.823172,66.0,81.0,"-37.546758, 143.823172"
2020-08-08T12:39:50+00:00,Fairyland,-37.546758,143.823172,67.0,75.0,"-37.546758, 143.823172"
2020-08-08T13:24:50+00:00,Fairyland,-37.546758,143.823172,66.0,76.0,"-37.546758, 143.823172"
2020-08-08T15:09:49+00:00,Fairyland,-37.546758,143.823172,65.0,80.0,"-37.546758, 143.823172"
2020-08-08T19:39:47+00:00,Fairyland,-37.546758,143.823172,75.0,86.0,"-37.546758, 143.823172"
2020-08-08T21:24:46+00:00,Fairyland,-37.546758,143.823172,68.0,83.0,"-37.546758, 143.823172"
2020-08-08T22:09:46+00:00,Fairyland,-37.546758,143.823172,69.0,87.0,"-37.546758, 143.823172"
2020-08-08T23:09:46+00:00,Fairyland,-37.546758,143.823172,69.0,85.0,"-37.546758, 143.823172"
2020-08-09T02:09:44+00:00,Fairyland,-37.546758,143.823172,68.0,90.0,"-37.546758, 143.823172"
2020-08-09T02:54:44+00:00,Fairyland,-37.546758,143.823172,65.0,85.0,"-37.546758, 143.823172"
2020-08-09T03:24:44+00:00,Fairyland,-37.546758,143.823172,66.0,82.0,"-37.546758, 143.823172"
2020-08-09T09:24:42+00:00,Fairyland,-37.546758,143.823172,61.0,80.0,"-37.546758, 143.823172"
2020-08-09T12:09:40+00:00,Fairyland,-37.546758,143.823172,70.0,83.0,"-37.546758, 143.823172"
2020-08-09T13:39:40+00:00,Fairyland,-37.546758,143.823172,64.0,78.0,"-37.546758, 143.823172"
2020-08-09T21:54:36+00:00,Fairyland,-37.546758,143.823172,67.0,76.0,"-37.546758, 143.823172"
2020-08-09T22:39:36+00:00,Fairyland,-37.546758,143.823172,62.0,70.0,"-37.546758, 143.823172"
2020-08-09T22:54:36+00:00,Fairyland,-37.546758,143.823172,64.0,72.0,"-37.546758, 143.823172"
2020-08-06T11:55:09+00:00,Fairyland,-37.546758,143.823172,65.0,76.0,"-37.546758, 143.823172"
2020-08-07T00:10:05+00:00,Fairyland,-37.546758,143.823172,69.0,84.0,"-37.546758, 143.823172"
2020-08-07T04:10:03+00:00,Fairyland,-37.546758,143.823172,74.0,87.0,"-37.546758, 143.823172"
2020-08-07T04:25:03+00:00,Fairyland,-37.546758,143.823172,73.0,83.0,"-37.546758, 143.823172"
2020-08-09T10:39:41+00:00,Fairyland,-37.546758,143.823172,74.0,89.0,"-37.546758, 143.823172"
2020-08-09T11:39:41+00:00,Fairyland,-37.546758,143.823172,66.0,79.0,"-37.546758, 143.823172"
2020-08-09T19:09:38+00:00,Fairyland,-37.546758,143.823172,74.0,85.0,"-37.546758, 143.823172"
2020-08-13T22:08:57+00:00,Fairyland,-37.546758,143.823172,61.0,71.0,"-37.546758, 143.823172"
2020-07-28T03:56:39+00:00,Fairyland,-37.546758,143.823172,62.0,80.0,"-37.546758, 143.823172"
2020-07-28T04:11:39+00:00,Fairyland,-37.546758,143.823172,60.0,71.0,"-37.546758, 143.823172"
2020-12-20T13:32:43+00:00,Fairyland,-37.546758,143.823172,62.0,73.0,"-37.546758, 143.823172"
2020-09-17T02:48:22+00:00,Fairyland,-37.546758,143.823172,60.0,76.0,"-37.546758, 143.823172"
2020-09-26T10:31:52+00:00,Fairyland,-37.546758,143.823172,60.0,75.0,"-37.546758, 143.823172"
2020-09-28T01:01:35+00:00,Fairyland,-37.546758,143.823172,61.0,71.0,"-37.546758, 143.823172"
2020-10-08T21:14:49+00:00,Fairyland,-37.546758,143.823172,61.0,76.0,"-37.546758, 143.823172"
2020-10-09T06:44:44+00:00,Fairyland,-37.546758,143.823172,60.0,72.0,"-37.546758, 143.823172"
2020-10-07T08:00:03+00:00,Fairyland,-37.546758,143.823172,64.0,75.0,"-37.546758, 143.823172"
2020-08-13T23:38:57+00:00,Fairyland,-37.546758,143.823172,60.0,71.0,"-37.546758, 143.823172"
2020-08-19T11:53:03+00:00,Fairyland,-37.546758,143.823172,62.0,79.0,"-37.546758, 143.823172"
2020-08-19T14:53:02+00:00,Fairyland,-37.546758,143.823172,61.0,76.0,"-37.546758, 143.823172"
2020-08-20T03:07:56+00:00,Fairyland,-37.546758,143.823172,61.0,79.0,"-37.546758, 143.823172"
2020-12-01T02:35:57+00:00,Fairyland,-37.546758,143.823172,62.0,75.0,"-37.546758, 143.823172"
2020-12-06T20:35:01+00:00,Fairyland,-37.546758,143.823172,74.0,87.0,"-37.546758, 143.823172"
2020-12-06T21:05:00+00:00,Fairyland,-37.546758,143.823172,64.0,75.0,"-37.546758, 143.823172"
2020-09-03T05:05:40+00:00,Fairyland,-37.546758,143.823172,60.0,83.0,"-37.546758, 143.823172"
2020-09-03T22:35:33+00:00,Fairyland,-37.546758,143.823172,62.0,75.0,"-37.546758, 143.823172"
2020-09-06T04:50:10+00:00,Fairyland,-37.546758,143.823172,60.0,83.0,"-37.546758, 143.823172"
2020-09-07T00:05:03+00:00,Fairyland,-37.546758,143.823172,63.0,96.0,"-37.546758, 143.823172"
2020-12-10T22:04:18+00:00,Fairyland,-37.546758,143.823172,62.0,78.0,"-37.546758, 143.823172"
2020-09-07T02:05:02+00:00,Fairyland,-37.546758,143.823172,68.0,100.0,"-37.546758, 143.823172"
2020-12-11T00:34:17+00:00,Fairyland,-37.546758,143.823172,60.0,79.0,"-37.546758, 143.823172"
2020-09-07T03:50:01+00:00,Fairyland,-37.546758,143.823172,67.0,89.0,"-37.546758, 143.823172"
2020-12-11T02:04:17+00:00,Fairyland,-37.546758,143.823172,62.0,73.0,"-37.546758, 143.823172"
2020-09-07T04:35:01+00:00,Fairyland,-37.546758,143.823172,65.0,90.0,"-37.546758, 143.823172"
2020-12-11T05:04:16+00:00,Fairyland,-37.546758,143.823172,60.0,72.0,"-37.546758, 143.823172"
2020-09-09T12:19:38+00:00,Fairyland,-37.546758,143.823172,62.0,82.0,"-37.546758, 143.823172"
2020-09-09T12:34:38+00:00,Fairyland,-37.546758,143.823172,63.0,79.0,"-37.546758, 143.823172"
2020-09-09T13:49:37+00:00,Fairyland,-37.546758,143.823172,70.0,86.0,"-37.546758, 143.823172"
2020-09-09T18:49:37+00:00,Fairyland,-37.546758,143.823172,72.0,84.0,"-37.546758, 143.823172"
2020-09-10T06:04:31+00:00,Fairyland,-37.546758,143.823172,61.0,75.0,"-37.546758, 143.823172"
2020-09-10T23:49:23+00:00,Fairyland,-37.546758,143.823172,65.0,89.0,"-37.546758, 143.823172"
2020-09-11T00:49:23+00:00,Fairyland,-37.546758,143.823172,64.0,88.0,"-37.546758, 143.823172"
2020-09-12T01:49:14+00:00,Fairyland,-37.546758,143.823172,60.0,79.0,"-37.546758, 143.823172"
2020-09-13T06:04:01+00:00,Fairyland,-37.546758,143.823172,60.0,74.0,"-37.546758, 143.823172"
2020-10-13T03:29:05+00:00,Fairyland,-37.546758,143.823172,61.0,72.0,"-37.546758, 143.823172"
2020-10-13T04:14:06+00:00,Fairyland,-37.546758,143.823172,60.0,73.0,"-37.546758, 143.823172"
2020-10-13T04:59:06+00:00,Fairyland,-37.546758,143.823172,63.0,76.0,"-37.546758, 143.823172"
2020-10-13T05:29:06+00:00,Fairyland,-37.546758,143.823172,61.0,82.0,"-37.546758, 143.823172"
2020-10-13T07:59:05+00:00,Fairyland,-37.546758,143.823172,65.0,77.0,"-37.546758, 143.823172"
2020-10-13T09:29:04+00:00,Fairyland,-37.546758,143.823172,62.0,75.0,"-37.546758, 143.823172"
2020-11-20T08:52:45+00:00,Fairyland,-37.546758,143.823172,63.0,72.0,"-37.546758, 143.823172"
2020-10-13T14:59:02+00:00,Fairyland,-37.546758,143.823172,67.0,81.0,"-37.546758, 143.823172"
2020-11-29T20:21:09+00:00,Fairyland,-37.546758,143.823172,64.0,80.0,"-37.546758, 143.823172"
2020-10-15T04:28:45+00:00,Fairyland,-37.546758,143.823172,60.0,76.0,"-37.546758, 143.823172"
2020-11-20T16:22:42+00:00,Fairyland,-37.546758,143.823172,64.0,77.0,"-37.546758, 143.823172"
2020-10-15T19:58:40+00:00,Fairyland,-37.546758,143.823172,65.0,77.0,"-37.546758, 143.823172"
2020-10-16T05:13:36+00:00,Fairyland,-37.546758,143.823172,61.0,79.0,"-37.546758, 143.823172"
2020-11-29T19:51:09+00:00,Fairyland,-37.546758,143.823172,67.0,81.0,"-37.546758, 143.823172"
2020-11-12T03:39:08+00:00,Fairyland,-37.546758,143.823172,60.0,73.0,"-37.546758, 143.823172"
2020-10-18T20:58:10+00:00,Fairyland,-37.546758,143.823172,69.0,83.0,"-37.546758, 143.823172"
2020-11-20T05:07:47+00:00,Fairyland,-37.546758,143.823172,62.0,84.0,"-37.546758, 143.823172"
2020-11-20T09:52:45+00:00,Fairyland,-37.546758,143.823172,62.0,77.0,"-37.546758, 143.823172"
2020-11-22T06:22:25+00:00,Fairyland,-37.546758,143.823172,60.0,77.0,"-37.546758, 143.823172"
2020-11-26T06:51:46+00:00,Fairyland,-37.546758,143.823172,61.0,75.0,"-37.546758, 143.823172"
2020-11-26T08:06:46+00:00,Fairyland,-37.546758,143.823172,62.0,77.0,"-37.546758, 143.823172"
2020-11-26T08:51:45+00:00,Fairyland,-37.546758,143.823172,63.0,83.0,"-37.546758, 143.823172"
2020-10-26T16:41:52+00:00,Fairyland,-37.546758,143.823172,65.0,77.0,"-37.546758, 143.823172"
2020-10-27T07:56:46+00:00,Fairyland,-37.546758,143.823172,61.0,80.0,"-37.546758, 143.823172"
2020-10-27T16:56:40+00:00,Fairyland,-37.546758,143.823172,61.0,71.0,"-37.546758, 143.823172"
2020-10-29T01:41:28+00:00,Fairyland,-37.546758,143.823172,60.0,72.0,"-37.546758, 143.823172"
2020-10-25T23:11:58+00:00,Fairyland,-37.546758,143.823172,71.0,98.0,"-37.546758, 143.823172"
2020-10-26T06:11:56+00:00,Fairyland,-37.546758,143.823172,72.0,85.0,"-37.546758, 143.823172"
2020-10-26T13:56:53+00:00,Fairyland,-37.546758,143.823172,62.0,77.0,"-37.546758, 143.823172"
2020-11-01T11:55:52+00:00,Fairyland,-37.546758,143.823172,73.0,93.0,"-37.546758, 143.823172"
2020-10-26T16:11:52+00:00,Fairyland,-37.546758,143.823172,68.0,80.0,"-37.546758, 143.823172"
2020-10-26T18:41:51+00:00,Fairyland,-37.546758,143.823172,66.0,83.0,"-37.546758, 143.823172"
2020-10-27T10:41:43+00:00,Fairyland,-37.546758,143.823172,61.0,75.0,"-37.546758, 143.823172"
2020-10-29T02:41:28+00:00,Fairyland,-37.546758,143.823172,60.0,69.0,"-37.546758, 143.823172"
2020-11-03T02:40:37+00:00,Fairyland,-37.546758,143.823172,61.0,79.0,"-37.546758, 143.823172"
2020-10-25T09:57:03+00:00,Fairyland,-37.546758,143.823172,62.0,75.0,"-37.546758, 143.823172"
2020-10-26T08:41:55+00:00,Fairyland,-37.546758,143.823172,68.0,79.0,"-37.546758, 143.823172"
2020-10-26T15:56:52+00:00,Fairyland,-37.546758,143.823172,70.0,86.0,"-37.546758, 143.823172"
2020-10-26T20:26:51+00:00,Fairyland,-37.546758,143.823172,66.0,79.0,"-37.546758, 143.823172"
2020-10-27T00:11:49+00:00,Fairyland,-37.546758,143.823172,68.0,81.0,"-37.546758, 143.823172"
2020-10-26T03:11:57+00:00,Fairyland,-37.546758,143.823172,82.0,98.0,"-37.546758, 143.823172"
2020-10-26T14:11:53+00:00,Fairyland,-37.546758,143.823172,64.0,78.0,"-37.546758, 143.823172"
2021-01-06T22:14:48+00:00,Fairyland,-37.546758,143.823172,60.0,77.0,"-37.546758, 143.823172"
2021-05-11T11:24:04+00:00,Fairyland,-37.546758,143.823172,62.0,81.0,"-37.546758, 143.823172"
2021-05-11T19:09:01+00:00,Fairyland,-37.546758,143.823172,65.0,78.0,"-37.546758, 143.823172"
2021-05-26T05:51:40+00:00,Fairyland,-37.546758,143.823172,60.0,72.0,"-37.546758, 143.823172"
2021-05-11T09:39:05+00:00,Fairyland,-37.546758,143.823172,63.0,70.0,"-37.546758, 143.823172"
2021-04-14T05:28:34+00:00,Fairyland,-37.546758,143.823172,62.0,82.0,"-37.546758, 143.823172"
2021-06-17T18:17:59+00:00,Fairyland,-37.546758,143.823172,60.0,67.0,"-37.546758, 143.823172"
2021-06-09T11:19:19+00:00,Fairyland,-37.546758,143.823172,62.0,83.0,"-37.546758, 143.823172"
2021-06-09T17:34:17+00:00,Fairyland,-37.546758,143.823172,61.0,78.0,"-37.546758, 143.823172"
2021-06-09T17:49:18+00:00,Fairyland,-37.546758,143.823172,60.0,75.0,"-37.546758, 143.823172"
2021-06-09T21:34:16+00:00,Fairyland,-37.546758,143.823172,60.0,76.0,"-37.546758, 143.823172"
2021-06-10T00:34:14+00:00,Fairyland,-37.546758,143.823172,60.0,84.0,"-37.546758, 143.823172"
2021-06-10T22:34:06+00:00,Fairyland,-37.546758,143.823172,60.0,67.0,"-37.546758, 143.823172"
2021-06-09T16:04:18+00:00,Fairyland,-37.546758,143.823172,62.0,94.0,"-37.546758, 143.823172"
2021-06-09T16:49:18+00:00,Fairyland,-37.546758,143.823172,62.0,80.0,"-37.546758, 143.823172"
2021-06-10T03:49:14+00:00,Fairyland,-37.546758,143.823172,60.0,75.0,"-37.546758, 143.823172"
2021-05-05T16:25:02+00:00,Fairyland,-37.546758,143.823172,64.0,75.0,"-37.546758, 143.823172"
2021-05-29T01:21:11+00:00,Fairyland,-37.546758,143.823172,60.0,70.0,"-37.546758, 143.823172"
2021-08-03T09:55:27+00:00,Fairyland,-37.546758,143.823172,64.0,83.0,"-37.546758, 143.823172"
2020-04-30T03:26:05+00:00,Fairyland,-37.546758,143.823172,61.0,74.0,"-37.546758, 143.823172"
2020-04-30T10:26:02+00:00,Fairyland,-37.546758,143.823172,62.0,82.0,"-37.546758, 143.823172"
2020-04-30T14:26:00+00:00,Fairyland,-37.546758,143.823172,63.0,85.0,"-37.546758, 143.823172"
2020-04-30T14:41:00+00:00,Fairyland,-37.546758,143.823172,60.0,75.0,"-37.546758, 143.823172"
2020-04-30T15:41:00+00:00,Fairyland,-37.546758,143.823172,63.0,87.0,"-37.546758, 143.823172"
2020-04-30T19:25:59+00:00,Fairyland,-37.546758,143.823172,60.0,78.0,"-37.546758, 143.823172"
2020-04-30T23:25:57+00:00,Fairyland,-37.546758,143.823172,65.0,81.0,"-37.546758, 143.823172"
2020-05-01T07:10:54+00:00,Fairyland,-37.546758,143.823172,62.0,82.0,"-37.546758, 143.823172"
2020-05-01T12:55:51+00:00,Fairyland,-37.546758,143.823172,64.0,81.0,"-37.546758, 143.823172"
2020-05-01T13:10:51+00:00,Fairyland,-37.546758,143.823172,62.0,82.0,"-37.546758, 143.823172"
2020-05-06T17:10:01+00:00,Fairyland,-37.546758,143.823172,60.0,83.0,"-37.546758, 143.823172"
2020-05-06T21:10:00+00:00,Fairyland,-37.546758,143.823172,61.0,85.0,"-37.546758, 143.823172"
2020-05-08T04:54:46+00:00,Fairyland,-37.546758,143.823172,66.0,80.0,"-37.546758, 143.823172"
2020-05-09T06:39:35+00:00,Fairyland,-37.546758,143.823172,61.0,76.0,"-37.546758, 143.823172"
2021-07-04T04:30:18+00:00,Fairyland,-37.546758,143.823172,62.0,78.0,"-37.546758, 143.823172"
2021-07-04T03:00:19+00:00,Fairyland,-37.546758,143.823172,61.0,72.0,"-37.546758, 143.823172"
2021-10-29T18:54:46+00:00,Fairyland,-37.546758,143.823172,65.0,74.0,"-37.546758, 143.823172"
2021-10-28T07:23:42+00:00,Fairyland,-37.546758,143.823172,62.0,74.0,"-37.546758, 143.823172"
2020-11-11T04:39:16+00:00,Fairyland,-37.546758,143.823172,61.0,78.0,"-37.546758, 143.823172"
2021-12-30T21:14:26+00:00,Fairyland,-37.546758,143.823172,63.0,68.0,"-37.546758, 143.823172"
2021-12-27T19:14:57+00:00,Fairyland,-37.546758,143.823172,63.0,77.0,"-37.546758, 143.823172"
2021-12-28T10:14:50+00:00,Fairyland,-37.546758,143.823172,61.0,77.0,"-37.546758, 143.823172"
2021-12-29T08:14:49+00:00,Fairyland,-37.546758,143.823172,60.0,71.0,"-37.546758, 143.823172"
2021-12-29T23:44:34+00:00,Fairyland,-37.546758,143.823172,65.0,73.0,"-37.546758, 143.823172"
2021-01-27T04:11:28+00:00,Fairyland,-37.546758,143.823172,61.0,77.0,"-37.546758, 143.823172"
2021-01-30T22:55:48+00:00,Fairyland,-37.546758,143.823172,61.0,84.0,"-37.546758, 143.823172"
2021-03-13T00:18:56+00:00,Fairyland,-37.546758,143.823172,60.0,69.0,"-37.546758, 143.823172"
2022-01-11T02:27:35+00:00,Fairyland,-37.546758,143.823172,60.0,77.0,"-37.546758, 143.823172"
2022-01-11T08:12:31+00:00,Fairyland,-37.546758,143.823172,60.0,73.0,"-37.546758, 143.823172"
2021-03-15T22:18:27+00:00,Fairyland,-37.546758,143.823172,60.0,71.0,"-37.546758, 143.823172"
2022-01-05T11:43:31+00:00,Fairyland,-37.546758,143.823172,77.0,86.0,"-37.546758, 143.823172"
2021-07-31T08:10:55+00:00,Fairyland,-37.546758,143.823172,60.0,68.0,"-37.546758, 143.823172"
2021-08-11T07:24:08+00:00,Fairyland,-37.546758,143.823172,62.0,80.0,"-37.546758, 143.823172"
2022-02-12T10:37:09+00:00,Fairyland,-37.546758,143.823172,61.0,75.0,"-37.546758, 143.823172"
2021-09-12T06:48:54+00:00,Fairyland,-37.546758,143.823172,60.0,71.0,"-37.546758, 143.823172"
2022-03-06T13:33:28+00:00,Fairyland,-37.546758,143.823172,67.0,83.0,"-37.546758, 143.823172"
2022-03-06T07:18:30+00:00,Fairyland,-37.546758,143.823172,63.0,76.0,"-37.546758, 143.823172"
2022-03-06T08:33:30+00:00,Fairyland,-37.546758,143.823172,63.0,85.0,"-37.546758, 143.823172"
2021-11-06T04:23:38+00:00,Fairyland,-37.546758,143.823172,61.0,73.0,"-37.546758, 143.823172"
2022-02-27T22:34:39+00:00,Fairyland,-37.546758,143.823172,60.0,66.0,"-37.546758, 143.823172"
2021-10-15T10:55:50+00:00,Fairyland,-37.546758,143.823172,60.0,85.0,"-37.546758, 143.823172"
2022-02-22T00:50:33+00:00,Fairyland,-37.546758,143.823172,60.0,67.0,"-37.546758, 143.823172"
2021-11-18T00:36:37+00:00,Fairyland,-37.546758,143.823172,60.0,73.0,"-37.546758, 143.823172"
2021-11-22T07:20:52+00:00,Fairyland,-37.546758,143.823172,60.0,71.0,"-37.546758, 143.823172"
2021-11-22T08:35:53+00:00,Fairyland,-37.546758,143.823172,60.0,72.0,"-37.546758, 143.823172"
2021-11-21T21:35:58+00:00,Fairyland,-37.546758,143.823172,60.0,70.0,"-37.546758, 143.823172"
2022-01-23T09:40:32+00:00,Fairyland,-37.546758,143.823172,62.0,76.0,"-37.546758, 143.823172"
2022-01-19T09:11:12+00:00,Fairyland,-37.546758,143.823172,60.0,75.0,"-37.546758, 143.823172"
2022-01-19T10:41:09+00:00,Fairyland,-37.546758,143.823172,66.0,78.0,"-37.546758, 143.823172"
2022-01-19T03:41:14+00:00,Fairyland,-37.546758,143.823172,61.0,78.0,"-37.546758, 143.823172"
2022-01-23T05:55:34+00:00,Fairyland,-37.546758,143.823172,66.0,76.0,"-37.546758, 143.823172"
2021-11-14T02:37:13+00:00,Fairyland,-37.546758,143.823172,62.0,79.0,"-37.546758, 143.823172"
2021-10-04T13:57:36+00:00,Fairyland,-37.546758,143.823172,62.0,94.0,"-37.546758, 143.823172"
2021-09-29T22:40:41+00:00,Fairyland,-37.546758,143.823172,60.0,66.0,"-37.546758, 143.823172"
2022-04-07T03:13:10+00:00,Fairyland,-37.546758,143.823172,60.0,76.0,"-37.546758, 143.823172"
2022-06-09T01:32:44+00:00,Fairyland,-37.546758,143.823172,62.0,72.0,"-37.546758, 143.823172"
2022-06-15T00:31:46+00:00,Fairyland,-37.546758,143.823172,60.0,83.0,"-37.546758, 143.823172"
2023-07-08T17:25:57+00:00,Fairyland,-37.546758,143.823172,62.0,84.0,"-37.546758, 143.823172"
2022-10-23T15:25:20+00:00,Fairyland,-37.546758,143.823172,68.0,85.0,"-37.546758, 143.823172"
2022-11-13T16:36:58+00:00,Fairyland,-37.546758,143.823172,60.0,72.0,"-37.546758, 143.823172"
2022-11-12T13:52:03+00:00,Fairyland,-37.546758,143.823172,60.0,70.0,"-37.546758, 143.823172"
2022-11-19T09:21:03+00:00,Fairyland,-37.546758,143.823172,60.0,74.0,"-37.546758, 143.823172"
2022-11-19T16:50:53+00:00,Fairyland,-37.546758,143.823172,66.0,93.0,"-37.546758, 143.823172"
2022-10-23T19:40:19+00:00,Fairyland,-37.546758,143.823172,65.0,78.0,"-37.546758, 143.823172"
2022-10-24T01:55:16+00:00,Fairyland,-37.546758,143.823172,62.0,70.0,"-37.546758, 143.823172"
2022-10-23T18:25:25+00:00,Fairyland,-37.546758,143.823172,61.0,73.0,"-37.546758, 143.823172"
2022-10-23T18:40:19+00:00,Fairyland,-37.546758,143.823172,62.0,76.0,"-37.546758, 143.823172"
2022-10-23T21:10:18+00:00,Fairyland,-37.546758,143.823172,62.0,73.0,"-37.546758, 143.823172"
2022-10-25T20:39:58+00:00,Fairyland,-37.546758,143.823172,64.0,76.0,"-37.546758, 143.823172"
2022-08-24T06:50:19+00:00,Fairyland,-37.546758,143.823172,62.0,80.0,"-37.546758, 143.823172"
2022-10-05T05:43:25+00:00,Fairyland,-37.546758,143.823172,60.0,76.0,"-37.546758, 143.823172"
2022-09-29T17:44:20+00:00,Fairyland,-37.546758,143.823172,61.0,71.0,"-37.546758, 143.823172"
2022-06-30T23:29:09+00:00,Fairyland,-37.546758,143.823172,61.0,64.0,"-37.546758, 143.823172"
2022-07-02T11:13:54+00:00,Fairyland,-37.546758,143.823172,60.0,78.0,"-37.546758, 143.823172"
2022-10-05T10:58:23+00:00,Fairyland,-37.546758,143.823172,61.0,82.0,"-37.546758, 143.823172"
2022-07-09T21:27:48+00:00,Fairyland,-37.546758,143.823172,63.0,76.0,"-37.546758, 143.823172"
2022-08-01T22:09:04+00:00,Fairyland,-37.546758,143.823172,62.0,86.0,"-37.546758, 143.823172"
2023-03-28T20:44:20+00:00,Fairyland,-37.546758,143.823172,60.0,65.0,"-37.546758, 143.823172"
2023-03-30T20:43:57+00:00,Fairyland,-37.546758,143.823172,62.0,67.0,"-37.546758, 143.823172"
2023-06-07T03:32:38+00:00,Fairyland,-37.546758,143.823172,63.0,79.0,"-37.546758, 143.823172"
2023-06-07T07:17:36+00:00,Fairyland,-37.546758,143.823172,60.0,74.0,"-37.546758, 143.823172"
2023-06-12T22:15:09+00:00,Fairyland,-37.546758,143.823172,62.0,83.0,"-37.546758, 143.823172"
2023-06-03T09:03:16+00:00,Fairyland,-37.546758,143.823172,60.0,71.0,"-37.546758, 143.823172"
2023-07-05T04:11:31+00:00,Fairyland,-37.546758,143.823172,60.0,65.0,"-37.546758, 143.823172"
2023-10-03T20:56:34+00:00,Fairyland,-37.546758,143.823172,61.0,69.0,"-37.546758, 143.823172"
2023-12-10T15:15:14+00:00,Fairyland,-37.546758,143.823172,71.0,82.0,"-37.546758, 143.823172"
2023-12-25T00:42:49+00:00,Fairyland,-37.546758,143.823172,62.0,75.0,"-37.546758, 143.823172"
2023-05-08T22:52:27+00:00,Fairyland,-37.546758,143.823172,64.0,82.0,"-37.546758, 143.823172"
2023-05-09T22:52:17+00:00,Fairyland,-37.546758,143.823172,60.0,64.0,"-37.546758, 143.823172"
2023-05-02T18:38:28+00:00,Fairyland,-37.546758,143.823172,62.0,80.0,"-37.546758, 143.823172"
2023-06-03T11:18:15+00:00,Fairyland,-37.546758,143.823172,62.0,72.0,"-37.546758, 143.823172"
2023-06-07T04:02:38+00:00,Fairyland,-37.546758,143.823172,61.0,81.0,"-37.546758, 143.823172"
2023-06-07T06:02:37+00:00,Fairyland,-37.546758,143.823172,62.0,82.0,"-37.546758, 143.823172"
2023-06-12T21:45:09+00:00,Fairyland,-37.546758,143.823172,61.0,79.0,"-37.546758, 143.823172"
2020-05-12T04:39:07+00:00,Fairyland,-37.546758,143.823172,63.0,79.0,"-37.546758, 143.823172"
2020-05-13T01:23:58+00:00,Fairyland,-37.546758,143.823172,62.0,82.0,"-37.546758, 143.823172"
2020-05-13T04:38:57+00:00,Fairyland,-37.546758,143.823172,66.0,71.0,"-37.546758, 143.823172"
2020-05-13T23:23:49+00:00,Fairyland,-37.546758,143.823172,71.0,93.0,"-37.546758, 143.823172"
2020-05-18T02:08:09+00:00,Fairyland,-37.546758,143.823172,60.0,87.0,"-37.546758, 143.823172"
2020-05-25T02:22:02+00:00,Fairyland,-37.546758,143.823172,71.0,82.0,"-37.546758, 143.823172"
2020-05-06T22:39:59+00:00,Fairyland,-37.546758,143.823172,60.0,81.0,"-37.546758, 143.823172"
2020-05-07T02:39:57+00:00,Fairyland,-37.546758,143.823172,65.0,89.0,"-37.546758, 143.823172"
2020-05-07T04:54:56+00:00,Fairyland,-37.546758,143.823172,62.0,81.0,"-37.546758, 143.823172"
2020-05-08T01:09:47+00:00,Fairyland,-37.546758,143.823172,68.0,90.0,"-37.546758, 143.823172"
2020-05-08T03:54:46+00:00,Fairyland,-37.546758,143.823172,61.0,83.0,"-37.546758, 143.823172"
2020-05-09T04:54:36+00:00,Fairyland,-37.546758,143.823172,63.0,82.0,"-37.546758, 143.823172"
2020-05-19T16:07:54+00:00,Fairyland,-37.546758,143.823172,62.0,82.0,"-37.546758, 143.823172"
2020-05-20T22:22:43+00:00,Fairyland,-37.546758,143.823172,64.0,71.0,"-37.546758, 143.823172"
2020-05-24T20:07:04+00:00,Fairyland,-37.546758,143.823172,60.0,74.0,"-37.546758, 143.823172"
2020-05-24T23:07:04+00:00,Fairyland,-37.546758,143.823172,78.0,91.0,"-37.546758, 143.823172"
2020-05-25T02:52:02+00:00,Fairyland,-37.546758,143.823172,71.0,85.0,"-37.546758, 143.823172"
2020-05-29T16:51:17+00:00,Fairyland,-37.546758,143.823172,60.0,90.0,"-37.546758, 143.823172"
2020-05-29T17:51:17+00:00,Fairyland,-37.546758,143.823172,60.0,87.0,"-37.546758, 143.823172"
2020-05-29T23:51:14+00:00,Fairyland,-37.546758,143.823172,60.0,89.0,"-37.546758, 143.823172"
2020-05-30T09:36:09+00:00,Fairyland,-37.546758,143.823172,60.0,86.0,"-37.546758, 143.823172"
2023-07-04T04:26:47+00:00,Fairyland,-37.546758,143.823172,66.0,69.0,"-37.546758, 143.823172"
2020-04-03T05:15:34+00:00,Fairyland,6.0,6.0,60.0,89.0,"6.0, 6.0"
2020-04-03T12:15:30+00:00,Fairyland,6.0,6.0,67.0,77.0,"6.0, 6.0"
2020-04-05T02:15:14+00:00,Fairyland,6.0,6.0,61.0,78.0,"6.0, 6.0"
2020-04-05T04:30:13+00:00,Fairyland,6.0,6.0,60.0,69.0,"6.0, 6.0"
2020-04-10T21:14:17+00:00,Fairyland,6.0,6.0,60.0,72.0,"6.0, 6.0"
2020-04-11T04:14:13+00:00,Fairyland,6.0,6.0,61.0,91.0,"6.0, 6.0"
2020-04-16T02:13:24+00:00,Fairyland,6.0,6.0,63.0,80.0,"6.0, 6.0"
2020-04-16T20:43:17+00:00,Fairyland,6.0,6.0,60.0,76.0,"6.0, 6.0"
2020-04-17T00:58:15+00:00,Fairyland,6.0,6.0,60.0,70.0,"6.0, 6.0"
2023-12-24T23:57:50+00:00,Fairyland,-37.546758,143.823172,66.0,79.0,"-37.546758, 143.823172"
2023-10-21T18:53:35+00:00,Fairyland,-37.546758,143.823172,60.0,83.0,"-37.546758, 143.823172"
2020-03-08T09:04:57+00:00,Fairyland,-37.546758,143.823172,61.0,78.0,"-37.546758, 143.823172"
2020-03-04T12:50:35+00:00,Fairyland,-37.546758,143.823172,61.0,69.0,"-37.546758, 143.823172"
2020-03-03T16:35:44+00:00,Fairyland,-37.546758,143.823172,63.0,83.0,"-37.546758, 143.823172"
2020-03-01T17:51:04+00:00,Fairyland,-37.546758,143.823172,61.0,79.0,"-37.546758, 143.823172"
2020-03-01T16:51:04+00:00,Fairyland,-37.546758,143.823172,64.0,84.0,"-37.546758, 143.823172"
2020-03-01T13:36:05+00:00,Fairyland,-37.546758,143.823172,61.0,85.0,"-37.546758, 143.823172"
2020-02-28T15:06:25+00:00,Fairyland,-37.546758,143.823172,62.0,69.0,"-37.546758, 143.823172"
2020-02-28T04:06:29+00:00,Fairyland,-37.546758,143.823172,60.0,73.0,"-37.546758, 143.823172"
2020-02-27T15:51:34+00:00,Fairyland,-37.546758,143.823172,62.0,82.0,"-37.546758, 143.823172"
2020-02-27T12:51:35+00:00,Fairyland,-37.546758,143.823172,61.0,77.0,"-37.546758, 143.823172"
2020-02-26T11:36:45+00:00,Fairyland,-37.546758,143.823172,60.0,70.0,"-37.546758, 143.823172"
2020-02-25T14:51:54+00:00,Fairyland,-37.546758,143.823172,64.0,93.0,"-37.546758, 143.823172"
2020-02-25T14:36:54+00:00,Fairyland,-37.546758,143.823172,64.0,93.0,"-37.546758, 143.823172"
2020-02-25T14:06:54+00:00,Fairyland,-37.546758,143.823172,61.0,81.0,"-37.546758, 143.823172"
2020-02-25T13:21:55+00:00,Fairyland,-37.546758,143.823172,62.0,81.0,"-37.546758, 143.823172"
2020-02-24T19:52:02+00:00,Fairyland,-37.546758,143.823172,60.0,69.0,"-37.546758, 143.823172"
2020-02-24T08:52:07+00:00,Fairyland,-37.546758,143.823172,61.0,68.0,"-37.546758, 143.823172"
2020-02-23T23:07:11+00:00,Fairyland,-37.546758,143.823172,61.0,74.0,"-37.546758, 143.823172"
2020-02-22T19:37:23+00:00,Fairyland,-37.546758,143.823172,61.0,72.0,"-37.546758, 143.823172"
2020-02-22T19:07:23+00:00,Fairyland,-37.546758,143.823172,60.0,73.0,"-37.546758, 143.823172"
2020-02-22T17:22:24+00:00,Fairyland,-37.546758,143.823172,62.0,78.0,"-37.546758, 143.823172"
2020-02-22T16:22:25+00:00,Fairyland,-37.546758,143.823172,60.0,71.0,"-37.546758, 143.823172"
2020-02-22T12:37:25+00:00,Fairyland,-37.546758,143.823172,63.0,76.0,"-37.546758, 143.823172"
2020-02-22T10:07:27+00:00,Fairyland,-37.546758,143.823172,68.0,81.0,"-37.546758, 143.823172"
2020-02-16T20:08:22+00:00,Fairyland,-37.546758,143.823172,60.0,77.0,"-37.546758, 143.823172"
2020-02-16T19:38:22+00:00,Fairyland,-37.546758,143.823172,63.0,77.0,"-37.546758, 143.823172"
2020-02-16T12:23:25+00:00,Fairyland,-37.546758,143.823172,64.0,79.0,"-37.546758, 143.823172"
2020-02-16T10:53:25+00:00,Fairyland,-37.546758,143.823172,60.0,79.0,"-37.546758, 143.823172"
2020-02-16T10:38:26+00:00,Fairyland,-37.546758,143.823172,67.0,79.0,"-37.546758, 143.823172"
2020-02-15T19:38:32+00:00,Fairyland,-37.546758,143.823172,61.0,72.0,"-37.546758, 143.823172"
2020-02-15T18:53:32+00:00,Fairyland,-37.546758,143.823172,62.0,70.0,"-37.546758, 143.823172"
2020-02-15T17:08:33+00:00,Fairyland,-37.546758,143.823172,63.0,67.0,"-37.546758, 143.823172"
2020-02-15T13:53:36+00:00,Fairyland,-37.546758,143.823172,60.0,69.0,"-37.546758, 143.823172"
2020-02-14T12:08:47+00:00,Fairyland,-37.546758,143.823172,60.0,72.0,"-37.546758, 143.823172"
2020-02-14T08:23:49+00:00,Fairyland,-37.546758,143.823172,63.0,70.0,"-37.546758, 143.823172"
2020-02-13T19:53:52+00:00,Fairyland,-37.546758,143.823172,61.0,77.0,"-37.546758, 143.823172"
2020-02-13T18:23:53+00:00,Fairyland,-37.546758,143.823172,67.0,78.0,"-37.546758, 143.823172"
2020-02-13T10:23:57+00:00,Fairyland,-37.546758,143.823172,64.0,75.0,"-37.546758, 143.823172"
2020-02-13T04:38:59+00:00,Fairyland,-37.546758,143.823172,72.0,85.0,"-37.546758, 143.823172"
2020-02-13T03:53:59+00:00,Fairyland,-37.546758,143.823172,62.0,81.0,"-37.546758, 143.823172"
2020-02-10T12:54:26+00:00,Fairyland,-37.546758,143.823172,66.0,78.0,"-37.546758, 143.823172"
2020-02-10T12:39:26+00:00,Fairyland,-37.546758,143.823172,68.0,83.0,"-37.546758, 143.823172"
2020-02-10T10:54:26+00:00,Fairyland,-37.546758,143.823172,60.0,75.0,"-37.546758, 143.823172"
2020-02-10T09:54:27+00:00,Fairyland,-37.546758,143.823172,62.0,78.0,"-37.546758, 143.823172"
2020-02-10T07:54:28+00:00,Fairyland,-37.546758,143.823172,63.0,78.0,"-37.546758, 143.823172"
2020-02-10T06:54:28+00:00,Fairyland,-37.546758,143.823172,63.0,73.0,"-37.546758, 143.823172"
2020-02-10T06:09:28+00:00,Fairyland,-37.546758,143.823172,62.0,75.0,"-37.546758, 143.823172"
2020-02-10T02:54:30+00:00,Fairyland,-37.546758,143.823172,65.0,76.0,"-37.546758, 143.823172"
2020-02-09T22:24:32+00:00,Fairyland,-37.546758,143.823172,68.0,88.0,"-37.546758, 143.823172"
2020-02-09T22:09:32+00:00,Fairyland,-37.546758,143.823172,71.0,84.0,"-37.546758, 143.823172"
2020-02-09T17:39:34+00:00,Fairyland,-37.546758,143.823172,62.0,80.0,"-37.546758, 143.823172"
2020-02-09T16:54:34+00:00,Fairyland,-37.546758,143.823172,65.0,81.0,"-37.546758, 143.823172"
2020-02-09T15:54:34+00:00,Fairyland,-37.546758,143.823172,63.0,85.0,"-37.546758, 143.823172"
2020-02-09T08:24:38+00:00,Fairyland,-37.546758,143.823172,64.0,81.0,"-37.546758, 143.823172"
2020-02-09T03:39:40+00:00,Fairyland,-37.546758,143.823172,61.0,79.0,"-37.546758, 143.823172"
2020-02-09T02:54:42+00:00,Fairyland,-37.546758,143.823172,60.0,75.0,"-37.546758, 143.823172"
2020-02-08T18:39:44+00:00,Fairyland,-37.546758,143.823172,81.0,95.0,"-37.546758, 143.823172"
2020-02-08T17:39:44+00:00,Fairyland,-37.546758,143.823172,73.0,88.0,"-37.546758, 143.823172"
2020-02-08T17:09:44+00:00,Fairyland,-37.546758,143.823172,71.0,95.0,"-37.546758, 143.823172"
2020-02-08T16:39:44+00:00,Fairyland,-37.546758,143.823172,68.0,88.0,"-37.546758, 143.823172"
2020-02-08T15:54:45+00:00,Fairyland,-37.546758,143.823172,74.0,90.0,"-37.546758, 143.823172"
2020-02-08T15:24:45+00:00,Fairyland,-37.546758,143.823172,75.0,91.0,"-37.546758, 143.823172"
2020-02-08T14:09:45+00:00,Fairyland,-37.546758,143.823172,72.0,88.0,"-37.546758, 143.823172"
2020-02-08T12:54:46+00:00,Fairyland,-37.546758,143.823172,73.0,86.0,"-37.546758, 143.823172"
2020-02-08T12:09:46+00:00,Fairyland,-37.546758,143.823172,64.0,83.0,"-37.546758, 143.823172"
2020-02-08T10:24:47+00:00,Fairyland,-37.546758,143.823172,70.0,85.0,"-37.546758, 143.823172"
2020-02-08T10:09:47+00:00,Fairyland,-37.546758,143.823172,68.0,86.0,"-37.546758, 143.823172"
2020-02-08T09:24:48+00:00,Fairyland,-37.546758,143.823172,69.0,84.0,"-37.546758, 143.823172"
2020-02-08T06:54:48+00:00,Fairyland,-37.546758,143.823172,73.0,87.0,"-37.546758, 143.823172"
2020-02-08T05:54:49+00:00,Fairyland,-37.546758,143.823172,68.0,83.0,"-37.546758, 143.823172"
2020-02-06T20:40:03+00:00,Fairyland,-37.546758,143.823172,64.0,82.0,"-37.546758, 143.823172"
2020-02-06T04:10:10+00:00,Fairyland,-37.546758,143.823172,60.0,75.0,"-37.546758, 143.823172"
2020-02-06T02:55:10+00:00,Fairyland,-37.546758,143.823172,64.0,81.0,"-37.546758, 143.823172"
2020-02-06T02:40:10+00:00,Fairyland,-37.546758,143.823172,67.0,83.0,"-37.546758, 143.823172"
2020-02-06T01:40:11+00:00,Fairyland,-37.546758,143.823172,61.0,81.0,"-37.546758, 143.823172"
2020-02-06T00:25:11+00:00,Fairyland,-37.546758,143.823172,66.0,85.0,"-37.546758, 143.823172"
2020-02-05T19:40:13+00:00,Fairyland,-37.546758,143.823172,62.0,78.0,"-37.546758, 143.823172"
2020-02-05T14:10:15+00:00,Fairyland,-37.546758,143.823172,66.0,76.0,"-37.546758, 143.823172"
2020-02-05T11:55:17+00:00,Fairyland,-37.546758,143.823172,65.0,74.0,"-37.546758, 143.823172"
2020-02-05T07:40:18+00:00,Fairyland,-37.546758,143.823172,64.0,81.0,"-37.546758, 143.823172"
2020-02-05T03:55:20+00:00,Fairyland,-37.546758,143.823172,61.0,82.0,"-37.546758, 143.823172"
2020-02-04T19:10:23+00:00,Fairyland,-37.546758,143.823172,60.0,85.0,"-37.546758, 143.823172"
2020-02-04T15:40:27+00:00,Fairyland,-37.546758,143.823172,60.0,79.0,"-37.546758, 143.823172"
2020-02-02T18:55:43+00:00,Fairyland,-37.546758,143.823172,63.0,79.0,"-37.546758, 143.823172"
2020-02-02T17:10:44+00:00,Fairyland,-37.546758,143.823172,62.0,83.0,"-37.546758, 143.823172"
2020-02-02T16:25:44+00:00,Fairyland,-37.546758,143.823172,64.0,78.0,"-37.546758, 143.823172"
2020-02-02T15:40:46+00:00,Fairyland,-37.546758,143.823172,61.0,71.0,"-37.546758, 143.823172"
2020-01-28T14:11:35+00:00,Fairyland,-37.546758,143.823172,62.0,67.0,"-37.546758, 143.823172"
2020-01-23T15:27:26+00:00,Fairyland,-37.546758,143.823172,68.0,92.0,"-37.546758, 143.823172"
2020-01-23T13:57:26+00:00,Fairyland,-37.546758,143.823172,67.0,85.0,"-37.546758, 143.823172"
2020-01-23T13:42:27+00:00,Fairyland,-37.546758,143.823172,66.0,88.0,"-37.546758, 143.823172"
2020-01-23T12:42:27+00:00,Fairyland,-37.546758,143.823172,61.0,77.0,"-37.546758, 143.823172"
2020-01-23T11:42:27+00:00,Fairyland,-37.546758,143.823172,60.0,88.0,"-37.546758, 143.823172"
2020-01-23T07:57:28+00:00,Fairyland,-37.546758,143.823172,66.0,82.0,"-37.546758, 143.823172"
2020-01-22T13:57:35+00:00,Fairyland,-37.546758,143.823172,64.0,89.0,"-37.546758, 143.823172"
2020-01-22T12:12:36+00:00,Fairyland,-37.546758,143.823172,61.0,83.0,"-37.546758, 143.823172"
2020-01-19T20:28:02+00:00,Fairyland,-37.546758,143.823172,78.0,89.0,"-37.546758, 143.823172"
2020-01-18T23:13:12+00:00,Fairyland,-37.546758,143.823172,60.0,66.0,"-37.546758, 143.823172"
2020-01-18T20:58:11+00:00,Fairyland,-37.546758,143.823172,63.0,80.0,"-37.546758, 143.823172"
2020-01-18T20:13:12+00:00,Fairyland,-37.546758,143.823172,64.0,72.0,"-37.546758, 143.823172"
2020-01-17T23:58:21+00:00,Fairyland,-37.546758,143.823172,68.0,89.0,"-37.546758, 143.823172"
2020-01-17T14:58:24+00:00,Fairyland,-37.546758,143.823172,61.0,80.0,"-37.546758, 143.823172"
2020-01-15T14:13:46+00:00,Fairyland,-37.546758,143.823172,60.0,73.0,"-37.546758, 143.823172"
2020-01-14T21:28:52+00:00,Fairyland,-37.546758,143.823172,71.0,81.0,"-37.546758, 143.823172"
2020-01-14T18:28:53+00:00,Fairyland,-37.546758,143.823172,73.0,82.0,"-37.546758, 143.823172"
2020-01-14T18:13:53+00:00,Fairyland,-37.546758,143.823172,64.0,81.0,"-37.546758, 143.823172"
2020-01-13T02:44:10+00:00,Fairyland,-37.546758,143.823172,68.0,82.0,"-37.546758, 143.823172"
2020-01-13T00:44:12+00:00,Fairyland,-37.546758,143.823172,66.0,82.0,"-37.546758, 143.823172"
2020-01-12T19:44:13+00:00,Fairyland,-37.546758,143.823172,61.0,76.0,"-37.546758, 143.823172"
2020-01-10T08:14:36+00:00,Fairyland,-37.546758,143.823172,60.0,75.0,"-37.546758, 143.823172"
2020-01-09T05:44:47+00:00,Fairyland,-37.546758,143.823172,60.0,78.0,"-37.546758, 143.823172"
2020-01-09T04:14:48+00:00,Fairyland,-37.546758,143.823172,62.0,77.0,"-37.546758, 143.823172"
2020-01-08T18:44:52+00:00,Fairyland,-37.546758,143.823172,67.0,87.0,"-37.546758, 143.823172"
2020-01-08T17:29:52+00:00,Fairyland,-37.546758,143.823172,60.0,74.0,"-37.546758, 143.823172"
2020-01-08T15:14:54+00:00,Fairyland,-37.546758,143.823172,61.0,82.0,"-37.546758, 143.823172"
2020-01-08T13:59:55+00:00,Fairyland,-37.546758,143.823172,66.0,79.0,"-37.546758, 143.823172"
2020-01-07T16:45:04+00:00,Fairyland,-37.546758,143.823172,63.0,81.0,"-37.546758, 143.823172"
2020-01-07T15:30:04+00:00,Fairyland,-37.546758,143.823172,60.0,71.0,"-37.546758, 143.823172"
2020-01-07T12:30:05+00:00,Fairyland,-37.546758,143.823172,62.0,77.0,"-37.546758, 143.823172"
2020-05-04T03:40:26+00:00,Fairyland,-37.546758,143.823172,68.0,77.0,"-37.546758, 143.823172"
2020-05-05T23:55:08+00:00,Fairyland,-37.546758,143.823172,61.0,85.0,"-37.546758, 143.823172"
2020-05-06T01:40:08+00:00,Fairyland,-37.546758,143.823172,83.0,88.0,"-37.546758, 143.823172"
2020-05-06T05:10:06+00:00,Fairyland,-37.546758,143.823172,62.0,76.0,"-37.546758, 143.823172"
2020-06-10T00:19:28+00:00,Fairyland,-37.546758,143.823172,60.0,69.0,"-37.546758, 143.823172"
2020-06-10T00:34:27+00:00,Fairyland,-37.546758,143.823172,61.0,79.0,"-37.546758, 143.823172"
2020-06-13T01:48:58+00:00,Fairyland,-37.546758,143.823172,60.0,81.0,"-37.546758, 143.823172"
2020-06-13T02:18:58+00:00,Fairyland,-37.546758,143.823172,60.0,77.0,"-37.546758, 143.823172"
2020-06-16T00:18:27+00:00,Fairyland,-37.546758,143.823172,62.0,85.0,"-37.546758, 143.823172"
2020-06-16T02:48:26+00:00,Fairyland,-37.546758,143.823172,64.0,87.0,"-37.546758, 143.823172"
2020-06-16T05:33:25+00:00,Fairyland,-37.546758,143.823172,60.0,68.0,"-37.546758, 143.823172"
2020-06-16T05:48:25+00:00,Fairyland,-37.546758,143.823172,62.0,74.0,"-37.546758, 143.823172"
2020-06-18T03:33:06+00:00,Fairyland,-37.546758,143.823172,61.0,81.0,"-37.546758, 143.823172"
2020-06-18T05:18:06+00:00,Fairyland,-37.546758,143.823172,61.0,83.0,"-37.546758, 143.823172"
2020-06-19T06:02:56+00:00,Fairyland,-37.546758,143.823172,61.0,81.0,"-37.546758, 143.823172"
2021-03-11T22:34:07+00:00,Fairyland,-37.546758,143.823172,60.0,70.0,"-37.546758, 143.823172"
2021-02-28T06:06:05+00:00,Fairyland,-37.546758,143.823172,60.0,70.0,"-37.546758, 143.823172"
2021-01-19T23:42:39+00:00,Fairyland,-37.546758,143.823172,62.0,75.0,"-37.546758, 143.823172"
2021-01-20T00:57:39+00:00,Fairyland,-37.546758,143.823172,60.0,69.0,"-37.546758, 143.823172"
2021-03-19T07:47:55+00:00,Fairyland,-37.546758,143.823172,60.0,73.0,"-37.546758, 143.823172"
2021-03-21T22:32:27+00:00,Fairyland,-37.546758,143.823172,60.0,81.0,"-37.546758, 143.823172"
2021-03-21T23:17:27+00:00,Fairyland,-37.546758,143.823172,61.0,73.0,"-37.546758, 143.823172"
2021-01-31T07:55:44+00:00,Fairyland,-37.546758,143.823172,61.0,70.0,"-37.546758, 143.823172"
2021-02-03T21:55:10+00:00,Fairyland,-37.546758,143.823172,60.0,65.0,"-37.546758, 143.823172"
2021-02-08T22:39:18+00:00,Fairyland,-37.546758,143.823172,60.0,72.0,"-37.546758, 143.823172"
2021-02-23T22:21:48+00:00,Fairyland,-37.546758,143.823172,60.0,67.0,"-37.546758, 143.823172"
2021-04-14T03:28:35+00:00,Fairyland,-37.546758,143.823172,62.0,82.0,"-37.546758, 143.823172"
2021-04-15T02:13:25+00:00,Fairyland,-37.546758,143.823172,60.0,80.0,"-37.546758, 143.823172"
2021-04-13T01:13:46+00:00,Fairyland,-37.546758,143.823172,60.0,82.0,"-37.546758, 143.823172"
2020-09-02T22:35:42+00:00,Fairyland,-37.546758,143.823172,66.0,81.0,"-37.546758, 143.823172"
2020-09-03T00:35:42+00:00,Fairyland,-37.546758,143.823172,60.0,74.0,"-37.546758, 143.823172"
2020-09-08T18:49:45+00:00,Fairyland,-37.546758,143.823172,68.0,70.0,"-37.546758, 143.823172"
2020-09-09T00:49:43+00:00,Fairyland,-37.546758,143.823172,61.0,81.0,"-37.546758, 143.823172"
2020-09-02T04:20:50+00:00,Fairyland,-37.546758,143.823172,62.0,81.0,"-37.546758, 143.823172"
2020-09-07T01:35:02+00:00,Fairyland,-37.546758,143.823172,68.0,100.0,"-37.546758, 143.823172"
2020-09-23T00:02:24+00:00,Fairyland,-37.546758,143.823172,63.0,88.0,"-37.546758, 143.823172"
2020-08-21T06:52:45+00:00,Fairyland,-37.546758,143.823172,66.0,88.0,"-37.546758, 143.823172"
2020-08-21T14:22:42+00:00,Fairyland,-37.546758,143.823172,60.0,79.0,"-37.546758, 143.823172"
2020-08-27T07:51:49+00:00,Fairyland,-37.546758,143.823172,69.0,88.0,"-37.546758, 143.823172"
2020-08-31T00:51:13+00:00,Fairyland,-37.546758,143.823172,77.0,91.0,"-37.546758, 143.823172"
2020-09-01T16:50:55+00:00,Fairyland,-37.546758,143.823172,60.0,82.0,"-37.546758, 143.823172"
2020-10-13T06:44:05+00:00,Fairyland,-37.546758,143.823172,63.0,76.0,"-37.546758, 143.823172"
2020-10-15T21:58:39+00:00,Fairyland,-37.546758,143.823172,78.0,91.0,"-37.546758, 143.823172"
2020-10-25T20:56:59+00:00,Fairyland,-37.546758,143.823172,68.0,89.0,"-37.546758, 143.823172"
2020-10-26T07:26:56+00:00,Fairyland,-37.546758,143.823172,69.0,86.0,"-37.546758, 143.823172"
2020-10-26T08:11:56+00:00,Fairyland,-37.546758,143.823172,72.0,85.0,"-37.546758, 143.823172"
2020-10-26T12:56:54+00:00,Fairyland,-37.546758,143.823172,68.0,87.0,"-37.546758, 143.823172"
2020-10-26T13:11:54+00:00,Fairyland,-37.546758,143.823172,68.0,86.0,"-37.546758, 143.823172"
2020-09-28T09:16:31+00:00,Fairyland,-37.546758,143.823172,61.0,70.0,"-37.546758, 143.823172"
2020-10-08T10:14:53+00:00,Fairyland,-37.546758,143.823172,67.0,94.0,"-37.546758, 143.823172"
2020-10-08T19:44:49+00:00,Fairyland,-37.546758,143.823172,62.0,85.0,"-37.546758, 143.823172"
2020-10-13T15:29:02+00:00,Fairyland,-37.546758,143.823172,63.0,73.0,"-37.546758, 143.823172"
2020-10-13T15:59:01+00:00,Fairyland,-37.546758,143.823172,64.0,74.0,"-37.546758, 143.823172"
2020-10-21T22:12:38+00:00,Fairyland,-37.546758,143.823172,63.0,69.0,"-37.546758, 143.823172"
2020-10-25T11:42:02+00:00,Fairyland,-37.546758,143.823172,64.0,81.0,"-37.546758, 143.823172"
2020-10-25T22:26:59+00:00,Fairyland,-37.546758,143.823172,69.0,83.0,"-37.546758, 143.823172"
2020-10-27T08:56:45+00:00,Fairyland,-37.546758,143.823172,60.0,76.0,"-37.546758, 143.823172"
2023-12-24T23:27:50+00:00,Fairyland,-37.546758,143.823172,65.0,75.0,"-37.546758, 143.823172"
2023-12-24T21:57:52+00:00,Fairyland,-37.546758,143.823172,61.0,72.0,"-37.546758, 143.823172"
2023-12-25T03:57:48+00:00,Fairyland,-37.546758,143.823172,61.0,72.0,"-37.546758, 143.823172"
2020-08-03T22:40:34+00:00,Fairyland,-37.546758,143.823172,61.0,82.0,"-37.546758, 143.823172"
2020-08-04T00:10:33+00:00,Fairyland,-37.546758,143.823172,62.0,81.0,"-37.546758, 143.823172"
2020-08-06T18:10:07+00:00,Fairyland,-37.546758,143.823172,68.0,81.0,"-37.546758, 143.823172"
2020-08-06T19:10:07+00:00,Fairyland,-37.546758,143.823172,64.0,74.0,"-37.546758, 143.823172"
2020-08-07T00:40:04+00:00,Fairyland,-37.546758,143.823172,72.0,82.0,"-37.546758, 143.823172"
2020-08-07T06:55:02+00:00,Fairyland,-37.546758,143.823172,67.0,81.0,"-37.546758, 143.823172"
2020-08-07T07:40:02+00:00,Fairyland,-37.546758,143.823172,68.0,84.0,"-37.546758, 143.823172"
2020-08-07T11:10:00+00:00,Fairyland,-37.546758,143.823172,74.0,88.0,"-37.546758, 143.823172"
2020-08-08T03:09:54+00:00,Fairyland,-37.546758,143.823172,68.0,78.0,"-37.546758, 143.823172"
2020-08-08T06:09:53+00:00,Fairyland,-37.546758,143.823172,67.0,85.0,"-37.546758, 143.823172"
2020-08-08T07:09:52+00:00,Fairyland,-37.546758,143.823172,64.0,82.0,"-37.546758, 143.823172"
2020-08-08T08:39:51+00:00,Fairyland,-37.546758,143.823172,63.0,76.0,"-37.546758, 143.823172"
2020-08-08T16:39:48+00:00,Fairyland,-37.546758,143.823172,64.0,77.0,"-37.546758, 143.823172"
2020-08-08T18:39:48+00:00,Fairyland,-37.546758,143.823172,80.0,90.0,"-37.546758, 143.823172"
2020-08-08T23:54:46+00:00,Fairyland,-37.546758,143.823172,65.0,82.0,"-37.546758, 143.823172"
2020-08-09T05:39:43+00:00,Fairyland,-37.546758,143.823172,72.0,87.0,"-37.546758, 143.823172"
2020-08-09T05:54:43+00:00,Fairyland,-37.546758,143.823172,72.0,87.0,"-37.546758, 143.823172"
2024-01-02T02:11:27+00:00,Fairyland,-37.546758,143.823172,60.0,73.0,"-37.546758, 143.823172"
2020-07-20T02:57:57+00:00,Fairyland,-37.546758,143.823172,63.0,78.0,"-37.546758, 143.823172"
2020-07-25T21:12:02+00:00,Fairyland,-37.546758,143.823172,60.0,70.0,"-37.546758, 143.823172"
2020-07-12T02:14:15+00:00,Fairyland,-37.546758,143.823172,64.0,81.0,"-37.546758, 143.823172"
2020-07-14T19:13:49+00:00,Fairyland,-37.546758,143.823172,73.0,88.0,"-37.546758, 143.823172"
2020-07-15T00:43:49+00:00,Fairyland,-37.546758,143.823172,68.0,80.0,"-37.546758, 143.823172"
2020-07-02T02:30:50+00:00,Fairyland,-37.546758,143.823172,60.0,80.0,"-37.546758, 143.823172"
2020-07-12T12:29:11+00:00,Fairyland,-37.546758,143.823172,62.0,77.0,"-37.546758, 143.823172"
2020-07-14T00:13:57+00:00,Fairyland,-37.546758,143.823172,63.0,81.0,"-37.546758, 143.823172"
2020-07-14T05:28:54+00:00,Fairyland,-37.546758,143.823172,63.0,80.0,"-37.546758, 143.823172"
2020-07-15T06:58:44+00:00,Fairyland,-37.546758,143.823172,65.0,75.0,"-37.546758, 143.823172"
2020-08-09T14:39:39+00:00,Fairyland,-37.546758,143.823172,66.0,82.0,"-37.546758, 143.823172"
2020-08-09T17:24:38+00:00,Fairyland,-37.546758,143.823172,69.0,84.0,"-37.546758, 143.823172"
2020-08-09T19:54:37+00:00,Fairyland,-37.546758,143.823172,77.0,87.0,"-37.546758, 143.823172"
2020-08-10T04:39:34+00:00,Fairyland,-37.546758,143.823172,62.0,69.0,"-37.546758, 143.823172"
2020-08-11T11:24:21+00:00,Fairyland,-37.546758,143.823172,60.0,84.0,"-37.546758, 143.823172"
2020-08-12T03:24:15+00:00,Fairyland,-37.546758,143.823172,60.0,77.0,"-37.546758, 143.823172"
2020-08-19T12:23:03+00:00,Fairyland,-37.546758,143.823172,61.0,72.0,"-37.546758, 143.823172"
2020-08-19T16:53:01+00:00,Fairyland,-37.546758,143.823172,62.0,80.0,"-37.546758, 143.823172"
2020-08-19T17:53:00+00:00,Fairyland,-37.546758,143.823172,63.0,83.0,"-37.546758, 143.823172"
2020-08-20T02:07:57+00:00,Fairyland,-37.546758,143.823172,65.0,86.0,"-37.546758, 143.823172"
2020-08-21T03:37:47+00:00,Fairyland,-37.546758,143.823172,61.0,82.0,"-37.546758, 143.823172"
2023-12-24T08:42:55+00:00,Fairyland,-37.546758,143.823172,60.0,73.0,"-37.546758, 143.823172"
2021-06-15T04:48:23+00:00,Fairyland,-37.546758,143.823172,60.0,70.0,"-37.546758, 143.823172"
2021-06-06T18:19:46+00:00,Fairyland,-37.546758,143.823172,61.0,77.0,"-37.546758, 143.823172"
2021-06-09T04:19:22+00:00,Fairyland,-37.546758,143.823172,60.0,76.0,"-37.546758, 143.823172"
2021-06-09T04:34:22+00:00,Fairyland,-37.546758,143.823172,60.0,80.0,"-37.546758, 143.823172"
2021-06-10T02:34:14+00:00,Fairyland,-37.546758,143.823172,62.0,79.0,"-37.546758, 143.823172"
2021-06-10T19:19:08+00:00,Fairyland,-37.546758,143.823172,62.0,74.0,"-37.546758, 143.823172"
2021-06-15T03:48:23+00:00,Fairyland,-37.546758,143.823172,60.0,70.0,"-37.546758, 143.823172"
2021-05-11T21:39:00+00:00,Fairyland,-37.546758,143.823172,61.0,73.0,"-37.546758, 143.823172"
2021-01-09T10:29:25+00:00,Fairyland,-37.546758,143.823172,63.0,78.0,"-37.546758, 143.823172"
2021-01-15T07:58:25+00:00,Fairyland,-37.546758,143.823172,62.0,89.0,"-37.546758, 143.823172"
2021-02-14T22:23:18+00:00,Fairyland,-37.546758,143.823172,67.0,79.0,"-37.546758, 143.823172"
2021-02-20T04:22:25+00:00,Fairyland,-37.546758,143.823172,62.0,69.0,"-37.546758, 143.823172"
2021-02-20T04:52:25+00:00,Fairyland,-37.546758,143.823172,62.0,69.0,"-37.546758, 143.823172"
2021-02-22T02:37:06+00:00,Fairyland,-37.546758,143.823172,60.0,67.0,"-37.546758, 143.823172"
2021-07-04T01:45:19+00:00,Fairyland,-37.546758,143.823172,60.0,82.0,"-37.546758, 143.823172"
2021-07-04T04:15:18+00:00,Fairyland,-37.546758,143.823172,62.0,84.0,"-37.546758, 143.823172"
2021-07-05T01:00:10+00:00,Fairyland,-37.546758,143.823172,60.0,71.0,"-37.546758, 143.823172"
2021-06-23T01:47:06+00:00,Fairyland,-37.546758,143.823172,61.0,83.0,"-37.546758, 143.823172"
2021-06-23T02:17:06+00:00,Fairyland,-37.546758,143.823172,60.0,85.0,"-37.546758, 143.823172"
2021-06-24T22:31:48+00:00,Fairyland,-37.546758,143.823172,61.0,67.0,"-37.546758, 143.823172"
2021-07-26T19:56:41+00:00,Fairyland,-37.546758,143.823172,64.0,67.0,"-37.546758, 143.823172"
2021-08-11T09:39:07+00:00,Fairyland,-37.546758,143.823172,61.0,82.0,"-37.546758, 143.823172"
2021-09-03T04:35:25+00:00,Fairyland,-37.546758,143.823172,61.0,70.0,"-37.546758, 143.823172"
2021-10-19T12:55:10+00:00,Fairyland,-37.546758,143.823172,63.0,76.0,"-37.546758, 143.823172"
2021-10-19T13:25:09+00:00,Fairyland,-37.546758,143.823172,70.0,83.0,"-37.546758, 143.823172"
2021-10-12T17:23:27+00:00,Fairyland,-37.546758,143.823172,60.0,75.0,"-37.546758, 143.823172"
2021-10-13T06:38:22+00:00,Fairyland,-37.546758,143.823172,62.0,82.0,"-37.546758, 143.823172"
2021-10-13T06:23:22+00:00,Fairyland,-37.546758,143.823172,67.0,85.0,"-37.546758, 143.823172"
2021-09-24T08:31:57+00:00,Fairyland,-37.546758,143.823172,66.0,85.0,"-37.546758, 143.823172"
2021-09-29T08:40:47+00:00,Fairyland,-37.546758,143.823172,64.0,77.0,"-37.546758, 143.823172"
2021-11-04T21:53:45+00:00,Fairyland,-37.546758,143.823172,63.0,74.0,"-37.546758, 143.823172"
2021-12-05T00:33:46+00:00,Fairyland,-37.546758,143.823172,60.0,74.0,"-37.546758, 143.823172"
2021-12-01T08:34:23+00:00,Fairyland,-37.546758,143.823172,61.0,70.0,"-37.546758, 143.823172"
2022-01-05T04:43:35+00:00,Fairyland,-37.546758,143.823172,65.0,84.0,"-37.546758, 143.823172"
2022-01-05T08:58:33+00:00,Fairyland,-37.546758,143.823172,61.0,70.0,"-37.546758, 143.823172"
2022-02-24T06:35:10+00:00,Fairyland,-37.546758,143.823172,61.0,72.0,"-37.546758, 143.823172"
2022-02-20T22:50:43+00:00,Fairyland,-37.546758,143.823172,60.0,63.0,"-37.546758, 143.823172"
2022-02-06T06:53:12+00:00,Fairyland,-37.546758,143.823172,60.0,72.0,"-37.546758, 143.823172"
2022-02-07T06:38:01+00:00,Fairyland,-37.546758,143.823172,62.0,72.0,"-37.546758, 143.823172"
2022-01-23T09:10:35+00:00,Fairyland,-37.546758,143.823172,67.0,77.0,"-37.546758, 143.823172"
2022-02-15T07:51:40+00:00,Fairyland,-37.546758,143.823172,61.0,70.0,"-37.546758, 143.823172"
2022-01-24T08:55:22+00:00,Fairyland,-37.546758,143.823172,61.0,73.0,"-37.546758, 143.823172"
2022-01-23T05:40:33+00:00,Fairyland,-37.546758,143.823172,68.0,75.0,"-37.546758, 143.823172"
2022-03-12T09:02:29+00:00,Fairyland,-37.546758,143.823172,63.0,75.0,"-37.546758, 143.823172"
2022-03-14T22:47:02+00:00,Fairyland,-37.546758,143.823172,60.0,69.0,"-37.546758, 143.823172"
2022-01-11T01:42:33+00:00,Fairyland,-37.546758,143.823172,62.0,73.0,"-37.546758, 143.823172"
2022-01-11T02:12:35+00:00,Fairyland,-37.546758,143.823172,61.0,75.0,"-37.546758, 143.823172"
2022-01-10T05:57:42+00:00,Fairyland,-37.546758,143.823172,60.0,70.0,"-37.546758, 143.823172"
2022-01-10T22:42:36+00:00,Fairyland,-37.546758,143.823172,62.0,76.0,"-37.546758, 143.823172"
2022-01-11T19:57:26+00:00,Fairyland,-37.546758,143.823172,60.0,74.0,"-37.546758, 143.823172"
2022-01-11T20:27:26+00:00,Fairyland,-37.546758,143.823172,64.0,74.0,"-37.546758, 143.823172"
2022-04-07T05:43:09+00:00,Fairyland,-37.546758,143.823172,61.0,72.0,"-37.546758, 143.823172"
2022-04-04T04:43:38+00:00,Fairyland,-37.546758,143.823172,64.0,75.0,"-37.546758, 143.823172"
2022-04-05T17:43:22+00:00,Fairyland,-37.546758,143.823172,63.0,83.0,"-37.546758, 143.823172"
2022-04-22T00:25:38+00:00,Fairyland,-37.546758,143.823172,61.0,72.0,"-37.546758, 143.823172"
2022-04-12T22:42:09+00:00,Fairyland,-37.546758,143.823172,61.0,86.0,"-37.546758, 143.823172"
2022-04-13T00:12:09+00:00,Fairyland,-37.546758,143.823172,60.0,80.0,"-37.546758, 143.823172"
2024-04-17T21:08:39+00:00,Fairyland,-37.546758,143.823172,60.0,70.0,"-37.546758, 143.823172"
2022-05-13T02:37:07+00:00,Fairyland,-37.546758,143.823172,60.0,75.0,"-37.546758, 143.823172"
2022-05-16T03:21:42+00:00,Fairyland,-37.546758,143.823172,64.0,74.0,"-37.546758, 143.823172"
2022-05-16T03:36:36+00:00,Fairyland,-37.546758,143.823172,62.0,72.0,"-37.546758, 143.823172"
2022-05-16T21:36:30+00:00,Fairyland,-37.546758,143.823172,60.0,72.0,"-37.546758, 143.823172"
2022-05-16T22:51:29+00:00,Fairyland,-37.546758,143.823172,64.0,70.0,"-37.546758, 143.823172"
2020-04-03T01:15:35+00:00,Fairyland,6.0,6.0,60.0,77.0,"6.0, 6.0"
2020-04-03T03:30:35+00:00,Fairyland,6.0,6.0,60.0,77.0,"6.0, 6.0"
2020-04-03T13:45:29+00:00,Fairyland,6.0,6.0,62.0,81.0,"6.0, 6.0"
2020-04-04T02:30:23+00:00,Fairyland,6.0,6.0,64.0,85.0,"6.0, 6.0"
2020-04-11T00:14:15+00:00,Fairyland,6.0,6.0,60.0,78.0,"6.0, 6.0"
2020-04-11T04:44:14+00:00,Fairyland,6.0,6.0,61.0,82.0,"6.0, 6.0"
2020-04-23T22:12:08+00:00,Fairyland,-37.546758,143.823172,62.0,69.0,"-37.546758, 143.823172"
2020-05-02T01:40:46+00:00,Fairyland,-37.546758,143.823172,60.0,86.0,"-37.546758, 143.823172"
2020-05-07T06:39:55+00:00,Fairyland,-37.546758,143.823172,60.0,86.0,"-37.546758, 143.823172"
2020-05-08T04:24:46+00:00,Fairyland,-37.546758,143.823172,66.0,79.0,"-37.546758, 143.823172"
2020-05-12T04:09:07+00:00,Fairyland,-37.546758,143.823172,61.0,79.0,"-37.546758, 143.823172"
2020-05-18T02:23:09+00:00,Fairyland,-37.546758,143.823172,60.0,77.0,"-37.546758, 143.823172"
2020-05-18T05:08:08+00:00,Fairyland,-37.546758,143.823172,60.0,73.0,"-37.546758, 143.823172"
2020-05-20T02:22:51+00:00,Fairyland,-37.546758,143.823172,60.0,81.0,"-37.546758, 143.823172"
2020-05-20T23:52:41+00:00,Fairyland,-37.546758,143.823172,62.0,79.0,"-37.546758, 143.823172"
2021-03-09T23:19:27+00:00,Fairyland,-37.546758,143.823172,61.0,73.0,"-37.546758, 143.823172"
2021-02-04T18:55:00+00:00,Fairyland,-37.546758,143.823172,60.0,82.0,"-37.546758, 143.823172"
2021-01-11T22:28:58+00:00,Fairyland,-37.546758,143.823172,61.0,82.0,"-37.546758, 143.823172"
2021-01-15T05:28:26+00:00,Fairyland,-37.546758,143.823172,61.0,83.0,"-37.546758, 143.823172"
2021-01-27T01:56:29+00:00,Fairyland,-37.546758,143.823172,65.0,79.0,"-37.546758, 143.823172"
2021-01-27T03:26:28+00:00,Fairyland,-37.546758,143.823172,61.0,79.0,"-37.546758, 143.823172"
2021-01-28T02:56:17+00:00,Fairyland,-37.546758,143.823172,62.0,72.0,"-37.546758, 143.823172"
2021-01-13T06:28:47+00:00,Fairyland,-37.546758,143.823172,60.0,75.0,"-37.546758, 143.823172"
2021-01-16T05:13:16+00:00,Fairyland,-37.546758,143.823172,60.0,79.0,"-37.546758, 143.823172"
2021-01-20T07:57:36+00:00,Fairyland,-37.546758,143.823172,61.0,78.0,"-37.546758, 143.823172"
2021-01-26T23:11:30+00:00,Fairyland,-37.546758,143.823172,62.0,88.0,"-37.546758, 143.823172"
2021-02-04T20:39:59+00:00,Fairyland,-37.546758,143.823172,72.0,89.0,"-37.546758, 143.823172"
2021-02-04T23:54:59+00:00,Fairyland,-37.546758,143.823172,60.0,86.0,"-37.546758, 143.823172"
2021-02-06T02:09:48+00:00,Fairyland,-37.546758,143.823172,60.0,72.0,"-37.546758, 143.823172"
2021-02-09T01:09:17+00:00,Fairyland,-37.546758,143.823172,61.0,72.0,"-37.546758, 143.823172"
2021-04-05T21:59:58+00:00,Fairyland,-37.546758,143.823172,76.0,88.0,"-37.546758, 143.823172"
2020-06-18T04:18:06+00:00,Fairyland,-37.546758,143.823172,60.0,83.0,"-37.546758, 143.823172"
2020-06-14T06:33:45+00:00,Fairyland,-37.546758,143.823172,60.0,79.0,"-37.546758, 143.823172"
2020-06-30T01:01:10+00:00,Fairyland,-37.546758,143.823172,62.0,80.0,"-37.546758, 143.823172"
2020-06-30T02:01:10+00:00,Fairyland,-37.546758,143.823172,60.0,84.0,"-37.546758, 143.823172"
2020-06-30T22:31:02+00:00,Fairyland,-37.546758,143.823172,60.0,77.0,"-37.546758, 143.823172"
2020-07-01T03:31:00+00:00,Fairyland,-37.546758,143.823172,63.0,92.0,"-37.546758, 143.823172"
2020-07-01T04:00:59+00:00,Fairyland,-37.546758,143.823172,60.0,82.0,"-37.546758, 143.823172"
2020-07-02T02:45:50+00:00,Fairyland,-37.546758,143.823172,65.0,87.0,"-37.546758, 143.823172"
2020-04-03T08:15:32+00:00,Fairyland,6.0,6.0,60.0,78.0,"6.0, 6.0"
2020-04-03T08:45:32+00:00,Fairyland,6.0,6.0,65.0,87.0,"6.0, 6.0"
2020-04-03T09:30:32+00:00,Fairyland,6.0,6.0,60.0,78.0,"6.0, 6.0"
2020-04-04T01:15:24+00:00,Fairyland,6.0,6.0,62.0,80.0,"6.0, 6.0"
2020-04-04T05:45:22+00:00,Fairyland,6.0,6.0,61.0,76.0,"6.0, 6.0"
2020-04-04T22:15:15+00:00,Fairyland,6.0,6.0,60.0,81.0,"6.0, 6.0"
2020-04-06T01:30:05+00:00,Fairyland,6.0,6.0,61.0,71.0,"6.0, 6.0"
2020-04-10T18:59:18+00:00,Fairyland,6.0,6.0,62.0,88.0,"6.0, 6.0"
2020-04-14T00:43:47+00:00,Fairyland,6.0,6.0,60.0,72.0,"6.0, 6.0"
2020-04-14T02:58:46+00:00,Fairyland,6.0,6.0,60.0,65.0,"6.0, 6.0"
2020-04-20T01:57:46+00:00,Fairyland,-37.546758,143.823172,65.0,85.0,"-37.546758, 143.823172"
2020-07-13T20:13:58+00:00,Fairyland,-37.546758,143.823172,61.0,73.0,"-37.546758, 143.823172"
2020-07-13T22:28:57+00:00,Fairyland,-37.546758,143.823172,60.0,69.0,"-37.546758, 143.823172"
2020-07-14T03:58:55+00:00,Fairyland,-37.546758,143.823172,67.0,86.0,"-37.546758, 143.823172"
2020-07-14T12:13:52+00:00,Fairyland,-37.546758,143.823172,67.0,77.0,"-37.546758, 143.823172"
2020-07-14T19:58:48+00:00,Fairyland,-37.546758,143.823172,75.0,83.0,"-37.546758, 143.823172"
2020-07-16T00:58:37+00:00,Fairyland,-37.546758,143.823172,62.0,73.0,"-37.546758, 143.823172"
2020-07-19T04:43:06+00:00,Fairyland,-37.546758,143.823172,60.0,74.0,"-37.546758, 143.823172"
2020-07-19T09:13:04+00:00,Fairyland,-37.546758,143.823172,65.0,85.0,"-37.546758, 143.823172"
2020-07-19T11:13:04+00:00,Fairyland,-37.546758,143.823172,65.0,81.0,"-37.546758, 143.823172"
2020-07-19T13:28:03+00:00,Fairyland,-37.546758,143.823172,61.0,74.0,"-37.546758, 143.823172"
2020-07-23T23:42:20+00:00,Fairyland,-37.546758,143.823172,60.0,77.0,"-37.546758, 143.823172"
2020-08-27T11:06:47+00:00,Fairyland,-37.546758,143.823172,61.0,78.0,"-37.546758, 143.823172"
2020-06-19T04:47:57+00:00,Fairyland,-37.546758,143.823172,61.0,87.0,"-37.546758, 143.823172"
2020-08-03T23:40:33+00:00,Fairyland,-37.546758,143.823172,61.0,76.0,"-37.546758, 143.823172"
2020-08-04T00:40:33+00:00,Fairyland,-37.546758,143.823172,63.0,81.0,"-37.546758, 143.823172"
2020-08-29T03:21:30+00:00,Fairyland,-37.546758,143.823172,61.0,79.0,"-37.546758, 143.823172"
2020-08-29T04:21:29+00:00,Fairyland,-37.546758,143.823172,62.0,86.0,"-37.546758, 143.823172"
2020-08-29T04:36:29+00:00,Fairyland,-37.546758,143.823172,62.0,84.0,"-37.546758, 143.823172"
2020-08-29T18:06:23+00:00,Fairyland,-37.546758,143.823172,61.0,87.0,"-37.546758, 143.823172"
2020-08-30T05:06:20+00:00,Fairyland,-37.546758,143.823172,61.0,81.0,"-37.546758, 143.823172"
2020-08-06T10:40:10+00:00,Fairyland,-37.546758,143.823172,62.0,74.0,"-37.546758, 143.823172"
2020-08-30T09:21:19+00:00,Fairyland,-37.546758,143.823172,62.0,76.0,"-37.546758, 143.823172"
2020-08-06T17:10:07+00:00,Fairyland,-37.546758,143.823172,72.0,85.0,"-37.546758, 143.823172"
2020-09-01T06:20:59+00:00,Fairyland,-37.546758,143.823172,60.0,78.0,"-37.546758, 143.823172"
2020-12-02T03:20:46+00:00,Fairyland,-37.546758,143.823172,63.0,79.0,"-37.546758, 143.823172"
2020-12-05T07:50:15+00:00,Fairyland,-37.546758,143.823172,61.0,82.0,"-37.546758, 143.823172"
2020-12-05T09:35:14+00:00,Fairyland,-37.546758,143.823172,60.0,79.0,"-37.546758, 143.823172"
2020-12-06T20:50:00+00:00,Fairyland,-37.546758,143.823172,61.0,75.0,"-37.546758, 143.823172"
2020-09-02T23:05:42+00:00,Fairyland,-37.546758,143.823172,60.0,70.0,"-37.546758, 143.823172"
2020-09-03T01:50:41+00:00,Fairyland,-37.546758,143.823172,63.0,89.0,"-37.546758, 143.823172"
2020-09-03T03:50:40+00:00,Fairyland,-37.546758,143.823172,65.0,94.0,"-37.546758, 143.823172"
2020-09-05T04:20:21+00:00,Fairyland,-37.546758,143.823172,60.0,69.0,"-37.546758, 143.823172"
2020-09-07T01:20:02+00:00,Fairyland,-37.546758,143.823172,63.0,89.0,"-37.546758, 143.823172"
2020-09-07T06:20:00+00:00,Fairyland,-37.546758,143.823172,64.0,88.0,"-37.546758, 143.823172"
2020-09-07T11:19:58+00:00,Fairyland,-37.546758,143.823172,60.0,79.0,"-37.546758, 143.823172"
2020-09-07T12:34:57+00:00,Fairyland,-37.546758,143.823172,63.0,82.0,"-37.546758, 143.823172"
2020-12-11T08:19:14+00:00,Fairyland,-37.546758,143.823172,62.0,79.0,"-37.546758, 143.823172"
2020-09-07T13:34:57+00:00,Fairyland,-37.546758,143.823172,62.0,86.0,"-37.546758, 143.823172"
2020-09-07T14:34:56+00:00,Fairyland,-37.546758,143.823172,60.0,78.0,"-37.546758, 143.823172"
2020-11-28T15:51:22+00:00,Fairyland,-37.546758,143.823172,61.0,85.0,"-37.546758, 143.823172"
2020-10-13T17:59:01+00:00,Fairyland,-37.546758,143.823172,60.0,72.0,"-37.546758, 143.823172"
2020-12-12T02:04:07+00:00,Fairyland,-37.546758,143.823172,60.0,81.0,"-37.546758, 143.823172"
2020-11-12T04:09:08+00:00,Fairyland,-37.546758,143.823172,60.0,73.0,"-37.546758, 143.823172"
2020-11-16T21:08:19+00:00,Fairyland,-37.546758,143.823172,61.0,71.0,"-37.546758, 143.823172"
2020-11-26T12:51:44+00:00,Fairyland,-37.546758,143.823172,60.0,68.0,"-37.546758, 143.823172"
2020-10-21T12:57:42+00:00,Fairyland,-37.546758,143.823172,60.0,71.0,"-37.546758, 143.823172"
2020-10-21T14:57:41+00:00,Fairyland,-37.546758,143.823172,60.0,72.0,"-37.546758, 143.823172"
2020-10-21T18:12:40+00:00,Fairyland,-37.546758,143.823172,60.0,68.0,"-37.546758, 143.823172"
2020-10-21T21:57:38+00:00,Fairyland,-37.546758,143.823172,66.0,77.0,"-37.546758, 143.823172"
2020-10-22T00:12:37+00:00,Fairyland,-37.546758,143.823172,62.0,69.0,"-37.546758, 143.823172"
2020-10-19T00:58:08+00:00,Fairyland,-37.546758,143.823172,60.0,66.0,"-37.546758, 143.823172"
2020-10-25T22:56:58+00:00,Fairyland,-37.546758,143.823172,67.0,87.0,"-37.546758, 143.823172"
2020-10-26T06:56:56+00:00,Fairyland,-37.546758,143.823172,69.0,87.0,"-37.546758, 143.823172"
2020-10-25T23:41:58+00:00,Fairyland,-37.546758,143.823172,78.0,93.0,"-37.546758, 143.823172"
2020-10-26T09:41:55+00:00,Fairyland,-37.546758,143.823172,72.0,88.0,"-37.546758, 143.823172"
2020-10-26T10:26:55+00:00,Fairyland,-37.546758,143.823172,74.0,87.0,"-37.546758, 143.823172"
2020-10-26T11:11:54+00:00,Fairyland,-37.546758,143.823172,78.0,87.0,"-37.546758, 143.823172"
2020-11-01T06:10:55+00:00,Fairyland,-37.546758,143.823172,60.0,71.0,"-37.546758, 143.823172"
2020-10-26T14:26:53+00:00,Fairyland,-37.546758,143.823172,68.0,83.0,"-37.546758, 143.823172"
2020-10-26T04:56:57+00:00,Fairyland,-37.546758,143.823172,71.0,92.0,"-37.546758, 143.823172"
2020-10-26T20:41:50+00:00,Fairyland,-37.546758,143.823172,66.0,82.0,"-37.546758, 143.823172"
2020-10-26T22:41:50+00:00,Fairyland,-37.546758,143.823172,68.0,80.0,"-37.546758, 143.823172"
2020-10-26T22:56:50+00:00,Fairyland,-37.546758,143.823172,73.0,83.0,"-37.546758, 143.823172"
2020-10-27T00:41:49+00:00,Fairyland,-37.546758,143.823172,61.0,67.0,"-37.546758, 143.823172"
2020-10-27T01:11:49+00:00,Fairyland,-37.546758,143.823172,60.0,71.0,"-37.546758, 143.823172"
2020-10-27T08:11:46+00:00,Fairyland,-37.546758,143.823172,62.0,74.0,"-37.546758, 143.823172"
2020-10-27T16:26:41+00:00,Fairyland,-37.546758,143.823172,62.0,72.0,"-37.546758, 143.823172"
2020-10-28T21:26:30+00:00,Fairyland,-37.546758,143.823172,63.0,77.0,"-37.546758, 143.823172"
2020-10-29T20:41:19+00:00,Fairyland,-37.546758,143.823172,62.0,73.0,"-37.546758, 143.823172"
2020-11-03T04:10:36+00:00,Fairyland,-37.546758,143.823172,62.0,90.0,"-37.546758, 143.823172"
2020-11-05T06:10:16+00:00,Fairyland,-37.546758,143.823172,61.0,64.0,"-37.546758, 143.823172"
2020-10-18T20:43:10+00:00,Fairyland,-37.546758,143.823172,76.0,93.0,"-37.546758, 143.823172"
2020-10-30T03:26:16+00:00,Fairyland,-37.546758,143.823172,60.0,73.0,"-37.546758, 143.823172"
2020-10-30T04:11:16+00:00,Fairyland,-37.546758,143.823172,60.0,73.0,"-37.546758, 143.823172"
2020-10-20T11:12:52+00:00,Fairyland,-37.546758,143.823172,60.0,68.0,"-37.546758, 143.823172"
2020-10-21T07:12:44+00:00,Fairyland,-37.546758,143.823172,60.0,69.0,"-37.546758, 143.823172"
2020-10-25T14:12:02+00:00,Fairyland,-37.546758,143.823172,76.0,87.0,"-37.546758, 143.823172"
2020-10-25T19:56:59+00:00,Fairyland,-37.546758,143.823172,63.0,81.0,"-37.546758, 143.823172"
2020-10-26T04:26:57+00:00,Fairyland,-37.546758,143.823172,78.0,91.0,"-37.546758, 143.823172"
2020-10-26T11:56:54+00:00,Fairyland,-37.546758,143.823172,75.0,85.0,"-37.546758, 143.823172"
2020-10-26T23:56:49+00:00,Fairyland,-37.546758,143.823172,70.0,80.0,"-37.546758, 143.823172"
2020-10-27T11:56:43+00:00,Fairyland,-37.546758,143.823172,66.0,85.0,"-37.546758, 143.823172"
2020-10-29T02:56:28+00:00,Fairyland,-37.546758,143.823172,60.0,77.0,"-37.546758, 143.823172"
2020-11-03T03:40:36+00:00,Fairyland,-37.546758,143.823172,62.0,90.0,"-37.546758, 143.823172"
2020-11-03T04:55:35+00:00,Fairyland,-37.546758,143.823172,60.0,81.0,"-37.546758, 143.823172"
2020-11-05T22:10:09+00:00,Fairyland,-37.546758,143.823172,60.0,65.0,"-37.546758, 143.823172"
2020-10-19T02:58:07+00:00,Fairyland,-37.546758,143.823172,60.0,70.0,"-37.546758, 143.823172"
2020-10-25T16:12:01+00:00,Fairyland,-37.546758,143.823172,70.0,86.0,"-37.546758, 143.823172"
2020-10-26T02:11:57+00:00,Fairyland,-37.546758,143.823172,77.0,92.0,"-37.546758, 143.823172"
2020-10-26T18:26:51+00:00,Fairyland,-37.546758,143.823172,62.0,77.0,"-37.546758, 143.823172"
2020-11-01T03:10:56+00:00,Fairyland,-37.546758,143.823172,60.0,72.0,"-37.546758, 143.823172"
2021-05-11T19:39:01+00:00,Fairyland,-37.546758,143.823172,62.0,80.0,"-37.546758, 143.823172"
2021-05-11T22:08:59+00:00,Fairyland,-37.546758,143.823172,65.0,80.0,"-37.546758, 143.823172"
2021-05-11T11:39:04+00:00,Fairyland,-37.546758,143.823172,65.0,79.0,"-37.546758, 143.823172"
2021-08-15T18:23:24+00:00,Fairyland,-37.546758,143.823172,62.0,77.0,"-37.546758, 143.823172"
2021-08-15T18:38:24+00:00,Fairyland,-37.546758,143.823172,62.0,80.0,"-37.546758, 143.823172"
2021-07-24T07:42:03+00:00,Fairyland,-37.546758,143.823172,60.0,83.0,"-37.546758, 143.823172"
2021-07-17T03:13:12+00:00,Fairyland,-37.546758,143.823172,60.0,69.0,"-37.546758, 143.823172"
2020-05-06T20:10:00+00:00,Fairyland,-37.546758,143.823172,60.0,86.0,"-37.546758, 143.823172"
2020-05-07T05:09:55+00:00,Fairyland,-37.546758,143.823172,61.0,79.0,"-37.546758, 143.823172"
2020-05-09T10:39:33+00:00,Fairyland,-37.546758,143.823172,61.0,73.0,"-37.546758, 143.823172"
2020-05-13T04:23:57+00:00,Fairyland,-37.546758,143.823172,62.0,72.0,"-37.546758, 143.823172"
2020-05-13T04:53:57+00:00,Fairyland,-37.546758,143.823172,62.0,74.0,"-37.546758, 143.823172"
2020-05-13T22:53:49+00:00,Fairyland,-37.546758,143.823172,69.0,92.0,"-37.546758, 143.823172"
2020-05-14T02:23:48+00:00,Fairyland,-37.546758,143.823172,60.0,71.0,"-37.546758, 143.823172"
2020-05-18T01:38:10+00:00,Fairyland,-37.546758,143.823172,60.0,71.0,"-37.546758, 143.823172"
2020-05-19T00:38:00+00:00,Fairyland,-37.546758,143.823172,60.0,73.0,"-37.546758, 143.823172"
2020-05-25T01:07:03+00:00,Fairyland,-37.546758,143.823172,73.0,86.0,"-37.546758, 143.823172"
2021-07-28T07:26:25+00:00,Fairyland,-37.546758,143.823172,69.0,88.0,"-37.546758, 143.823172"
2020-05-28T04:36:31+00:00,Fairyland,-37.546758,143.823172,64.0,90.0,"-37.546758, 143.823172"
2021-10-28T17:53:37+00:00,Fairyland,-37.546758,143.823172,72.0,94.0,"-37.546758, 143.823172"
2021-11-04T16:23:47+00:00,Fairyland,-37.546758,143.823172,61.0,74.0,"-37.546758, 143.823172"
2020-04-02T06:15:48+00:00,Fairyland,-37.546758,143.823172,66.0,80.0,"-37.546758, 143.823172"
2020-04-02T02:30:50+00:00,Fairyland,-37.546758,143.823172,65.0,80.0,"-37.546758, 143.823172"
2020-02-22T17:07:24+00:00,Fairyland,-37.546758,143.823172,60.0,74.0,"-37.546758, 143.823172"
2020-02-22T09:07:26+00:00,Fairyland,-37.546758,143.823172,61.0,76.0,"-37.546758, 143.823172"
2020-02-22T08:07:27+00:00,Fairyland,-37.546758,143.823172,60.0,73.0,"-37.546758, 143.823172"
2020-02-21T13:22:36+00:00,Fairyland,-37.546758,143.823172,61.0,64.0,"-37.546758, 143.823172"
2020-02-21T08:52:37+00:00,Fairyland,-37.546758,143.823172,62.0,70.0,"-37.546758, 143.823172"
2020-02-18T19:08:02+00:00,Fairyland,-37.546758,143.823172,62.0,85.0,"-37.546758, 143.823172"
2020-02-17T19:23:12+00:00,Fairyland,-37.546758,143.823172,60.0,70.0,"-37.546758, 143.823172"
2020-02-17T08:23:16+00:00,Fairyland,-37.546758,143.823172,60.0,67.0,"-37.546758, 143.823172"
2020-02-16T23:23:21+00:00,Fairyland,-37.546758,143.823172,62.0,86.0,"-37.546758, 143.823172"
2020-02-16T18:38:23+00:00,Fairyland,-37.546758,143.823172,63.0,80.0,"-37.546758, 143.823172"
2020-02-16T14:53:24+00:00,Fairyland,-37.546758,143.823172,67.0,83.0,"-37.546758, 143.823172"
2020-02-16T12:53:25+00:00,Fairyland,-37.546758,143.823172,63.0,81.0,"-37.546758, 143.823172"
2020-02-15T17:53:33+00:00,Fairyland,-37.546758,143.823172,61.0,68.0,"-37.546758, 143.823172"
2020-02-14T15:08:46+00:00,Fairyland,-37.546758,143.823172,60.0,65.0,"-37.546758, 143.823172"
2020-02-14T07:23:49+00:00,Fairyland,-37.546758,143.823172,72.0,95.0,"-37.546758, 143.823172"
2020-02-13T10:38:57+00:00,Fairyland,-37.546758,143.823172,63.0,74.0,"-37.546758, 143.823172"
2020-02-13T09:08:56+00:00,Fairyland,-37.546758,143.823172,64.0,78.0,"-37.546758, 143.823172"
2020-02-13T08:38:57+00:00,Fairyland,-37.546758,143.823172,67.0,81.0,"-37.546758, 143.823172"
2020-02-13T07:53:57+00:00,Fairyland,-37.546758,143.823172,66.0,80.0,"-37.546758, 143.823172"
2020-02-13T06:08:58+00:00,Fairyland,-37.546758,143.823172,68.0,83.0,"-37.546758, 143.823172"
2020-02-12T22:39:01+00:00,Fairyland,-37.546758,143.823172,60.0,81.0,"-37.546758, 143.823172"
2020-02-10T08:09:28+00:00,Fairyland,-37.546758,143.823172,63.0,85.0,"-37.546758, 143.823172"
2020-02-10T04:24:29+00:00,Fairyland,-37.546758,143.823172,66.0,79.0,"-37.546758, 143.823172"
2020-02-09T21:09:32+00:00,Fairyland,-37.546758,143.823172,73.0,85.0,"-37.546758, 143.823172"
2020-02-09T18:24:34+00:00,Fairyland,-37.546758,143.823172,60.0,78.0,"-37.546758, 143.823172"
2020-02-09T15:39:34+00:00,Fairyland,-37.546758,143.823172,62.0,75.0,"-37.546758, 143.823172"
2020-02-09T13:24:36+00:00,Fairyland,-37.546758,143.823172,63.0,77.0,"-37.546758, 143.823172"
2020-02-09T10:54:37+00:00,Fairyland,-37.546758,143.823172,61.0,73.0,"-37.546758, 143.823172"
2020-02-08T13:09:46+00:00,Fairyland,-37.546758,143.823172,70.0,87.0,"-37.546758, 143.823172"
2020-02-08T02:54:51+00:00,Fairyland,-37.546758,143.823172,65.0,80.0,"-37.546758, 143.823172"
2020-02-08T02:09:50+00:00,Fairyland,-37.546758,143.823172,62.0,77.0,"-37.546758, 143.823172"
2020-02-08T00:54:51+00:00,Fairyland,-37.546758,143.823172,60.0,74.0,"-37.546758, 143.823172"
2020-02-06T20:55:03+00:00,Fairyland,-37.546758,143.823172,60.0,69.0,"-37.546758, 143.823172"
2020-02-06T20:10:03+00:00,Fairyland,-37.546758,143.823172,60.0,72.0,"-37.546758, 143.823172"
2020-02-06T02:25:10+00:00,Fairyland,-37.546758,143.823172,65.0,82.0,"-37.546758, 143.823172"
2020-02-05T22:40:12+00:00,Fairyland,-37.546758,143.823172,64.0,85.0,"-37.546758, 143.823172"
2020-02-05T08:10:19+00:00,Fairyland,-37.546758,143.823172,62.0,73.0,"-37.546758, 143.823172"
2020-02-05T06:55:18+00:00,Fairyland,-37.546758,143.823172,62.0,76.0,"-37.546758, 143.823172"
2020-02-05T06:10:19+00:00,Fairyland,-37.546758,143.823172,63.0,77.0,"-37.546758, 143.823172"
2020-02-05T04:10:20+00:00,Fairyland,-37.546758,143.823172,61.0,78.0,"-37.546758, 143.823172"
2020-02-02T15:10:47+00:00,Fairyland,-37.546758,143.823172,62.0,81.0,"-37.546758, 143.823172"
2020-02-02T12:55:47+00:00,Fairyland,-37.546758,143.823172,63.0,84.0,"-37.546758, 143.823172"
2020-02-02T11:40:48+00:00,Fairyland,-37.546758,143.823172,61.0,77.0,"-37.546758, 143.823172"
2020-02-01T04:26:00+00:00,Fairyland,-37.546758,143.823172,61.0,82.0,"-37.546758, 143.823172"
2020-01-31T19:11:04+00:00,Fairyland,-37.546758,143.823172,65.0,82.0,"-37.546758, 143.823172"
2020-01-31T18:26:04+00:00,Fairyland,-37.546758,143.823172,62.0,88.0,"-37.546758, 143.823172"
2020-01-30T11:11:18+00:00,Fairyland,-37.546758,143.823172,60.0,78.0,"-37.546758, 143.823172"
2020-01-27T01:41:50+00:00,Fairyland,-37.546758,143.823172,60.0,71.0,"-37.546758, 143.823172"
2020-01-24T15:42:14+00:00,Fairyland,-37.546758,143.823172,60.0,69.0,"-37.546758, 143.823172"
2020-01-24T12:57:15+00:00,Fairyland,-37.546758,143.823172,60.0,74.0,"-37.546758, 143.823172"
2020-01-24T08:27:17+00:00,Fairyland,-37.546758,143.823172,62.0,67.0,"-37.546758, 143.823172"
2020-01-23T19:27:24+00:00,Fairyland,-37.546758,143.823172,60.0,76.0,"-37.546758, 143.823172"
2020-01-23T18:12:24+00:00,Fairyland,-37.546758,143.823172,64.0,89.0,"-37.546758, 143.823172"
2020-01-23T17:27:24+00:00,Fairyland,-37.546758,143.823172,67.0,86.0,"-37.546758, 143.823172"
2020-01-23T14:57:26+00:00,Fairyland,-37.546758,143.823172,67.0,90.0,"-37.546758, 143.823172"
2020-01-23T13:12:27+00:00,Fairyland,-37.546758,143.823172,67.0,85.0,"-37.546758, 143.823172"
2020-01-23T12:57:27+00:00,Fairyland,-37.546758,143.823172,64.0,85.0,"-37.546758, 143.823172"
2020-01-23T12:12:27+00:00,Fairyland,-37.546758,143.823172,61.0,74.0,"-37.546758, 143.823172"
2020-01-22T17:12:40+00:00,Fairyland,-37.546758,143.823172,63.0,94.0,"-37.546758, 143.823172"
2020-01-22T16:57:34+00:00,Fairyland,-37.546758,143.823172,66.0,96.0,"-37.546758, 143.823172"
2020-01-22T10:42:36+00:00,Fairyland,-37.546758,143.823172,63.0,85.0,"-37.546758, 143.823172"
2020-01-22T10:27:36+00:00,Fairyland,-37.546758,143.823172,61.0,84.0,"-37.546758, 143.823172"
2020-01-21T13:12:45+00:00,Fairyland,-37.546758,143.823172,60.0,64.0,"-37.546758, 143.823172"
2020-01-19T18:13:03+00:00,Fairyland,-37.546758,143.823172,60.0,76.0,"-37.546758, 143.823172"
2020-05-31T22:35:54+00:00,Fairyland,-37.546758,143.823172,66.0,84.0,"-37.546758, 143.823172"
2020-05-31T23:35:53+00:00,Fairyland,-37.546758,143.823172,63.0,85.0,"-37.546758, 143.823172"
2021-11-21T20:50:59+00:00,Fairyland,-37.546758,143.823172,67.0,85.0,"-37.546758, 143.823172"
2021-11-22T08:05:51+00:00,Fairyland,-37.546758,143.823172,62.0,73.0,"-37.546758, 143.823172"
2021-11-22T07:05:52+00:00,Fairyland,-37.546758,143.823172,60.0,77.0,"-37.546758, 143.823172"
2020-06-04T22:05:15+00:00,Fairyland,-37.546758,143.823172,60.0,68.0,"-37.546758, 143.823172"
2020-12-15T08:18:35+00:00,Fairyland,-37.546758,143.823172,65.0,76.0,"-37.546758, 143.823172"
2020-12-15T08:03:35+00:00,Fairyland,-37.546758,143.823172,62.0,73.0,"-37.546758, 143.823172"
2020-12-12T10:19:04+00:00,Fairyland,-37.546758,143.823172,60.0,68.0,"-37.546758, 143.823172"
2020-12-15T07:48:35+00:00,Fairyland,-37.546758,143.823172,65.0,77.0,"-37.546758, 143.823172"
2020-12-16T12:33:24+00:00,Fairyland,-37.546758,143.823172,73.0,83.0,"-37.546758, 143.823172"
2020-12-20T10:32:44+00:00,Fairyland,-37.546758,143.823172,63.0,78.0,"-37.546758, 143.823172"
2020-12-20T12:02:43+00:00,Fairyland,-37.546758,143.823172,62.0,77.0,"-37.546758, 143.823172"
2020-12-20T12:17:43+00:00,Fairyland,-37.546758,143.823172,60.0,74.0,"-37.546758, 143.823172"
2020-12-27T00:01:38+00:00,Fairyland,-37.546758,143.823172,61.0,84.0,"-37.546758, 143.823172"
2020-12-30T09:31:04+00:00,Fairyland,-37.546758,143.823172,61.0,74.0,"-37.546758, 143.823172"
2021-01-02T07:45:35+00:00,Fairyland,-37.546758,143.823172,63.0,76.0,"-37.546758, 143.823172"
2020-11-20T05:52:47+00:00,Fairyland,-37.546758,143.823172,63.0,78.0,"-37.546758, 143.823172"
2020-11-20T19:07:41+00:00,Fairyland,-37.546758,143.823172,60.0,68.0,"-37.546758, 143.823172"
2020-11-28T05:36:27+00:00,Fairyland,-37.546758,143.823172,62.0,76.0,"-37.546758, 143.823172"
2020-11-29T20:51:09+00:00,Fairyland,-37.546758,143.823172,61.0,69.0,"-37.546758, 143.823172"
2020-11-19T02:37:58+00:00,Fairyland,-37.546758,143.823172,61.0,74.0,"-37.546758, 143.823172"
2021-03-21T01:47:36+00:00,Fairyland,-37.546758,143.823172,62.0,74.0,"-37.546758, 143.823172"
2021-05-11T21:09:00+00:00,Fairyland,-37.546758,143.823172,61.0,76.0,"-37.546758, 143.823172"
2021-05-13T02:08:49+00:00,Fairyland,-37.546758,143.823172,64.0,74.0,"-37.546758, 143.823172"
2021-05-11T17:39:02+00:00,Fairyland,-37.546758,143.823172,60.0,71.0,"-37.546758, 143.823172"
2021-05-11T22:53:59+00:00,Fairyland,-37.546758,143.823172,64.0,76.0,"-37.546758, 143.823172"
2021-05-13T01:38:50+00:00,Fairyland,-37.546758,143.823172,62.0,80.0,"-37.546758, 143.823172"
2021-05-14T02:08:40+00:00,Fairyland,-37.546758,143.823172,60.0,74.0,"-37.546758, 143.823172"
2021-05-25T03:51:51+00:00,Fairyland,-37.546758,143.823172,60.0,78.0,"-37.546758, 143.823172"
2021-05-25T04:51:50+00:00,Fairyland,-37.546758,143.823172,60.0,74.0,"-37.546758, 143.823172"
2021-05-25T01:06:51+00:00,Fairyland,-37.546758,143.823172,62.0,82.0,"-37.546758, 143.823172"
2021-05-25T17:21:43+00:00,Fairyland,-37.546758,143.823172,60.0,84.0,"-37.546758, 143.823172"
2021-05-28T22:36:12+00:00,Fairyland,-37.546758,143.823172,60.0,69.0,"-37.546758, 143.823172"
2022-03-18T17:01:23+00:00,Fairyland,-37.546758,143.823172,68.0,83.0,"-37.546758, 143.823172"
2022-03-18T19:46:22+00:00,Fairyland,-37.546758,143.823172,60.0,74.0,"-37.546758, 143.823172"
2022-03-18T21:31:22+00:00,Fairyland,-37.546758,143.823172,60.0,73.0,"-37.546758, 143.823172"
2022-03-18T22:46:21+00:00,Fairyland,-37.546758,143.823172,60.0,67.0,"-37.546758, 143.823172"
2021-05-20T01:52:41+00:00,Fairyland,-37.546758,143.823172,61.0,74.0,"-37.546758, 143.823172"
2022-03-14T02:47:12+00:00,Fairyland,-37.546758,143.823172,61.0,66.0,"-37.546758, 143.823172"
2022-03-14T03:02:10+00:00,Fairyland,-37.546758,143.823172,61.0,74.0,"-37.546758, 143.823172"
2021-03-22T01:47:26+00:00,Fairyland,-37.546758,143.823172,61.0,76.0,"-37.546758, 143.823172"
2022-04-07T00:13:09+00:00,Fairyland,-37.546758,143.823172,61.0,75.0,"-37.546758, 143.823172"
2022-04-07T04:58:09+00:00,Fairyland,-37.546758,143.823172,63.0,74.0,"-37.546758, 143.823172"
2022-04-07T21:58:00+00:00,Fairyland,-37.546758,143.823172,61.0,70.0,"-37.546758, 143.823172"
2022-02-24T20:35:09+00:00,Fairyland,-37.546758,143.823172,60.0,75.0,"-37.546758, 143.823172"
2021-08-03T10:10:27+00:00,Fairyland,-37.546758,143.823172,61.0,82.0,"-37.546758, 143.823172"
2022-02-24T04:05:11+00:00,Fairyland,-37.546758,143.823172,60.0,66.0,"-37.546758, 143.823172"
2022-02-25T15:34:57+00:00,Fairyland,-37.546758,143.823172,60.0,77.0,"-37.546758, 143.823172"
2021-08-15T21:38:23+00:00,Fairyland,-37.546758,143.823172,60.0,78.0,"-37.546758, 143.823172"
2021-07-14T05:43:40+00:00,Fairyland,-37.546758,143.823172,60.0,76.0,"-37.546758, 143.823172"
2022-02-06T21:23:07+00:00,Fairyland,-37.546758,143.823172,61.0,69.0,"-37.546758, 143.823172"
2022-02-07T07:38:02+00:00,Fairyland,-37.546758,143.823172,63.0,77.0,"-37.546758, 143.823172"
2022-01-30T07:39:22+00:00,Fairyland,-37.546758,143.823172,70.0,75.0,"-37.546758, 143.823172"
2021-09-20T07:32:35+00:00,Fairyland,-37.546758,143.823172,60.0,75.0,"-37.546758, 143.823172"
2022-01-22T09:55:42+00:00,Fairyland,-37.546758,143.823172,60.0,72.0,"-37.546758, 143.823172"
2022-01-22T08:10:42+00:00,Fairyland,-37.546758,143.823172,68.0,80.0,"-37.546758, 143.823172"
2022-01-21T07:10:52+00:00,Fairyland,-37.546758,143.823172,60.0,75.0,"-37.546758, 143.823172"
2022-01-25T08:40:11+00:00,Fairyland,-37.546758,143.823172,60.0,73.0,"-37.546758, 143.823172"
2021-09-20T05:17:36+00:00,Fairyland,-37.546758,143.823172,64.0,93.0,"-37.546758, 143.823172"
2021-09-06T22:04:48+00:00,Fairyland,-37.546758,143.823172,60.0,64.0,"-37.546758, 143.823172"
2021-09-22T22:02:11+00:00,Fairyland,-37.546758,143.823172,60.0,71.0,"-37.546758, 143.823172"
2022-03-02T04:04:10+00:00,Fairyland,-37.546758,143.823172,60.0,69.0,"-37.546758, 143.823172"
2022-03-02T02:49:13+00:00,Fairyland,-37.546758,143.823172,60.0,71.0,"-37.546758, 143.823172"
2022-03-03T22:03:55+00:00,Fairyland,-37.546758,143.823172,65.0,69.0,"-37.546758, 143.823172"
2022-03-04T02:33:53+00:00,Fairyland,-37.546758,143.823172,60.0,69.0,"-37.546758, 143.823172"
2022-03-06T18:03:24+00:00,Fairyland,-37.546758,143.823172,65.0,80.0,"-37.546758, 143.823172"
2021-10-28T19:53:37+00:00,Fairyland,-37.546758,143.823172,66.0,103.0,"-37.546758, 143.823172"
2021-10-28T20:23:36+00:00,Fairyland,-37.546758,143.823172,62.0,89.0,"-37.546758, 143.823172"
2022-03-09T00:18:02+00:00,Fairyland,-37.546758,143.823172,63.0,83.0,"-37.546758, 143.823172"
2021-10-10T20:49:17+00:00,Fairyland,-37.546758,143.823172,69.0,85.0,"-37.546758, 143.823172"
2021-09-29T06:10:48+00:00,Fairyland,-37.546758,143.823172,62.0,73.0,"-37.546758, 143.823172"
2021-09-29T09:25:46+00:00,Fairyland,-37.546758,143.823172,65.0,83.0,"-37.546758, 143.823172"
2022-01-19T04:11:12+00:00,Fairyland,-37.546758,143.823172,61.0,86.0,"-37.546758, 143.823172"
2022-01-19T05:11:18+00:00,Fairyland,-37.546758,143.823172,68.0,85.0,"-37.546758, 143.823172"
2022-01-19T06:41:18+00:00,Fairyland,-37.546758,143.823172,65.0,83.0,"-37.546758, 143.823172"
2022-01-23T06:40:31+00:00,Fairyland,-37.546758,143.823172,62.0,69.0,"-37.546758, 143.823172"
2022-01-19T13:11:15+00:00,Fairyland,-37.546758,143.823172,64.0,81.0,"-37.546758, 143.823172"
2021-11-21T20:35:59+00:00,Fairyland,-37.546758,143.823172,69.0,83.0,"-37.546758, 143.823172"
2021-11-14T06:37:18+00:00,Fairyland,-37.546758,143.823172,61.0,83.0,"-37.546758, 143.823172"
2021-11-14T12:37:09+00:00,Fairyland,-37.546758,143.823172,60.0,81.0,"-37.546758, 143.823172"
2022-01-23T08:10:30+00:00,Fairyland,-37.546758,143.823172,65.0,76.0,"-37.546758, 143.823172"
2022-01-11T23:42:24+00:00,Fairyland,-37.546758,143.823172,60.0,75.0,"-37.546758, 143.823172"
2022-01-12T00:12:24+00:00,Fairyland,-37.546758,143.823172,60.0,74.0,"-37.546758, 143.823172"
2022-01-12T08:27:22+00:00,Fairyland,-37.546758,143.823172,60.0,75.0,"-37.546758, 143.823172"
2022-01-12T09:12:29+00:00,Fairyland,-37.546758,143.823172,61.0,77.0,"-37.546758, 143.823172"
2022-01-16T10:41:47+00:00,Fairyland,-37.546758,143.823172,65.0,87.0,"-37.546758, 143.823172"
2022-01-16T22:41:34+00:00,Fairyland,-37.546758,143.823172,61.0,66.0,"-37.546758, 143.823172"
2022-03-25T15:15:14+00:00,Fairyland,-37.546758,143.823172,60.0,75.0,"-37.546758, 143.823172"
2021-11-29T11:19:39+00:00,Fairyland,-37.546758,143.823172,61.0,70.0,"-37.546758, 143.823172"
2021-11-26T18:20:07+00:00,Fairyland,-37.546758,143.823172,60.0,71.0,"-37.546758, 143.823172"
2021-11-26T22:20:05+00:00,Fairyland,-37.546758,143.823172,66.0,87.0,"-37.546758, 143.823172"
2021-11-27T00:20:06+00:00,Fairyland,-37.546758,143.823172,63.0,75.0,"-37.546758, 143.823172"
2021-11-29T09:04:49+00:00,Fairyland,-37.546758,143.823172,60.0,73.0,"-37.546758, 143.823172"
2021-10-19T14:10:09+00:00,Fairyland,-37.546758,143.823172,70.0,82.0,"-37.546758, 143.823172"
2022-04-13T02:27:08+00:00,Fairyland,-37.546758,143.823172,62.0,74.0,"-37.546758, 143.823172"
2021-12-04T22:48:47+00:00,Fairyland,-37.546758,143.823172,61.0,77.0,"-37.546758, 143.823172"
2022-01-05T06:58:32+00:00,Fairyland,-37.546758,143.823172,61.0,73.0,"-37.546758, 143.823172"
2022-01-05T11:58:33+00:00,Fairyland,-37.546758,143.823172,72.0,83.0,"-37.546758, 143.823172"
2022-01-05T05:58:34+00:00,Fairyland,-37.546758,143.823172,65.0,81.0,"-37.546758, 143.823172"
2022-01-05T12:13:33+00:00,Fairyland,-37.546758,143.823172,68.0,77.0,"-37.546758, 143.823172"
2022-01-10T09:27:42+00:00,Fairyland,-37.546758,143.823172,60.0,71.0,"-37.546758, 143.823172"
2022-05-11T23:07:18+00:00,Fairyland,-37.546758,143.823172,63.0,73.0,"-37.546758, 143.823172"
2022-01-11T01:27:36+00:00,Fairyland,-37.546758,143.823172,60.0,72.0,"-37.546758, 143.823172"
2022-01-12T06:42:24+00:00,Fairyland,-37.546758,143.823172,62.0,85.0,"-37.546758, 143.823172"
2022-01-14T00:57:03+00:00,Fairyland,-37.546758,143.823172,60.0,67.0,"-37.546758, 143.823172"
2022-01-23T07:55:32+00:00,Fairyland,-37.546758,143.823172,63.0,76.0,"-37.546758, 143.823172"
2022-09-29T18:59:19+00:00,Fairyland,-37.546758,143.823172,60.0,73.0,"-37.546758, 143.823172"
2022-02-23T03:20:25+00:00,Fairyland,-37.546758,143.823172,60.0,77.0,"-37.546758, 143.823172"
2022-02-23T09:50:21+00:00,Fairyland,-37.546758,143.823172,60.0,70.0,"-37.546758, 143.823172"
2022-02-23T10:20:19+00:00,Fairyland,-37.546758,143.823172,62.0,77.0,"-37.546758, 143.823172"
2022-02-22T01:50:42+00:00,Fairyland,-37.546758,143.823172,60.0,67.0,"-37.546758, 143.823172"
2022-03-03T22:33:55+00:00,Fairyland,-37.546758,143.823172,63.0,70.0,"-37.546758, 143.823172"
2022-03-03T22:18:55+00:00,Fairyland,-37.546758,143.823172,66.0,72.0,"-37.546758, 143.823172"
2022-03-06T08:03:28+00:00,Fairyland,-37.546758,143.823172,61.0,78.0,"-37.546758, 143.823172"
2022-03-08T23:03:10+00:00,Fairyland,-37.546758,143.823172,65.0,93.0,"-37.546758, 143.823172"
2022-03-09T23:32:55+00:00,Fairyland,-37.546758,143.823172,60.0,67.0,"-37.546758, 143.823172"
2022-03-10T22:32:44+00:00,Fairyland,-37.546758,143.823172,65.0,67.0,"-37.546758, 143.823172"
2022-03-11T09:47:38+00:00,Fairyland,-37.546758,143.823172,60.0,66.0,"-37.546758, 143.823172"
2022-03-11T09:02:40+00:00,Fairyland,-37.546758,143.823172,62.0,68.0,"-37.546758, 143.823172"
2022-03-11T23:17:34+00:00,Fairyland,-37.546758,143.823172,62.0,68.0,"-37.546758, 143.823172"
2022-03-12T03:47:32+00:00,Fairyland,-37.546758,143.823172,60.0,68.0,"-37.546758, 143.823172"
2022-03-12T05:32:31+00:00,Fairyland,-37.546758,143.823172,62.0,67.0,"-37.546758, 143.823172"
2022-03-12T06:17:30+00:00,Fairyland,-37.546758,143.823172,62.0,70.0,"-37.546758, 143.823172"
2022-03-12T09:47:29+00:00,Fairyland,-37.546758,143.823172,61.0,75.0,"-37.546758, 143.823172"
2022-03-13T00:17:23+00:00,Fairyland,-37.546758,143.823172,61.0,69.0,"-37.546758, 143.823172"
2022-03-13T02:17:22+00:00,Fairyland,-37.546758,143.823172,64.0,75.0,"-37.546758, 143.823172"
2022-03-13T02:47:20+00:00,Fairyland,-37.546758,143.823172,64.0,70.0,"-37.546758, 143.823172"
2022-03-13T03:47:20+00:00,Fairyland,-37.546758,143.823172,65.0,72.0,"-37.546758, 143.823172"
2022-03-13T08:32:19+00:00,Fairyland,-37.546758,143.823172,61.0,72.0,"-37.546758, 143.823172"
2022-03-13T03:17:21+00:00,Fairyland,-37.546758,143.823172,65.0,78.0,"-37.546758, 143.823172"
2022-03-13T04:02:20+00:00,Fairyland,-37.546758,143.823172,64.0,71.0,"-37.546758, 143.823172"
2022-03-18T02:01:30+00:00,Fairyland,-37.546758,143.823172,63.0,83.0,"-37.546758, 143.823172"
2022-03-19T04:46:20+00:00,Fairyland,-37.546758,143.823172,72.0,83.0,"-37.546758, 143.823172"
2022-03-31T22:59:11+00:00,Fairyland,-37.546758,143.823172,65.0,85.0,"-37.546758, 143.823172"
2022-03-31T23:44:10+00:00,Fairyland,-37.546758,143.823172,61.0,78.0,"-37.546758, 143.823172"
2022-05-15T23:06:39+00:00,Fairyland,-37.546758,143.823172,64.0,82.0,"-37.546758, 143.823172"
2022-05-16T02:06:43+00:00,Fairyland,-37.546758,143.823172,63.0,70.0,"-37.546758, 143.823172"
2022-06-04T15:03:26+00:00,Fairyland,-37.546758,143.823172,64.0,89.0,"-37.546758, 143.823172"
2022-06-04T16:03:32+00:00,Fairyland,-37.546758,143.823172,60.0,87.0,"-37.546758, 143.823172"
2022-06-09T01:47:44+00:00,Fairyland,-37.546758,143.823172,60.0,68.0,"-37.546758, 143.823172"
2022-08-09T12:52:43+00:00,Fairyland,-37.546758,143.823172,61.0,73.0,"-37.546758, 143.823172"
2022-08-14T20:51:51+00:00,Fairyland,-37.546758,143.823172,62.0,75.0,"-37.546758, 143.823172"
2022-10-12T21:27:08+00:00,Fairyland,-37.546758,143.823172,60.0,67.0,"-37.546758, 143.823172"
2022-10-13T20:27:06+00:00,Fairyland,-37.546758,143.823172,60.0,78.0,"-37.546758, 143.823172"
2022-10-23T12:25:30+00:00,Fairyland,-37.546758,143.823172,61.0,77.0,"-37.546758, 143.823172"
2022-10-23T10:40:22+00:00,Fairyland,-37.546758,143.823172,62.0,81.0,"-37.546758, 143.823172"
2022-10-23T14:55:27+00:00,Fairyland,-37.546758,143.823172,73.0,88.0,"-37.546758, 143.823172"
2023-06-08T14:15:51+00:00,Fairyland,-37.546758,143.823172,60.0,81.0,"-37.546758, 143.823172"
2023-03-21T20:30:29+00:00,Fairyland,-37.546758,143.823172,61.0,65.0,"-37.546758, 143.823172"
2022-08-29T00:49:32+00:00,Fairyland,-37.546758,143.823172,60.0,71.0,"-37.546758, 143.823172"
2022-08-29T11:34:27+00:00,Fairyland,-37.546758,143.823172,60.0,74.0,"-37.546758, 143.823172"
2023-05-07T21:52:38+00:00,Fairyland,-37.546758,143.823172,64.0,81.0,"-37.546758, 143.823172"
2023-04-20T21:40:35+00:00,Fairyland,-37.546758,143.823172,61.0,66.0,"-37.546758, 143.823172"
2023-09-07T17:16:05+00:00,Fairyland,-37.546758,143.823172,60.0,82.0,"-37.546758, 143.823172"
2023-06-07T00:47:39+00:00,Fairyland,-37.546758,143.823172,61.0,72.0,"-37.546758, 143.823172"
2023-06-07T01:02:39+00:00,Fairyland,-37.546758,143.823172,61.0,80.0,"-37.546758, 143.823172"
2020-04-03T02:45:35+00:00,Fairyland,6.0,6.0,61.0,81.0,"6.0, 6.0"
2020-04-04T00:15:24+00:00,Fairyland,6.0,6.0,60.0,76.0,"6.0, 6.0"
2020-04-05T04:00:13+00:00,Fairyland,6.0,6.0,65.0,86.0,"6.0, 6.0"
2020-04-05T04:15:13+00:00,Fairyland,6.0,6.0,63.0,77.0,"6.0, 6.0"
2020-04-05T05:30:12+00:00,Fairyland,6.0,6.0,61.0,82.0,"6.0, 6.0"
2020-04-10T22:44:15+00:00,Fairyland,6.0,6.0,60.0,80.0,"6.0, 6.0"
2020-04-10T23:29:15+00:00,Fairyland,6.0,6.0,61.0,81.0,"6.0, 6.0"
2020-04-11T08:14:12+00:00,Fairyland,6.0,6.0,62.0,76.0,"6.0, 6.0"
2020-04-20T02:57:46+00:00,Fairyland,-37.546758,143.823172,61.0,78.0,"-37.546758, 143.823172"
2020-03-26T11:31:57+00:00,Fairyland,-37.546758,143.823172,62.0,82.0,"-37.546758, 143.823172"
2020-03-24T10:32:16+00:00,Fairyland,-37.546758,143.823172,61.0,80.0,"-37.546758, 143.823172"
2020-03-20T13:47:55+00:00,Fairyland,-37.546758,143.823172,64.0,79.0,"-37.546758, 143.823172"
2020-03-09T16:19:44+00:00,Fairyland,-37.546758,143.823172,62.0,81.0,"-37.546758, 143.823172"
2020-03-04T01:20:40+00:00,Fairyland,-37.546758,143.823172,67.0,81.0,"-37.546758, 143.823172"
2020-04-28T03:26:25+00:00,Fairyland,-37.546758,143.823172,60.0,75.0,"-37.546758, 143.823172"
2020-04-30T04:26:04+00:00,Fairyland,-37.546758,143.823172,77.0,86.0,"-37.546758, 143.823172"
2020-04-30T17:10:59+00:00,Fairyland,-37.546758,143.823172,61.0,82.0,"-37.546758, 143.823172"
2020-04-30T22:55:57+00:00,Fairyland,-37.546758,143.823172,62.0,80.0,"-37.546758, 143.823172"
2020-05-01T04:25:55+00:00,Fairyland,-37.546758,143.823172,71.0,82.0,"-37.546758, 143.823172"
2020-05-01T04:55:54+00:00,Fairyland,-37.546758,143.823172,68.0,87.0,"-37.546758, 143.823172"
2020-05-01T12:40:51+00:00,Fairyland,-37.546758,143.823172,65.0,83.0,"-37.546758, 143.823172"
2020-05-01T14:25:51+00:00,Fairyland,-37.546758,143.823172,61.0,82.0,"-37.546758, 143.823172"
2020-05-01T16:25:50+00:00,Fairyland,-37.546758,143.823172,61.0,78.0,"-37.546758, 143.823172"
2020-05-02T03:25:46+00:00,Fairyland,-37.546758,143.823172,63.0,87.0,"-37.546758, 143.823172"
2020-05-02T04:25:45+00:00,Fairyland,-37.546758,143.823172,60.0,75.0,"-37.546758, 143.823172"
2020-05-03T23:55:27+00:00,Fairyland,-37.546758,143.823172,76.0,84.0,"-37.546758, 143.823172"
2020-06-18T03:18:07+00:00,Fairyland,-37.546758,143.823172,60.0,72.0,"-37.546758, 143.823172"
2020-06-19T02:47:57+00:00,Fairyland,-37.546758,143.823172,65.0,96.0,"-37.546758, 143.823172"
2020-06-19T03:17:57+00:00,Fairyland,-37.546758,143.823172,66.0,84.0,"-37.546758, 143.823172"
2020-06-19T03:32:57+00:00,Fairyland,-37.546758,143.823172,66.0,93.0,"-37.546758, 143.823172"
2021-02-28T09:06:03+00:00,Fairyland,-37.546758,143.823172,66.0,77.0,"-37.546758, 143.823172"
2021-01-28T07:41:15+00:00,Fairyland,-37.546758,143.823172,61.0,77.0,"-37.546758, 143.823172"
2021-01-20T01:57:39+00:00,Fairyland,-37.546758,143.823172,60.0,72.0,"-37.546758, 143.823172"
2021-01-20T08:27:36+00:00,Fairyland,-37.546758,143.823172,61.0,74.0,"-37.546758, 143.823172"
2021-01-26T21:56:31+00:00,Fairyland,-37.546758,143.823172,62.0,86.0,"-37.546758, 143.823172"
2021-01-27T01:41:29+00:00,Fairyland,-37.546758,143.823172,64.0,79.0,"-37.546758, 143.823172"
2021-03-22T02:32:26+00:00,Fairyland,-37.546758,143.823172,64.0,84.0,"-37.546758, 143.823172"
2021-03-21T11:17:32+00:00,Fairyland,-37.546758,143.823172,64.0,84.0,"-37.546758, 143.823172"
2021-02-08T22:09:18+00:00,Fairyland,-37.546758,143.823172,68.0,79.0,"-37.546758, 143.823172"
2021-04-15T03:58:24+00:00,Fairyland,-37.546758,143.823172,61.0,72.0,"-37.546758, 143.823172"
2020-08-27T05:21:50+00:00,Fairyland,-37.546758,143.823172,70.0,93.0,"-37.546758, 143.823172"
2020-09-02T03:20:50+00:00,Fairyland,-37.546758,143.823172,63.0,90.0,"-37.546758, 143.823172"
2020-09-02T04:50:50+00:00,Fairyland,-37.546758,143.823172,61.0,85.0,"-37.546758, 143.823172"
2020-09-02T22:50:42+00:00,Fairyland,-37.546758,143.823172,61.0,74.0,"-37.546758, 143.823172"
2020-09-22T08:17:30+00:00,Fairyland,-37.546758,143.823172,61.0,75.0,"-37.546758, 143.823172"
2020-09-22T01:02:33+00:00,Fairyland,-37.546758,143.823172,63.0,84.0,"-37.546758, 143.823172"
2020-09-20T21:17:44+00:00,Fairyland,-37.546758,143.823172,60.0,80.0,"-37.546758, 143.823172"
2020-08-24T04:07:18+00:00,Fairyland,-37.546758,143.823172,60.0,73.0,"-37.546758, 143.823172"
2020-08-21T22:52:39+00:00,Fairyland,-37.546758,143.823172,67.0,95.0,"-37.546758, 143.823172"
2020-09-07T05:35:00+00:00,Fairyland,-37.546758,143.823172,64.0,94.0,"-37.546758, 143.823172"
2020-09-07T19:49:54+00:00,Fairyland,-37.546758,143.823172,63.0,92.0,"-37.546758, 143.823172"
2020-10-02T05:00:55+00:00,Fairyland,-37.546758,143.823172,62.0,85.0,"-37.546758, 143.823172"
2020-09-07T11:04:58+00:00,Fairyland,-37.546758,143.823172,60.0,79.0,"-37.546758, 143.823172"
2020-09-07T15:04:57+00:00,Fairyland,-37.546758,143.823172,61.0,85.0,"-37.546758, 143.823172"
2020-08-29T01:06:31+00:00,Fairyland,-37.546758,143.823172,61.0,83.0,"-37.546758, 143.823172"
2020-09-30T11:31:11+00:00,Fairyland,-37.546758,143.823172,60.0,74.0,"-37.546758, 143.823172"
2020-09-26T05:46:53+00:00,Fairyland,-37.546758,143.823172,61.0,79.0,"-37.546758, 143.823172"
2020-10-21T08:12:44+00:00,Fairyland,-37.546758,143.823172,63.0,70.0,"-37.546758, 143.823172"
2020-10-26T23:41:49+00:00,Fairyland,-37.546758,143.823172,65.0,79.0,"-37.546758, 143.823172"
2020-10-27T04:11:47+00:00,Fairyland,-37.546758,143.823172,61.0,76.0,"-37.546758, 143.823172"
2020-10-27T10:26:43+00:00,Fairyland,-37.546758,143.823172,60.0,79.0,"-37.546758, 143.823172"
2020-10-27T15:41:41+00:00,Fairyland,-37.546758,143.823172,63.0,75.0,"-37.546758, 143.823172"
2020-10-15T21:13:39+00:00,Fairyland,-37.546758,143.823172,74.0,87.0,"-37.546758, 143.823172"
2020-10-25T18:12:00+00:00,Fairyland,-37.546758,143.823172,60.0,81.0,"-37.546758, 143.823172"
2020-10-25T22:41:59+00:00,Fairyland,-37.546758,143.823172,66.0,89.0,"-37.546758, 143.823172"
2020-10-26T00:56:58+00:00,Fairyland,-37.546758,143.823172,77.0,90.0,"-37.546758, 143.823172"
2020-10-26T13:41:53+00:00,Fairyland,-37.546758,143.823172,68.0,86.0,"-37.546758, 143.823172"
2020-10-26T19:11:51+00:00,Fairyland,-37.546758,143.823172,67.0,81.0,"-37.546758, 143.823172"
2020-10-27T03:26:48+00:00,Fairyland,-37.546758,143.823172,64.0,77.0,"-37.546758, 143.823172"
2020-10-27T06:26:46+00:00,Fairyland,-37.546758,143.823172,63.0,76.0,"-37.546758, 143.823172"
2020-10-27T12:11:43+00:00,Fairyland,-37.546758,143.823172,63.0,73.0,"-37.546758, 143.823172"
2020-10-27T12:56:43+00:00,Fairyland,-37.546758,143.823172,62.0,77.0,"-37.546758, 143.823172"
2020-10-07T20:29:57+00:00,Fairyland,-37.546758,143.823172,64.0,83.0,"-37.546758, 143.823172"
2020-10-10T03:59:35+00:00,Fairyland,-37.546758,143.823172,60.0,70.0,"-37.546758, 143.823172"
2020-10-11T10:14:24+00:00,Fairyland,-37.546758,143.823172,62.0,70.0,"-37.546758, 143.823172"
2020-10-06T06:00:14+00:00,Fairyland,-37.546758,143.823172,60.0,75.0,"-37.546758, 143.823172"
2020-09-25T01:17:04+00:00,Fairyland,-37.546758,143.823172,65.0,84.0,"-37.546758, 143.823172"
2020-11-11T02:09:17+00:00,Fairyland,-37.546758,143.823172,61.0,74.0,"-37.546758, 143.823172"
2020-11-11T03:09:16+00:00,Fairyland,-37.546758,143.823172,64.0,84.0,"-37.546758, 143.823172"
2020-11-15T23:38:28+00:00,Fairyland,-37.546758,143.823172,62.0,81.0,"-37.546758, 143.823172"
2020-11-16T04:23:26+00:00,Fairyland,-37.546758,143.823172,60.0,81.0,"-37.546758, 143.823172"
2020-11-17T11:23:13+00:00,Fairyland,-37.546758,143.823172,60.0,71.0,"-37.546758, 143.823172"
2020-11-20T05:22:47+00:00,Fairyland,-37.546758,143.823172,63.0,78.0,"-37.546758, 143.823172"
2020-11-20T10:37:45+00:00,Fairyland,-37.546758,143.823172,68.0,86.0,"-37.546758, 143.823172"
2020-11-02T21:55:39+00:00,Fairyland,-37.546758,143.823172,67.0,79.0,"-37.546758, 143.823172"
2020-11-03T08:10:34+00:00,Fairyland,-37.546758,143.823172,72.0,74.0,"-37.546758, 143.823172"
2020-11-02T20:40:39+00:00,Fairyland,-37.546758,143.823172,60.0,69.0,"-37.546758, 143.823172"
2020-11-23T00:52:19+00:00,Fairyland,-37.546758,143.823172,62.0,66.0,"-37.546758, 143.823172"
2020-11-28T03:36:28+00:00,Fairyland,-37.546758,143.823172,67.0,79.0,"-37.546758, 143.823172"
2020-11-28T18:21:21+00:00,Fairyland,-37.546758,143.823172,62.0,79.0,"-37.546758, 143.823172"
2020-12-01T02:50:57+00:00,Fairyland,-37.546758,143.823172,62.0,85.0,"-37.546758, 143.823172"
2020-12-05T09:50:14+00:00,Fairyland,-37.546758,143.823172,61.0,86.0,"-37.546758, 143.823172"
2020-12-20T12:32:43+00:00,Fairyland,-37.546758,143.823172,62.0,75.0,"-37.546758, 143.823172"
2020-12-20T15:02:42+00:00,Fairyland,-37.546758,143.823172,65.0,74.0,"-37.546758, 143.823172"
2020-12-25T11:31:54+00:00,Fairyland,-37.546758,143.823172,60.0,70.0,"-37.546758, 143.823172"
2020-12-27T01:31:37+00:00,Fairyland,-37.546758,143.823172,60.0,75.0,"-37.546758, 143.823172"
2020-12-29T21:31:09+00:00,Fairyland,-37.546758,143.823172,62.0,81.0,"-37.546758, 143.823172"
2021-01-02T08:00:35+00:00,Fairyland,-37.546758,143.823172,67.0,85.0,"-37.546758, 143.823172"
2020-06-29T22:16:12+00:00,Fairyland,-37.546758,143.823172,60.0,79.0,"-37.546758, 143.823172"
2020-06-30T21:46:02+00:00,Fairyland,-37.546758,143.823172,62.0,68.0,"-37.546758, 143.823172"
2020-07-01T10:30:57+00:00,Fairyland,-37.546758,143.823172,62.0,89.0,"-37.546758, 143.823172"
2021-05-25T23:21:43+00:00,Fairyland,-37.546758,143.823172,60.0,76.0,"-37.546758, 143.823172"
2021-05-28T23:51:11+00:00,Fairyland,-37.546758,143.823172,62.0,77.0,"-37.546758, 143.823172"
2021-05-11T22:23:59+00:00,Fairyland,-37.546758,143.823172,68.0,77.0,"-37.546758, 143.823172"
2021-05-11T08:54:05+00:00,Fairyland,-37.546758,143.823172,64.0,77.0,"-37.546758, 143.823172"
2021-01-15T04:13:27+00:00,Fairyland,-37.546758,143.823172,61.0,82.0,"-37.546758, 143.823172"
2023-12-11T05:00:08+00:00,Fairyland,-37.546758,143.823172,64.0,74.0,"-37.546758, 143.823172"
2021-07-20T02:42:43+00:00,Fairyland,-37.546758,143.823172,62.0,81.0,"-37.546758, 143.823172"
2021-07-28T03:41:26+00:00,Fairyland,-37.546758,143.823172,60.0,77.0,"-37.546758, 143.823172"
2021-08-03T10:40:26+00:00,Fairyland,-37.546758,143.823172,60.0,79.0,"-37.546758, 143.823172"
2021-09-03T06:50:24+00:00,Fairyland,-37.546758,143.823172,63.0,81.0,"-37.546758, 143.823172"
2021-10-28T16:38:38+00:00,Fairyland,-37.546758,143.823172,63.0,99.0,"-37.546758, 143.823172"
2021-10-28T19:08:37+00:00,Fairyland,-37.546758,143.823172,69.0,95.0,"-37.546758, 143.823172"
2021-11-14T09:52:10+00:00,Fairyland,-37.546758,143.823172,61.0,84.0,"-37.546758, 143.823172"
2021-11-14T11:37:09+00:00,Fairyland,-37.546758,143.823172,61.0,78.0,"-37.546758, 143.823172"
2021-11-26T10:50:10+00:00,Fairyland,-37.546758,143.823172,60.0,77.0,"-37.546758, 143.823172"
2021-11-27T13:20:01+00:00,Fairyland,-37.546758,143.823172,66.0,82.0,"-37.546758, 143.823172"
2021-11-27T14:35:00+00:00,Fairyland,-37.546758,143.823172,60.0,74.0,"-37.546758, 143.823172"
2021-11-29T11:34:42+00:00,Fairyland,-37.546758,143.823172,60.0,67.0,"-37.546758, 143.823172"
2021-11-18T00:21:41+00:00,Fairyland,-37.546758,143.823172,60.0,67.0,"-37.546758, 143.823172"
2022-03-11T23:47:32+00:00,Fairyland,-37.546758,143.823172,61.0,67.0,"-37.546758, 143.823172"
2022-03-13T10:02:17+00:00,Fairyland,-37.546758,143.823172,62.0,67.0,"-37.546758, 143.823172"
2022-03-13T08:17:18+00:00,Fairyland,-37.546758,143.823172,61.0,68.0,"-37.546758, 143.823172"
2022-01-18T20:56:16+00:00,Fairyland,-37.546758,143.823172,67.0,83.0,"-37.546758, 143.823172"
2022-01-19T06:56:12+00:00,Fairyland,-37.546758,143.823172,67.0,81.0,"-37.546758, 143.823172"
2022-01-19T15:26:07+00:00,Fairyland,-37.546758,143.823172,60.0,72.0,"-37.546758, 143.823172"
2022-04-05T17:58:22+00:00,Fairyland,-37.546758,143.823172,61.0,73.0,"-37.546758, 143.823172"
2024-04-01T17:41:15+00:00,Fairyland,-37.546758,143.823172,66.0,84.0,"-37.546758, 143.823172"
2022-04-01T01:59:11+00:00,Fairyland,-37.546758,143.823172,66.0,85.0,"-37.546758, 143.823172"
2022-04-04T04:28:38+00:00,Fairyland,-37.546758,143.823172,61.0,76.0,"-37.546758, 143.823172"
2020-04-02T05:15:49+00:00,Fairyland,-37.546758,143.823172,63.0,77.0,"-37.546758, 143.823172"
2020-04-02T02:15:49+00:00,Fairyland,-37.546758,143.823172,60.0,77.0,"-37.546758, 143.823172"
2020-03-26T10:16:57+00:00,Fairyland,-37.546758,143.823172,60.0,75.0,"-37.546758, 143.823172"
2020-03-25T11:02:06+00:00,Fairyland,-37.546758,143.823172,60.0,91.0,"-37.546758, 143.823172"
2020-03-23T14:17:25+00:00,Fairyland,-37.546758,143.823172,60.0,70.0,"-37.546758, 143.823172"
2020-03-20T14:32:56+00:00,Fairyland,-37.546758,143.823172,62.0,78.0,"-37.546758, 143.823172"
2020-03-20T04:17:59+00:00,Fairyland,-37.546758,143.823172,65.0,76.0,"-37.546758, 143.823172"
2020-03-16T05:18:39+00:00,Fairyland,-37.546758,143.823172,65.0,86.0,"-37.546758, 143.823172"
2020-03-13T09:04:08+00:00,Fairyland,-37.546758,143.823172,61.0,72.0,"-37.546758, 143.823172"
2020-03-12T18:19:14+00:00,Fairyland,-37.546758,143.823172,60.0,78.0,"-37.546758, 143.823172"
2020-03-10T09:04:39+00:00,Fairyland,-37.546758,143.823172,62.0,75.0,"-37.546758, 143.823172"
2020-03-08T11:19:56+00:00,Fairyland,-37.546758,143.823172,61.0,78.0,"-37.546758, 143.823172"
2020-03-04T01:05:41+00:00,Fairyland,-37.546758,143.823172,69.0,83.0,"-37.546758, 143.823172"
2020-03-03T19:20:42+00:00,Fairyland,-37.546758,143.823172,64.0,76.0,"-37.546758, 143.823172"
2020-02-22T20:07:23+00:00,Fairyland,-37.546758,143.823172,60.0,72.0,"-37.546758, 143.823172"
2020-02-22T17:37:24+00:00,Fairyland,-37.546758,143.823172,60.0,89.0,"-37.546758, 143.823172"
2020-02-22T11:07:26+00:00,Fairyland,-37.546758,143.823172,66.0,78.0,"-37.546758, 143.823172"
2020-02-17T02:53:20+00:00,Fairyland,-37.546758,143.823172,61.0,73.0,"-37.546758, 143.823172"
2020-02-16T18:53:23+00:00,Fairyland,-37.546758,143.823172,62.0,78.0,"-37.546758, 143.823172"
2020-02-16T13:23:25+00:00,Fairyland,-37.546758,143.823172,67.0,82.0,"-37.546758, 143.823172"
2020-02-15T19:08:32+00:00,Fairyland,-37.546758,143.823172,62.0,71.0,"-37.546758, 143.823172"
2020-02-15T15:23:35+00:00,Fairyland,-37.546758,143.823172,60.0,69.0,"-37.546758, 143.823172"
2020-02-14T13:38:47+00:00,Fairyland,-37.546758,143.823172,64.0,83.0,"-37.546758, 143.823172"
2020-02-13T22:23:53+00:00,Fairyland,-37.546758,143.823172,63.0,76.0,"-37.546758, 143.823172"
2020-02-13T07:38:57+00:00,Fairyland,-37.546758,143.823172,66.0,77.0,"-37.546758, 143.823172"
2020-02-10T11:54:26+00:00,Fairyland,-37.546758,143.823172,66.0,82.0,"-37.546758, 143.823172"
2020-02-10T06:39:28+00:00,Fairyland,-37.546758,143.823172,62.0,75.0,"-37.546758, 143.823172"
2020-02-10T05:54:29+00:00,Fairyland,-37.546758,143.823172,61.0,72.0,"-37.546758, 143.823172"
2020-02-09T21:54:33+00:00,Fairyland,-37.546758,143.823172,71.0,83.0,"-37.546758, 143.823172"
2020-02-09T07:54:39+00:00,Fairyland,-37.546758,143.823172,60.0,79.0,"-37.546758, 143.823172"
2020-02-09T02:39:40+00:00,Fairyland,-37.546758,143.823172,64.0,79.0,"-37.546758, 143.823172"
2020-02-09T00:54:41+00:00,Fairyland,-37.546758,143.823172,62.0,83.0,"-37.546758, 143.823172"
2020-02-08T18:24:44+00:00,Fairyland,-37.546758,143.823172,77.0,89.0,"-37.546758, 143.823172"
2020-02-06T06:55:09+00:00,Fairyland,-37.546758,143.823172,60.0,74.0,"-37.546758, 143.823172"
2020-02-05T23:25:11+00:00,Fairyland,-37.546758,143.823172,64.0,87.0,"-37.546758, 143.823172"
2020-02-05T18:40:14+00:00,Fairyland,-37.546758,143.823172,67.0,80.0,"-37.546758, 143.823172"
2020-02-05T14:40:15+00:00,Fairyland,-37.546758,143.823172,62.0,72.0,"-37.546758, 143.823172"
2020-02-05T10:40:17+00:00,Fairyland,-37.546758,143.823172,60.0,74.0,"-37.546758, 143.823172"
2020-02-05T09:55:18+00:00,Fairyland,-37.546758,143.823172,62.0,75.0,"-37.546758, 143.823172"
2020-02-05T09:10:18+00:00,Fairyland,-37.546758,143.823172,68.0,80.0,"-37.546758, 143.823172"
2020-02-05T07:25:18+00:00,Fairyland,-37.546758,143.823172,65.0,80.0,"-37.546758, 143.823172"
2020-02-03T08:40:38+00:00,Fairyland,-37.546758,143.823172,61.0,71.0,"-37.546758, 143.823172"
2020-02-02T16:55:44+00:00,Fairyland,-37.546758,143.823172,62.0,82.0,"-37.546758, 143.823172"
2020-02-02T13:10:48+00:00,Fairyland,-37.546758,143.823172,61.0,83.0,"-37.546758, 143.823172"
2020-02-02T11:55:48+00:00,Fairyland,-37.546758,143.823172,61.0,80.0,"-37.546758, 143.823172"
2020-01-31T19:41:04+00:00,Fairyland,-37.546758,143.823172,61.0,76.0,"-37.546758, 143.823172"
2020-01-24T13:57:15+00:00,Fairyland,-37.546758,143.823172,61.0,76.0,"-37.546758, 143.823172"
2020-01-23T19:12:24+00:00,Fairyland,-37.546758,143.823172,62.0,83.0,"-37.546758, 143.823172"
2020-01-22T16:12:35+00:00,Fairyland,-37.546758,143.823172,64.0,86.0,"-37.546758, 143.823172"
2020-01-22T12:42:36+00:00,Fairyland,-37.546758,143.823172,63.0,96.0,"-37.546758, 143.823172"
2020-01-21T07:42:47+00:00,Fairyland,-37.546758,143.823172,61.0,64.0,"-37.546758, 143.823172"
2020-01-14T22:13:52+00:00,Fairyland,-37.546758,143.823172,70.0,80.0,"-37.546758, 143.823172"
2020-01-14T20:28:52+00:00,Fairyland,-37.546758,143.823172,72.0,84.0,"-37.546758, 143.823172"
2020-01-13T03:29:10+00:00,Fairyland,-37.546758,143.823172,63.0,77.0,"-37.546758, 143.823172"
2020-01-13T01:14:11+00:00,Fairyland,-37.546758,143.823172,70.0,89.0,"-37.546758, 143.823172"
2020-01-12T19:59:14+00:00,Fairyland,-37.546758,143.823172,63.0,80.0,"-37.546758, 143.823172"
2020-01-12T16:14:15+00:00,Fairyland,-37.546758,143.823172,63.0,73.0,"-37.546758, 143.823172"
2020-01-12T14:59:15+00:00,Fairyland,-37.546758,143.823172,64.0,76.0,"-37.546758, 143.823172"
2020-01-10T16:29:33+00:00,Fairyland,-37.546758,143.823172,60.0,72.0,"-37.546758, 143.823172"
2020-01-09T02:44:50+00:00,Fairyland,-37.546758,143.823172,60.0,83.0,"-37.546758, 143.823172"
2020-01-09T01:29:51+00:00,Fairyland,-37.546758,143.823172,60.0,81.0,"-37.546758, 143.823172"
2020-01-08T12:29:55+00:00,Fairyland,-37.546758,143.823172,60.0,79.0,"-37.546758, 143.823172"
2020-01-08T08:44:57+00:00,Fairyland,-37.546758,143.823172,68.0,89.0,"-37.546758, 143.823172"
2020-01-07T19:00:03+00:00,Fairyland,-37.546758,143.823172,64.0,81.0,"-37.546758, 143.823172"
2020-05-25T01:22:03+00:00,Fairyland,-37.546758,143.823172,79.0,91.0,"-37.546758, 143.823172"
2020-05-25T04:37:01+00:00,Fairyland,-37.546758,143.823172,61.0,79.0,"-37.546758, 143.823172"
2020-05-25T05:07:01+00:00,Fairyland,-37.546758,143.823172,64.0,75.0,"-37.546758, 143.823172"
2020-05-26T04:51:51+00:00,Fairyland,-37.546758,143.823172,60.0,76.0,"-37.546758, 143.823172"
2020-05-28T04:06:31+00:00,Fairyland,-37.546758,143.823172,66.0,88.0,"-37.546758, 143.823172"
2020-05-28T04:21:30+00:00,Fairyland,-37.546758,143.823172,70.0,92.0,"-37.546758, 143.823172"
2020-05-28T04:51:31+00:00,Fairyland,-37.546758,143.823172,62.0,74.0,"-37.546758, 143.823172"
2020-05-29T05:06:22+00:00,Fairyland,-37.546758,143.823172,61.0,83.0,"-37.546758, 143.823172"
2020-05-29T18:36:16+00:00,Fairyland,-37.546758,143.823172,61.0,96.0,"-37.546758, 143.823172"
2020-05-29T21:21:15+00:00,Fairyland,-37.546758,143.823172,60.0,85.0,"-37.546758, 143.823172"
2020-05-30T03:06:13+00:00,Fairyland,-37.546758,143.823172,62.0,81.0,"-37.546758, 143.823172"
2020-05-30T03:21:13+00:00,Fairyland,-37.546758,143.823172,65.0,100.0,"-37.546758, 143.823172"
2020-05-30T07:21:10+00:00,Fairyland,-37.546758,143.823172,62.0,84.0,"-37.546758, 143.823172"
2020-05-31T20:05:54+00:00,Fairyland,-37.546758,143.823172,60.0,76.0,"-37.546758, 143.823172"
2020-06-01T01:05:53+00:00,Fairyland,-37.546758,143.823172,67.0,87.0,"-37.546758, 143.823172"
2020-06-01T01:50:52+00:00,Fairyland,-37.546758,143.823172,65.0,92.0,"-37.546758, 143.823172"
2021-02-28T03:06:06+00:00,Fairyland,-37.546758,143.823172,62.0,73.0,"-37.546758, 143.823172"
2021-01-28T03:11:17+00:00,Fairyland,-37.546758,143.823172,61.0,83.0,"-37.546758, 143.823172"
2021-01-10T08:29:16+00:00,Fairyland,-37.546758,143.823172,62.0,71.0,"-37.546758, 143.823172"
2024-04-17T21:23:32+00:00,Fairyland,-37.546758,143.823172,65.0,69.0,"-37.546758, 143.823172"
2021-01-24T22:11:49+00:00,Fairyland,-37.546758,143.823172,60.0,79.0,"-37.546758, 143.823172"
2021-01-27T00:41:30+00:00,Fairyland,-37.546758,143.823172,62.0,75.0,"-37.546758, 143.823172"
2021-01-27T14:56:24+00:00,Fairyland,-37.546758,143.823172,60.0,76.0,"-37.546758, 143.823172"
2021-02-04T17:25:00+00:00,Fairyland,-37.546758,143.823172,60.0,78.0,"-37.546758, 143.823172"
2021-01-28T06:56:16+00:00,Fairyland,-37.546758,143.823172,60.0,76.0,"-37.546758, 143.823172"
2021-01-15T01:58:27+00:00,Fairyland,-37.546758,143.823172,64.0,80.0,"-37.546758, 143.823172"
2021-02-20T06:22:24+00:00,Fairyland,-37.546758,143.823172,61.0,77.0,"-37.546758, 143.823172"
2021-02-19T06:37:34+00:00,Fairyland,-37.546758,143.823172,60.0,71.0,"-37.546758, 143.823172"
2021-03-21T21:32:27+00:00,Fairyland,-37.546758,143.823172,61.0,87.0,"-37.546758, 143.823172"
2021-03-22T00:47:26+00:00,Fairyland,-37.546758,143.823172,60.0,70.0,"-37.546758, 143.823172"
2021-03-22T02:17:26+00:00,Fairyland,-37.546758,143.823172,60.0,79.0,"-37.546758, 143.823172"
2020-11-16T00:53:27+00:00,Fairyland,-37.546758,143.823172,64.0,80.0,"-37.546758, 143.823172"
2020-11-16T01:38:27+00:00,Fairyland,-37.546758,143.823172,61.0,81.0,"-37.546758, 143.823172"
2020-11-20T04:52:47+00:00,Fairyland,-37.546758,143.823172,62.0,77.0,"-37.546758, 143.823172"
2020-11-20T06:22:46+00:00,Fairyland,-37.546758,143.823172,61.0,74.0,"-37.546758, 143.823172"
2020-11-20T16:37:42+00:00,Fairyland,-37.546758,143.823172,62.0,76.0,"-37.546758, 143.823172"
2020-11-03T07:10:35+00:00,Fairyland,-37.546758,143.823172,65.0,74.0,"-37.546758, 143.823172"
2020-10-30T02:56:16+00:00,Fairyland,-37.546758,143.823172,60.0,70.0,"-37.546758, 143.823172"
2020-11-01T20:40:49+00:00,Fairyland,-37.546758,143.823172,63.0,72.0,"-37.546758, 143.823172"
2020-11-28T04:21:27+00:00,Fairyland,-37.546758,143.823172,66.0,79.0,"-37.546758, 143.823172"
2020-11-28T06:06:27+00:00,Fairyland,-37.546758,143.823172,62.0,80.0,"-37.546758, 143.823172"
2020-12-05T09:05:14+00:00,Fairyland,-37.546758,143.823172,66.0,86.0,"-37.546758, 143.823172"
2020-12-05T23:05:08+00:00,Fairyland,-37.546758,143.823172,63.0,85.0,"-37.546758, 143.823172"
2020-12-06T04:20:07+00:00,Fairyland,-37.546758,143.823172,60.0,79.0,"-37.546758, 143.823172"
2020-12-06T21:20:00+00:00,Fairyland,-37.546758,143.823172,62.0,76.0,"-37.546758, 143.823172"
2020-12-11T07:04:15+00:00,Fairyland,-37.546758,143.823172,65.0,77.0,"-37.546758, 143.823172"
2020-12-11T12:49:12+00:00,Fairyland,-37.546758,143.823172,61.0,73.0,"-37.546758, 143.823172"
2020-12-11T13:49:12+00:00,Fairyland,-37.546758,143.823172,63.0,76.0,"-37.546758, 143.823172"
2020-12-15T20:03:31+00:00,Fairyland,-37.546758,143.823172,60.0,71.0,"-37.546758, 143.823172"
2020-12-16T10:33:25+00:00,Fairyland,-37.546758,143.823172,66.0,79.0,"-37.546758, 143.823172"
2020-12-16T12:18:24+00:00,Fairyland,-37.546758,143.823172,73.0,86.0,"-37.546758, 143.823172"
2020-07-02T01:30:51+00:00,Fairyland,-37.546758,143.823172,62.0,80.0,"-37.546758, 143.823172"
2020-07-02T03:45:50+00:00,Fairyland,-37.546758,143.823172,60.0,77.0,"-37.546758, 143.823172"
2020-07-02T04:30:50+00:00,Fairyland,-37.546758,143.823172,60.0,73.0,"-37.546758, 143.823172"
2020-07-28T22:11:32+00:00,Fairyland,-37.546758,143.823172,61.0,67.0,"-37.546758, 143.823172"
2020-08-04T02:55:32+00:00,Fairyland,-37.546758,143.823172,68.0,90.0,"-37.546758, 143.823172"
2020-08-04T09:55:29+00:00,Fairyland,-37.546758,143.823172,60.0,77.0,"-37.546758, 143.823172"
2020-08-06T23:25:05+00:00,Fairyland,-37.546758,143.823172,64.0,75.0,"-37.546758, 143.823172"
2020-08-07T03:25:03+00:00,Fairyland,-37.546758,143.823172,77.0,86.0,"-37.546758, 143.823172"
2020-08-07T10:55:00+00:00,Fairyland,-37.546758,143.823172,74.0,87.0,"-37.546758, 143.823172"
2020-08-07T16:09:58+00:00,Fairyland,-37.546758,143.823172,75.0,88.0,"-37.546758, 143.823172"
2020-08-07T21:39:56+00:00,Fairyland,-37.546758,143.823172,70.0,80.0,"-37.546758, 143.823172"
2020-08-08T11:09:50+00:00,Fairyland,-37.546758,143.823172,60.0,75.0,"-37.546758, 143.823172"
2020-08-08T12:54:50+00:00,Fairyland,-37.546758,143.823172,66.0,77.0,"-37.546758, 143.823172"
2020-08-08T15:54:49+00:00,Fairyland,-37.546758,143.823172,62.0,75.0,"-37.546758, 143.823172"
2020-08-08T18:09:48+00:00,Fairyland,-37.546758,143.823172,76.0,93.0,"-37.546758, 143.823172"
2020-08-08T19:09:47+00:00,Fairyland,-37.546758,143.823172,79.0,89.0,"-37.546758, 143.823172"
2020-08-08T19:54:47+00:00,Fairyland,-37.546758,143.823172,73.0,83.0,"-37.546758, 143.823172"
2020-08-08T20:09:47+00:00,Fairyland,-37.546758,143.823172,67.0,77.0,"-37.546758, 143.823172"
2020-08-09T01:24:45+00:00,Fairyland,-37.546758,143.823172,66.0,88.0,"-37.546758, 143.823172"
2020-08-09T06:54:43+00:00,Fairyland,-37.546758,143.823172,63.0,78.0,"-37.546758, 143.823172"
2020-08-09T09:39:41+00:00,Fairyland,-37.546758,143.823172,63.0,82.0,"-37.546758, 143.823172"
2020-07-18T02:13:17+00:00,Fairyland,-37.546758,143.823172,61.0,87.0,"-37.546758, 143.823172"
2020-07-18T03:28:16+00:00,Fairyland,-37.546758,143.823172,64.0,86.0,"-37.546758, 143.823172"
2020-07-18T05:28:16+00:00,Fairyland,-37.546758,143.823172,62.0,85.0,"-37.546758, 143.823172"
2020-07-19T05:43:06+00:00,Fairyland,-37.546758,143.823172,61.0,79.0,"-37.546758, 143.823172"
2020-07-19T08:58:05+00:00,Fairyland,-37.546758,143.823172,63.0,81.0,"-37.546758, 143.823172"
2020-07-19T11:58:03+00:00,Fairyland,-37.546758,143.823172,66.0,86.0,"-37.546758, 143.823172"
2020-07-20T02:12:58+00:00,Fairyland,-37.546758,143.823172,60.0,74.0,"-37.546758, 143.823172"
2020-07-20T03:57:57+00:00,Fairyland,-37.546758,143.823172,62.0,81.0,"-37.546758, 143.823172"
2020-07-23T22:57:20+00:00,Fairyland,-37.546758,143.823172,62.0,68.0,"-37.546758, 143.823172"
2020-07-25T17:57:03+00:00,Fairyland,-37.546758,143.823172,60.0,70.0,"-37.546758, 143.823172"
2020-07-01T13:45:56+00:00,Fairyland,-37.546758,143.823172,63.0,80.0,"-37.546758, 143.823172"
2020-07-14T04:58:54+00:00,Fairyland,-37.546758,143.823172,73.0,85.0,"-37.546758, 143.823172"
2020-07-14T14:58:51+00:00,Fairyland,-37.546758,143.823172,74.0,92.0,"-37.546758, 143.823172"
2020-07-14T23:43:47+00:00,Fairyland,-37.546758,143.823172,73.0,82.0,"-37.546758, 143.823172"
2020-07-12T23:29:07+00:00,Fairyland,-37.546758,143.823172,62.0,74.0,"-37.546758, 143.823172"
2020-07-13T22:43:57+00:00,Fairyland,-37.546758,143.823172,63.0,74.0,"-37.546758, 143.823172"
2020-07-14T18:13:49+00:00,Fairyland,-37.546758,143.823172,81.0,93.0,"-37.546758, 143.823172"
2020-07-14T21:28:48+00:00,Fairyland,-37.546758,143.823172,75.0,85.0,"-37.546758, 143.823172"
2020-08-09T13:09:40+00:00,Fairyland,-37.546758,143.823172,70.0,83.0,"-37.546758, 143.823172"
2020-08-09T15:24:39+00:00,Fairyland,-37.546758,143.823172,61.0,76.0,"-37.546758, 143.823172"
2020-08-09T16:24:39+00:00,Fairyland,-37.546758,143.823172,62.0,74.0,"-37.546758, 143.823172"
2020-08-09T17:09:38+00:00,Fairyland,-37.546758,143.823172,65.0,76.0,"-37.546758, 143.823172"
2020-08-19T15:23:01+00:00,Fairyland,-37.546758,143.823172,66.0,85.0,"-37.546758, 143.823172"
2020-08-19T18:23:00+00:00,Fairyland,-37.546758,143.823172,61.0,85.0,"-37.546758, 143.823172"
2020-08-19T22:22:58+00:00,Fairyland,-37.546758,143.823172,61.0,76.0,"-37.546758, 143.823172"
2020-08-19T22:52:58+00:00,Fairyland,-37.546758,143.823172,62.0,85.0,"-37.546758, 143.823172"
2020-08-20T04:52:56+00:00,Fairyland,-37.546758,143.823172,64.0,85.0,"-37.546758, 143.823172"
2020-08-20T22:52:48+00:00,Fairyland,-37.546758,143.823172,61.0,81.0,"-37.546758, 143.823172"
2020-08-21T00:37:48+00:00,Fairyland,-37.546758,143.823172,63.0,81.0,"-37.546758, 143.823172"
2020-08-21T04:52:46+00:00,Fairyland,-37.546758,143.823172,64.0,81.0,"-37.546758, 143.823172"
2021-01-15T00:43:27+00:00,Fairyland,-37.546758,143.823172,60.0,76.0,"-37.546758, 143.823172"
2021-01-15T00:28:28+00:00,Fairyland,-37.546758,143.823172,61.0,83.0,"-37.546758, 143.823172"
2021-07-02T06:45:36+00:00,Fairyland,-37.546758,143.823172,62.0,78.0,"-37.546758, 143.823172"
2021-11-11T03:07:45+00:00,Fairyland,-37.546758,143.823172,61.0,80.0,"-37.546758, 143.823172"
2021-11-14T01:37:16+00:00,Fairyland,-37.546758,143.823172,62.0,83.0,"-37.546758, 143.823172"
2021-11-14T04:37:12+00:00,Fairyland,-37.546758,143.823172,62.0,83.0,"-37.546758, 143.823172"
2021-10-11T19:04:52+00:00,Fairyland,-37.546758,143.823172,61.0,72.0,"-37.546758, 143.823172"
2021-09-20T05:32:35+00:00,Fairyland,-37.546758,143.823172,63.0,83.0,"-37.546758, 143.823172"
2021-11-04T17:53:46+00:00,Fairyland,-37.546758,143.823172,66.0,78.0,"-37.546758, 143.823172"
2021-11-04T16:08:47+00:00,Fairyland,-37.546758,143.823172,65.0,77.0,"-37.546758, 143.823172"
2021-12-03T21:33:55+00:00,Fairyland,-37.546758,143.823172,60.0,70.0,"-37.546758, 143.823172"
2022-01-03T02:28:54+00:00,Fairyland,-37.546758,143.823172,60.0,75.0,"-37.546758, 143.823172"
2022-01-03T21:58:47+00:00,Fairyland,-37.546758,143.823172,61.0,65.0,"-37.546758, 143.823172"
2022-01-09T09:12:54+00:00,Fairyland,-37.546758,143.823172,69.0,77.0,"-37.546758, 143.823172"
2022-03-06T21:18:23+00:00,Fairyland,-37.546758,143.823172,64.0,78.0,"-37.546758, 143.823172"
2022-03-06T23:03:22+00:00,Fairyland,-37.546758,143.823172,63.0,75.0,"-37.546758, 143.823172"
2022-02-24T03:35:12+00:00,Fairyland,-37.546758,143.823172,60.0,70.0,"-37.546758, 143.823172"
2022-02-25T14:05:00+00:00,Fairyland,-37.546758,143.823172,64.0,80.0,"-37.546758, 143.823172"
2022-02-08T22:52:43+00:00,Fairyland,-37.546758,143.823172,61.0,68.0,"-37.546758, 143.823172"
2022-02-11T19:37:15+00:00,Fairyland,-37.546758,143.823172,64.0,84.0,"-37.546758, 143.823172"
2022-02-12T10:22:11+00:00,Fairyland,-37.546758,143.823172,60.0,70.0,"-37.546758, 143.823172"
2022-02-13T01:37:11+00:00,Fairyland,-37.546758,143.823172,60.0,80.0,"-37.546758, 143.823172"
2022-02-04T00:08:34+00:00,Fairyland,-37.546758,143.823172,62.0,76.0,"-37.546758, 143.823172"
2022-02-04T03:23:32+00:00,Fairyland,-37.546758,143.823172,60.0,73.0,"-37.546758, 143.823172"
2022-02-06T07:38:10+00:00,Fairyland,-37.546758,143.823172,60.0,74.0,"-37.546758, 143.823172"
2022-02-06T08:23:10+00:00,Fairyland,-37.546758,143.823172,63.0,81.0,"-37.546758, 143.823172"
2022-01-30T05:09:23+00:00,Fairyland,-37.546758,143.823172,61.0,68.0,"-37.546758, 143.823172"
2022-01-30T06:39:23+00:00,Fairyland,-37.546758,143.823172,60.0,70.0,"-37.546758, 143.823172"
2022-01-30T08:09:22+00:00,Fairyland,-37.546758,143.823172,68.0,76.0,"-37.546758, 143.823172"
2022-01-23T10:10:29+00:00,Fairyland,-37.546758,143.823172,60.0,70.0,"-37.546758, 143.823172"
2022-01-25T09:55:10+00:00,Fairyland,-37.546758,143.823172,60.0,74.0,"-37.546758, 143.823172"
2022-03-14T01:02:13+00:00,Fairyland,-37.546758,143.823172,63.0,72.0,"-37.546758, 143.823172"
2022-03-14T01:32:13+00:00,Fairyland,-37.546758,143.823172,61.0,74.0,"-37.546758, 143.823172"
2022-03-14T04:17:10+00:00,Fairyland,-37.546758,143.823172,63.0,78.0,"-37.546758, 143.823172"
2022-03-19T02:16:22+00:00,Fairyland,-37.546758,143.823172,66.0,89.0,"-37.546758, 143.823172"
2022-03-19T10:01:16+00:00,Fairyland,-37.546758,143.823172,77.0,91.0,"-37.546758, 143.823172"
2022-03-18T20:31:22+00:00,Fairyland,-37.546758,143.823172,63.0,71.0,"-37.546758, 143.823172"
2022-03-18T17:16:23+00:00,Fairyland,-37.546758,143.823172,64.0,83.0,"-37.546758, 143.823172"
2022-03-18T21:01:22+00:00,Fairyland,-37.546758,143.823172,60.0,71.0,"-37.546758, 143.823172"
2022-03-19T09:16:17+00:00,Fairyland,-37.546758,143.823172,65.0,81.0,"-37.546758, 143.823172"
2022-01-19T01:11:13+00:00,Fairyland,-37.546758,143.823172,67.0,84.0,"-37.546758, 143.823172"
2022-01-19T11:41:11+00:00,Fairyland,-37.546758,143.823172,67.0,87.0,"-37.546758, 143.823172"
2022-01-19T00:56:13+00:00,Fairyland,-37.546758,143.823172,65.0,83.0,"-37.546758, 143.823172"
2022-01-19T04:56:13+00:00,Fairyland,-37.546758,143.823172,71.0,95.0,"-37.546758, 143.823172"
2022-01-19T06:26:11+00:00,Fairyland,-37.546758,143.823172,65.0,89.0,"-37.546758, 143.823172"
2022-01-19T08:26:12+00:00,Fairyland,-37.546758,143.823172,65.0,80.0,"-37.546758, 143.823172"
2022-01-12T21:27:15+00:00,Fairyland,-37.546758,143.823172,62.0,81.0,"-37.546758, 143.823172"
2022-01-13T00:12:17+00:00,Fairyland,-37.546758,143.823172,60.0,80.0,"-37.546758, 143.823172"
2022-03-30T21:44:23+00:00,Fairyland,-37.546758,143.823172,63.0,66.0,"-37.546758, 143.823172"
2022-04-28T21:39:28+00:00,Fairyland,-37.546758,143.823172,61.0,71.0,"-37.546758, 143.823172"
2022-04-13T01:12:08+00:00,Fairyland,-37.546758,143.823172,65.0,81.0,"-37.546758, 143.823172"
2022-04-13T03:12:10+00:00,Fairyland,-37.546758,143.823172,61.0,68.0,"-37.546758, 143.823172"
2024-05-30T06:16:31+00:00,Fairyland,-37.546758,143.823172,60.0,76.0,"-37.546758, 143.823172"
2022-10-23T17:55:19+00:00,Fairyland,-37.546758,143.823172,63.0,79.0,"-37.546758, 143.823172"
2022-11-19T08:35:56+00:00,Fairyland,-37.546758,143.823172,61.0,75.0,"-37.546758, 143.823172"
2022-10-23T15:55:20+00:00,Fairyland,-37.546758,143.823172,68.0,79.0,"-37.546758, 143.823172"
2022-10-23T11:25:28+00:00,Fairyland,-37.546758,143.823172,65.0,79.0,"-37.546758, 143.823172"
2022-10-23T11:40:22+00:00,Fairyland,-37.546758,143.823172,64.0,80.0,"-37.546758, 143.823172"
2022-11-28T21:04:21+00:00,Fairyland,-37.546758,143.823172,60.0,75.0,"-37.546758, 143.823172"
2022-07-31T22:09:07+00:00,Fairyland,-37.546758,143.823172,70.0,86.0,"-37.546758, 143.823172"
2022-05-26T23:19:50+00:00,Fairyland,-37.546758,143.823172,61.0,74.0,"-37.546758, 143.823172"
2022-07-07T23:28:01+00:00,Fairyland,-37.546758,143.823172,66.0,70.0,"-37.546758, 143.823172"
2022-10-23T16:40:20+00:00,Fairyland,-37.546758,143.823172,68.0,81.0,"-37.546758, 143.823172"
2022-10-23T19:55:25+00:00,Fairyland,-37.546758,143.823172,63.0,74.0,"-37.546758, 143.823172"
2022-10-24T01:10:16+00:00,Fairyland,-37.546758,143.823172,60.0,69.0,"-37.546758, 143.823172"
2022-10-05T05:58:25+00:00,Fairyland,-37.546758,143.823172,61.0,73.0,"-37.546758, 143.823172"
2022-08-30T02:04:21+00:00,Fairyland,-37.546758,143.823172,62.0,76.0,"-37.546758, 143.823172"
2022-05-31T22:49:02+00:00,Fairyland,-37.546758,143.823172,65.0,79.0,"-37.546758, 143.823172"
2022-05-31T23:04:02+00:00,Fairyland,-37.546758,143.823172,70.0,82.0,"-37.546758, 143.823172"
2022-06-11T10:32:20+00:00,Fairyland,-37.546758,143.823172,60.0,82.0,"-37.546758, 143.823172"
2022-10-23T11:55:28+00:00,Fairyland,-37.546758,143.823172,65.0,82.0,"-37.546758, 143.823172"
2022-10-09T20:27:40+00:00,Fairyland,-37.546758,143.823172,60.0,77.0,"-37.546758, 143.823172"
2022-10-04T12:43:32+00:00,Fairyland,-37.546758,143.823172,67.0,78.0,"-37.546758, 143.823172"
2022-10-04T13:28:42+00:00,Fairyland,-37.546758,143.823172,64.0,77.0,"-37.546758, 143.823172"
2022-08-02T15:53:50+00:00,Fairyland,-37.546758,143.823172,61.0,77.0,"-37.546758, 143.823172"
2022-08-18T21:36:12+00:00,Fairyland,-37.546758,143.823172,60.0,70.0,"-37.546758, 143.823172"
2022-06-23T22:30:18+00:00,Fairyland,-37.546758,143.823172,60.0,73.0,"-37.546758, 143.823172"
2020-04-10T18:44:18+00:00,Fairyland,6.0,6.0,61.0,80.0,"6.0, 6.0"
2020-04-11T00:59:14+00:00,Fairyland,6.0,6.0,63.0,85.0,"6.0, 6.0"
2020-04-11T03:29:13+00:00,Fairyland,6.0,6.0,61.0,83.0,"6.0, 6.0"
2020-04-11T03:44:13+00:00,Fairyland,6.0,6.0,64.0,86.0,"6.0, 6.0"
2020-06-26T03:46:48+00:00,Fairyland,-37.546758,143.823172,60.0,68.0,"-37.546758, 143.823172"
2020-06-30T01:16:10+00:00,Fairyland,-37.546758,143.823172,61.0,72.0,"-37.546758, 143.823172"
2020-06-30T05:31:09+00:00,Fairyland,-37.546758,143.823172,61.0,81.0,"-37.546758, 143.823172"
2020-07-01T02:31:00+00:00,Fairyland,-37.546758,143.823172,61.0,77.0,"-37.546758, 143.823172"
2020-07-01T06:00:59+00:00,Fairyland,-37.546758,143.823172,60.0,95.0,"-37.546758, 143.823172"
2020-07-01T06:30:59+00:00,Fairyland,-37.546758,143.823172,61.0,81.0,"-37.546758, 143.823172"
2020-07-01T14:00:56+00:00,Fairyland,-37.546758,143.823172,60.0,80.0,"-37.546758, 143.823172"
2020-07-14T22:43:47+00:00,Fairyland,-37.546758,143.823172,71.0,82.0,"-37.546758, 143.823172"
2020-07-15T04:13:45+00:00,Fairyland,-37.546758,143.823172,60.0,68.0,"-37.546758, 143.823172"
2020-07-16T01:13:37+00:00,Fairyland,-37.546758,143.823172,64.0,72.0,"-37.546758, 143.823172"
2020-07-18T04:28:16+00:00,Fairyland,-37.546758,143.823172,61.0,81.0,"-37.546758, 143.823172"
2020-07-19T08:13:05+00:00,Fairyland,-37.546758,143.823172,60.0,73.0,"-37.546758, 143.823172"
2020-07-19T11:43:04+00:00,Fairyland,-37.546758,143.823172,66.0,85.0,"-37.546758, 143.823172"
2020-07-19T13:13:03+00:00,Fairyland,-37.546758,143.823172,62.0,80.0,"-37.546758, 143.823172"
2020-06-18T02:48:07+00:00,Fairyland,-37.546758,143.823172,61.0,79.0,"-37.546758, 143.823172"
2020-08-27T08:51:48+00:00,Fairyland,-37.546758,143.823172,63.0,79.0,"-37.546758, 143.823172"
2020-06-19T01:02:58+00:00,Fairyland,-37.546758,143.823172,64.0,85.0,"-37.546758, 143.823172"
2020-06-19T01:32:58+00:00,Fairyland,-37.546758,143.823172,65.0,91.0,"-37.546758, 143.823172"
2020-08-29T02:06:30+00:00,Fairyland,-37.546758,143.823172,61.0,79.0,"-37.546758, 143.823172"
2020-08-29T17:51:24+00:00,Fairyland,-37.546758,143.823172,63.0,89.0,"-37.546758, 143.823172"
2020-08-29T23:51:22+00:00,Fairyland,-37.546758,143.823172,62.0,85.0,"-37.546758, 143.823172"
2020-08-29T23:36:22+00:00,Fairyland,-37.546758,143.823172,61.0,87.0,"-37.546758, 143.823172"
2020-06-13T02:03:58+00:00,Fairyland,-37.546758,143.823172,60.0,79.0,"-37.546758, 143.823172"
2020-08-31T03:51:11+00:00,Fairyland,-37.546758,143.823172,60.0,71.0,"-37.546758, 143.823172"
2020-06-13T11:33:52+00:00,Fairyland,-37.546758,143.823172,61.0,89.0,"-37.546758, 143.823172"
2020-08-19T19:52:59+00:00,Fairyland,-37.546758,143.823172,61.0,72.0,"-37.546758, 143.823172"
2020-06-16T01:33:27+00:00,Fairyland,-37.546758,143.823172,60.0,78.0,"-37.546758, 143.823172"
2020-06-16T04:03:26+00:00,Fairyland,-37.546758,143.823172,61.0,81.0,"-37.546758, 143.823172"
2020-08-20T04:07:56+00:00,Fairyland,-37.546758,143.823172,64.0,85.0,"-37.546758, 143.823172"
2020-08-27T01:51:51+00:00,Fairyland,-37.546758,143.823172,61.0,84.0,"-37.546758, 143.823172"
2020-09-02T00:05:52+00:00,Fairyland,-37.546758,143.823172,62.0,81.0,"-37.546758, 143.823172"
2020-09-02T03:05:51+00:00,Fairyland,-37.546758,143.823172,66.0,90.0,"-37.546758, 143.823172"
2020-09-02T23:20:42+00:00,Fairyland,-37.546758,143.823172,62.0,83.0,"-37.546758, 143.823172"
2020-09-07T06:50:00+00:00,Fairyland,-37.546758,143.823172,61.0,88.0,"-37.546758, 143.823172"
2020-09-21T06:32:41+00:00,Fairyland,-37.546758,143.823172,60.0,74.0,"-37.546758, 143.823172"
2020-09-20T16:47:46+00:00,Fairyland,-37.546758,143.823172,60.0,74.0,"-37.546758, 143.823172"
2020-09-24T04:47:12+00:00,Fairyland,-37.546758,143.823172,60.0,69.0,"-37.546758, 143.823172"
2020-09-30T03:01:15+00:00,Fairyland,-37.546758,143.823172,60.0,77.0,"-37.546758, 143.823172"
2020-09-01T03:21:00+00:00,Fairyland,-37.546758,143.823172,60.0,79.0,"-37.546758, 143.823172"
2020-09-01T22:05:53+00:00,Fairyland,-37.546758,143.823172,61.0,78.0,"-37.546758, 143.823172"
2020-09-01T23:35:52+00:00,Fairyland,-37.546758,143.823172,62.0,85.0,"-37.546758, 143.823172"
2020-09-07T13:19:57+00:00,Fairyland,-37.546758,143.823172,61.0,90.0,"-37.546758, 143.823172"
2020-09-10T00:49:33+00:00,Fairyland,-37.546758,143.823172,60.0,77.0,"-37.546758, 143.823172"
2020-09-10T01:49:32+00:00,Fairyland,-37.546758,143.823172,61.0,81.0,"-37.546758, 143.823172"
2020-09-10T04:04:31+00:00,Fairyland,-37.546758,143.823172,60.0,73.0,"-37.546758, 143.823172"
2020-09-12T03:49:13+00:00,Fairyland,-37.546758,143.823172,60.0,79.0,"-37.546758, 143.823172"
2020-09-17T01:03:23+00:00,Fairyland,-37.546758,143.823172,60.0,72.0,"-37.546758, 143.823172"
2020-09-17T22:03:14+00:00,Fairyland,-37.546758,143.823172,61.0,67.0,"-37.546758, 143.823172"
2020-09-19T00:33:03+00:00,Fairyland,-37.546758,143.823172,62.0,80.0,"-37.546758, 143.823172"
2020-09-19T05:18:01+00:00,Fairyland,-37.546758,143.823172,65.0,77.0,"-37.546758, 143.823172"
2020-09-23T03:32:22+00:00,Fairyland,-37.546758,143.823172,60.0,77.0,"-37.546758, 143.823172"
2020-09-26T01:01:55+00:00,Fairyland,-37.546758,143.823172,60.0,84.0,"-37.546758, 143.823172"
2020-09-19T15:17:58+00:00,Fairyland,-37.546758,143.823172,65.0,84.0,"-37.546758, 143.823172"
2020-09-21T05:17:41+00:00,Fairyland,-37.546758,143.823172,62.0,92.0,"-37.546758, 143.823172"
2020-09-28T10:16:31+00:00,Fairyland,-37.546758,143.823172,61.0,71.0,"-37.546758, 143.823172"
2020-10-02T03:15:56+00:00,Fairyland,-37.546758,143.823172,60.0,77.0,"-37.546758, 143.823172"
2020-10-02T03:30:56+00:00,Fairyland,-37.546758,143.823172,61.0,83.0,"-37.546758, 143.823172"
2020-10-07T21:29:57+00:00,Fairyland,-37.546758,143.823172,60.0,77.0,"-37.546758, 143.823172"
2020-09-24T03:47:12+00:00,Fairyland,-37.546758,143.823172,62.0,74.0,"-37.546758, 143.823172"
2020-10-08T00:59:56+00:00,Fairyland,-37.546758,143.823172,60.0,80.0,"-37.546758, 143.823172"
2020-10-08T16:44:51+00:00,Fairyland,-37.546758,143.823172,60.0,81.0,"-37.546758, 143.823172"
2020-10-08T17:29:50+00:00,Fairyland,-37.546758,143.823172,62.0,76.0,"-37.546758, 143.823172"
2020-10-12T02:59:17+00:00,Fairyland,-37.546758,143.823172,60.0,72.0,"-37.546758, 143.823172"
2020-07-13T00:29:08+00:00,Fairyland,-37.546758,143.823172,61.0,73.0,"-37.546758, 143.823172"
2020-07-14T07:28:53+00:00,Fairyland,-37.546758,143.823172,62.0,73.0,"-37.546758, 143.823172"
2020-07-14T11:43:52+00:00,Fairyland,-37.546758,143.823172,67.0,80.0,"-37.546758, 143.823172"
2020-10-13T08:59:04+00:00,Fairyland,-37.546758,143.823172,62.0,75.0,"-37.546758, 143.823172"
2020-10-13T13:59:02+00:00,Fairyland,-37.546758,143.823172,62.0,74.0,"-37.546758, 143.823172"
2020-10-15T20:28:39+00:00,Fairyland,-37.546758,143.823172,69.0,80.0,"-37.546758, 143.823172"
2020-10-16T00:28:38+00:00,Fairyland,-37.546758,143.823172,67.0,81.0,"-37.546758, 143.823172"
2020-06-22T05:02:27+00:00,Fairyland,-37.546758,143.823172,60.0,75.0,"-37.546758, 143.823172"
2020-07-14T14:13:51+00:00,Fairyland,-37.546758,143.823172,75.0,85.0,"-37.546758, 143.823172"
2020-07-14T15:43:50+00:00,Fairyland,-37.546758,143.823172,74.0,83.0,"-37.546758, 143.823172"
2020-07-14T19:43:49+00:00,Fairyland,-37.546758,143.823172,73.0,85.0,"-37.546758, 143.823172"
2020-07-14T21:13:48+00:00,Fairyland,-37.546758,143.823172,73.0,83.0,"-37.546758, 143.823172"
2020-07-15T06:43:44+00:00,Fairyland,-37.546758,143.823172,61.0,70.0,"-37.546758, 143.823172"
2020-07-16T00:43:37+00:00,Fairyland,-37.546758,143.823172,61.0,72.0,"-37.546758, 143.823172"
2020-07-16T23:58:29+00:00,Fairyland,-37.546758,143.823172,62.0,70.0,"-37.546758, 143.823172"
2020-07-17T04:13:26+00:00,Fairyland,-37.546758,143.823172,63.0,68.0,"-37.546758, 143.823172"
2020-07-18T03:13:16+00:00,Fairyland,-37.546758,143.823172,62.0,91.0,"-37.546758, 143.823172"
2020-07-18T07:13:15+00:00,Fairyland,-37.546758,143.823172,60.0,86.0,"-37.546758, 143.823172"
2020-07-19T02:28:07+00:00,Fairyland,-37.546758,143.823172,61.0,94.0,"-37.546758, 143.823172"
2020-07-19T07:28:05+00:00,Fairyland,-37.546758,143.823172,65.0,86.0,"-37.546758, 143.823172"
2020-07-19T10:13:04+00:00,Fairyland,-37.546758,143.823172,69.0,90.0,"-37.546758, 143.823172"
2020-07-19T10:43:04+00:00,Fairyland,-37.546758,143.823172,71.0,86.0,"-37.546758, 143.823172"
2020-07-19T12:58:03+00:00,Fairyland,-37.546758,143.823172,62.0,78.0,"-37.546758, 143.823172"
2020-07-25T13:27:05+00:00,Fairyland,-37.546758,143.823172,61.0,78.0,"-37.546758, 143.823172"
2020-07-30T00:11:21+00:00,Fairyland,-37.546758,143.823172,61.0,66.0,"-37.546758, 143.823172"
2020-08-27T02:06:51+00:00,Fairyland,-37.546758,143.823172,61.0,76.0,"-37.546758, 143.823172"
2020-08-27T05:06:50+00:00,Fairyland,-37.546758,143.823172,74.0,98.0,"-37.546758, 143.823172"
2020-08-29T23:06:22+00:00,Fairyland,-37.546758,143.823172,64.0,92.0,"-37.546758, 143.823172"
2020-08-30T00:06:22+00:00,Fairyland,-37.546758,143.823172,62.0,84.0,"-37.546758, 143.823172"
2020-08-30T10:36:18+00:00,Fairyland,-37.546758,143.823172,64.0,80.0,"-37.546758, 143.823172"
2020-08-30T11:06:18+00:00,Fairyland,-37.546758,143.823172,60.0,79.0,"-37.546758, 143.823172"
2020-08-06T12:10:09+00:00,Fairyland,-37.546758,143.823172,63.0,76.0,"-37.546758, 143.823172"
2020-08-06T17:40:07+00:00,Fairyland,-37.546758,143.823172,68.0,77.0,"-37.546758, 143.823172"
2020-08-06T19:25:06+00:00,Fairyland,-37.546758,143.823172,64.0,74.0,"-37.546758, 143.823172"
2020-08-01T03:56:01+00:00,Fairyland,-37.546758,143.823172,60.0,85.0,"-37.546758, 143.823172"
2020-08-04T02:40:32+00:00,Fairyland,-37.546758,143.823172,64.0,85.0,"-37.546758, 143.823172"
2020-08-06T12:25:09+00:00,Fairyland,-37.546758,143.823172,60.0,71.0,"-37.546758, 143.823172"
2020-08-07T02:40:04+00:00,Fairyland,-37.546758,143.823172,76.0,85.0,"-37.546758, 143.823172"
2020-08-07T04:55:03+00:00,Fairyland,-37.546758,143.823172,72.0,82.0,"-37.546758, 143.823172"
2020-08-07T11:40:00+00:00,Fairyland,-37.546758,143.823172,74.0,88.0,"-37.546758, 143.823172"
2020-08-07T17:09:58+00:00,Fairyland,-37.546758,143.823172,73.0,84.0,"-37.546758, 143.823172"
2020-08-08T00:39:55+00:00,Fairyland,-37.546758,143.823172,71.0,84.0,"-37.546758, 143.823172"
2020-08-08T09:24:51+00:00,Fairyland,-37.546758,143.823172,69.0,83.0,"-37.546758, 143.823172"
2020-08-08T20:39:47+00:00,Fairyland,-37.546758,143.823172,68.0,85.0,"-37.546758, 143.823172"
2020-08-08T21:54:46+00:00,Fairyland,-37.546758,143.823172,65.0,77.0,"-37.546758, 143.823172"
2020-08-21T01:37:47+00:00,Fairyland,-37.546758,143.823172,71.0,92.0,"-37.546758, 143.823172"
2020-08-21T02:22:47+00:00,Fairyland,-37.546758,143.823172,67.0,87.0,"-37.546758, 143.823172"
2020-07-28T03:41:40+00:00,Fairyland,-37.546758,143.823172,66.0,76.0,"-37.546758, 143.823172"
2020-08-06T20:55:06+00:00,Fairyland,-37.546758,143.823172,60.0,68.0,"-37.546758, 143.823172"
2020-08-06T23:55:05+00:00,Fairyland,-37.546758,143.823172,70.0,82.0,"-37.546758, 143.823172"
2020-08-07T05:25:02+00:00,Fairyland,-37.546758,143.823172,69.0,81.0,"-37.546758, 143.823172"
2020-08-07T07:10:02+00:00,Fairyland,-37.546758,143.823172,69.0,78.0,"-37.546758, 143.823172"
2020-08-07T09:25:01+00:00,Fairyland,-37.546758,143.823172,71.0,83.0,"-37.546758, 143.823172"
2020-08-07T12:10:00+00:00,Fairyland,-37.546758,143.823172,75.0,86.0,"-37.546758, 143.823172"
2020-08-07T14:24:59+00:00,Fairyland,-37.546758,143.823172,80.0,88.0,"-37.546758, 143.823172"
2020-08-01T04:26:00+00:00,Fairyland,-37.546758,143.823172,60.0,77.0,"-37.546758, 143.823172"
2020-12-20T13:17:43+00:00,Fairyland,-37.546758,143.823172,62.0,74.0,"-37.546758, 143.823172"
2020-08-07T08:10:01+00:00,Fairyland,-37.546758,143.823172,65.0,75.0,"-37.546758, 143.823172"
2020-08-07T09:55:01+00:00,Fairyland,-37.546758,143.823172,72.0,85.0,"-37.546758, 143.823172"
2020-08-07T12:54:59+00:00,Fairyland,-37.546758,143.823172,75.0,88.0,"-37.546758, 143.823172"
2020-08-07T15:54:58+00:00,Fairyland,-37.546758,143.823172,79.0,91.0,"-37.546758, 143.823172"
2020-08-07T16:54:58+00:00,Fairyland,-37.546758,143.823172,74.0,84.0,"-37.546758, 143.823172"
2020-08-07T18:24:57+00:00,Fairyland,-37.546758,143.823172,71.0,83.0,"-37.546758, 143.823172"
2020-08-07T20:54:57+00:00,Fairyland,-37.546758,143.823172,69.0,82.0,"-37.546758, 143.823172"
2020-08-08T04:39:53+00:00,Fairyland,-37.546758,143.823172,68.0,78.0,"-37.546758, 143.823172"
2020-08-08T08:54:51+00:00,Fairyland,-37.546758,143.823172,62.0,74.0,"-37.546758, 143.823172"
2020-08-08T12:24:50+00:00,Fairyland,-37.546758,143.823172,61.0,74.0,"-37.546758, 143.823172"
2020-08-08T16:09:48+00:00,Fairyland,-37.546758,143.823172,63.0,79.0,"-37.546758, 143.823172"
2020-08-09T01:39:45+00:00,Fairyland,-37.546758,143.823172,69.0,86.0,"-37.546758, 143.823172"
2020-08-09T10:09:41+00:00,Fairyland,-37.546758,143.823172,69.0,86.0,"-37.546758, 143.823172"
2020-08-09T09:54:41+00:00,Fairyland,-37.546758,143.823172,65.0,82.0,"-37.546758, 143.823172"
2020-08-09T13:24:40+00:00,Fairyland,-37.546758,143.823172,64.0,76.0,"-37.546758, 143.823172"
2020-08-09T16:39:39+00:00,Fairyland,-37.546758,143.823172,61.0,77.0,"-37.546758, 143.823172"
2020-08-20T07:22:55+00:00,Fairyland,-37.546758,143.823172,60.0,74.0,"-37.546758, 143.823172"
2020-08-21T07:22:45+00:00,Fairyland,-37.546758,143.823172,65.0,90.0,"-37.546758, 143.823172"
2020-08-21T07:37:45+00:00,Fairyland,-37.546758,143.823172,64.0,78.0,"-37.546758, 143.823172"
2020-08-21T07:52:45+00:00,Fairyland,-37.546758,143.823172,68.0,94.0,"-37.546758, 143.823172"
2020-08-21T23:22:39+00:00,Fairyland,-37.546758,143.823172,62.0,77.0,"-37.546758, 143.823172"
2020-08-22T02:52:37+00:00,Fairyland,-37.546758,143.823172,63.0,81.0,"-37.546758, 143.823172"
2020-08-22T05:22:36+00:00,Fairyland,-37.546758,143.823172,67.0,85.0,"-37.546758, 143.823172"
2020-12-30T12:01:03+00:00,Fairyland,-37.546758,143.823172,61.0,75.0,"-37.546758, 143.823172"
2020-12-31T06:45:55+00:00,Fairyland,-37.546758,143.823172,62.0,80.0,"-37.546758, 143.823172"
2020-12-15T20:18:31+00:00,Fairyland,-37.546758,143.823172,63.0,74.0,"-37.546758, 143.823172"
2020-12-20T08:47:45+00:00,Fairyland,-37.546758,143.823172,62.0,78.0,"-37.546758, 143.823172"
2020-09-17T21:48:15+00:00,Fairyland,-37.546758,143.823172,61.0,70.0,"-37.546758, 143.823172"
2020-09-18T23:48:04+00:00,Fairyland,-37.546758,143.823172,60.0,87.0,"-37.546758, 143.823172"
2020-09-19T02:48:02+00:00,Fairyland,-37.546758,143.823172,69.0,87.0,"-37.546758, 143.823172"
2020-09-19T05:03:01+00:00,Fairyland,-37.546758,143.823172,64.0,81.0,"-37.546758, 143.823172"
2020-09-19T05:33:01+00:00,Fairyland,-37.546758,143.823172,66.0,83.0,"-37.546758, 143.823172"
2020-09-19T06:03:01+00:00,Fairyland,-37.546758,143.823172,65.0,89.0,"-37.546758, 143.823172"
2020-09-19T08:18:00+00:00,Fairyland,-37.546758,143.823172,63.0,85.0,"-37.546758, 143.823172"
2020-09-19T10:17:59+00:00,Fairyland,-37.546758,143.823172,66.0,84.0,"-37.546758, 143.823172"
2020-09-19T12:47:58+00:00,Fairyland,-37.546758,143.823172,61.0,84.0,"-37.546758, 143.823172"
2020-09-22T01:17:33+00:00,Fairyland,-37.546758,143.823172,60.0,79.0,"-37.546758, 143.823172"
2020-09-22T02:47:32+00:00,Fairyland,-37.546758,143.823172,62.0,80.0,"-37.546758, 143.823172"
2020-09-22T00:02:33+00:00,Fairyland,-37.546758,143.823172,60.0,80.0,"-37.546758, 143.823172"
2020-10-02T04:30:55+00:00,Fairyland,-37.546758,143.823172,60.0,88.0,"-37.546758, 143.823172"
2020-09-21T06:02:41+00:00,Fairyland,-37.546758,143.823172,64.0,86.0,"-37.546758, 143.823172"
2020-12-15T08:33:35+00:00,Fairyland,-37.546758,143.823172,64.0,90.0,"-37.546758, 143.823172"
2020-10-02T00:30:57+00:00,Fairyland,-37.546758,143.823172,60.0,88.0,"-37.546758, 143.823172"
2020-09-29T01:46:25+00:00,Fairyland,-37.546758,143.823172,60.0,80.0,"-37.546758, 143.823172"
2020-10-06T02:45:16+00:00,Fairyland,-37.546758,143.823172,60.0,73.0,"-37.546758, 143.823172"
2020-10-07T06:45:04+00:00,Fairyland,-37.546758,143.823172,64.0,75.0,"-37.546758, 143.823172"
2020-10-07T14:15:01+00:00,Fairyland,-37.546758,143.823172,60.0,80.0,"-37.546758, 143.823172"
2020-10-08T07:14:53+00:00,Fairyland,-37.546758,143.823172,65.0,90.0,"-37.546758, 143.823172"
2020-10-08T12:29:52+00:00,Fairyland,-37.546758,143.823172,63.0,82.0,"-37.546758, 143.823172"
2020-10-08T20:14:50+00:00,Fairyland,-37.546758,143.823172,60.0,78.0,"-37.546758, 143.823172"
2020-10-08T21:29:49+00:00,Fairyland,-37.546758,143.823172,61.0,77.0,"-37.546758, 143.823172"
2020-12-20T11:17:44+00:00,Fairyland,-37.546758,143.823172,65.0,78.0,"-37.546758, 143.823172"
2020-12-24T23:46:58+00:00,Fairyland,-37.546758,143.823172,62.0,77.0,"-37.546758, 143.823172"
2020-12-25T10:01:55+00:00,Fairyland,-37.546758,143.823172,60.0,70.0,"-37.546758, 143.823172"
2020-12-31T01:45:58+00:00,Fairyland,-37.546758,143.823172,62.0,73.0,"-37.546758, 143.823172"
2020-12-31T07:15:55+00:00,Fairyland,-37.546758,143.823172,65.0,77.0,"-37.546758, 143.823172"
2020-12-31T12:30:52+00:00,Fairyland,-37.546758,143.823172,61.0,71.0,"-37.546758, 143.823172"
2020-10-01T04:16:05+00:00,Fairyland,-37.546758,143.823172,60.0,85.0,"-37.546758, 143.823172"
2020-10-03T01:00:46+00:00,Fairyland,-37.546758,143.823172,60.0,81.0,"-37.546758, 143.823172"
2020-10-01T22:15:58+00:00,Fairyland,-37.546758,143.823172,60.0,65.0,"-37.546758, 143.823172"
2020-10-07T09:30:03+00:00,Fairyland,-37.546758,143.823172,60.0,72.0,"-37.546758, 143.823172"
2020-10-12T03:14:17+00:00,Fairyland,-37.546758,143.823172,60.0,77.0,"-37.546758, 143.823172"
2020-08-14T00:38:56+00:00,Fairyland,-37.546758,143.823172,60.0,75.0,"-37.546758, 143.823172"
2020-08-17T03:53:25+00:00,Fairyland,-37.546758,143.823172,60.0,84.0,"-37.546758, 143.823172"
2020-08-19T23:07:58+00:00,Fairyland,-37.546758,143.823172,62.0,75.0,"-37.546758, 143.823172"
2020-08-20T06:07:55+00:00,Fairyland,-37.546758,143.823172,60.0,77.0,"-37.546758, 143.823172"
2020-12-01T04:35:57+00:00,Fairyland,-37.546758,143.823172,62.0,77.0,"-37.546758, 143.823172"
2020-09-02T05:50:49+00:00,Fairyland,-37.546758,143.823172,60.0,85.0,"-37.546758, 143.823172"
2020-09-03T04:35:40+00:00,Fairyland,-37.546758,143.823172,67.0,92.0,"-37.546758, 143.823172"
2020-09-06T01:20:12+00:00,Fairyland,-37.546758,143.823172,60.0,86.0,"-37.546758, 143.823172"
2021-04-14T03:43:35+00:00,Fairyland,-37.546758,143.823172,61.0,78.0,"-37.546758, 143.823172"
2021-07-24T10:42:02+00:00,Fairyland,-37.546758,143.823172,61.0,83.0,"-37.546758, 143.823172"
2021-07-31T07:55:56+00:00,Fairyland,-37.546758,143.823172,63.0,75.0,"-37.546758, 143.823172"
2021-08-05T22:10:01+00:00,Fairyland,-37.546758,143.823172,60.0,76.0,"-37.546758, 143.823172"
2021-08-28T19:36:17+00:00,Fairyland,-37.546758,143.823172,60.0,82.0,"-37.546758, 143.823172"
2020-05-06T03:40:07+00:00,Fairyland,-37.546758,143.823172,61.0,91.0,"-37.546758, 143.823172"
2020-05-09T04:24:36+00:00,Fairyland,-37.546758,143.823172,60.0,72.0,"-37.546758, 143.823172"
2020-05-24T21:37:03+00:00,Fairyland,-37.546758,143.823172,69.0,80.0,"-37.546758, 143.823172"
2020-05-24T22:22:03+00:00,Fairyland,-37.546758,143.823172,73.0,83.0,"-37.546758, 143.823172"
2020-05-25T00:37:03+00:00,Fairyland,-37.546758,143.823172,77.0,89.0,"-37.546758, 143.823172"
2020-05-25T04:22:01+00:00,Fairyland,-37.546758,143.823172,61.0,66.0,"-37.546758, 143.823172"
2020-05-25T07:52:00+00:00,Fairyland,-37.546758,143.823172,61.0,71.0,"-37.546758, 143.823172"
2020-05-26T01:36:53+00:00,Fairyland,-37.546758,143.823172,61.0,80.0,"-37.546758, 143.823172"
2021-09-03T05:05:25+00:00,Fairyland,-37.546758,143.823172,61.0,80.0,"-37.546758, 143.823172"
2021-09-20T07:02:35+00:00,Fairyland,-37.546758,143.823172,61.0,75.0,"-37.546758, 143.823172"
2020-04-02T05:30:48+00:00,Fairyland,-37.546758,143.823172,63.0,75.0,"-37.546758, 143.823172"
2020-04-02T03:15:49+00:00,Fairyland,-37.546758,143.823172,77.0,88.0,"-37.546758, 143.823172"
2021-11-07T20:38:22+00:00,Fairyland,-37.546758,143.823172,63.0,77.0,"-37.546758, 143.823172"
2020-03-26T16:46:55+00:00,Fairyland,-37.546758,143.823172,61.0,73.0,"-37.546758, 143.823172"
2020-03-26T16:01:56+00:00,Fairyland,-37.546758,143.823172,62.0,73.0,"-37.546758, 143.823172"
2020-03-26T15:16:55+00:00,Fairyland,-37.546758,143.823172,60.0,73.0,"-37.546758, 143.823172"
2020-03-26T14:31:55+00:00,Fairyland,-37.546758,143.823172,62.0,79.0,"-37.546758, 143.823172"
2020-03-26T13:01:55+00:00,Fairyland,-37.546758,143.823172,65.0,80.0,"-37.546758, 143.823172"
2020-03-24T11:47:16+00:00,Fairyland,-37.546758,143.823172,60.0,71.0,"-37.546758, 143.823172"
2020-03-20T15:02:56+00:00,Fairyland,-37.546758,143.823172,61.0,80.0,"-37.546758, 143.823172"
2020-03-20T12:17:55+00:00,Fairyland,-37.546758,143.823172,61.0,74.0,"-37.546758, 143.823172"
2020-03-19T17:33:03+00:00,Fairyland,-37.546758,143.823172,61.0,78.0,"-37.546758, 143.823172"
2020-03-16T05:03:39+00:00,Fairyland,-37.546758,143.823172,69.0,82.0,"-37.546758, 143.823172"
2020-03-16T04:48:39+00:00,Fairyland,-37.546758,143.823172,68.0,79.0,"-37.546758, 143.823172"
2020-03-16T04:18:39+00:00,Fairyland,-37.546758,143.823172,67.0,84.0,"-37.546758, 143.823172"
2020-03-12T14:04:16+00:00,Fairyland,-37.546758,143.823172,60.0,88.0,"-37.546758, 143.823172"
2020-03-10T08:34:39+00:00,Fairyland,-37.546758,143.823172,62.0,74.0,"-37.546758, 143.823172"
2020-03-10T07:49:39+00:00,Fairyland,-37.546758,143.823172,60.0,72.0,"-37.546758, 143.823172"
2020-03-09T13:49:44+00:00,Fairyland,-37.546758,143.823172,64.0,78.0,"-37.546758, 143.823172"
2020-03-09T13:04:45+00:00,Fairyland,-37.546758,143.823172,67.0,86.0,"-37.546758, 143.823172"
2020-03-09T12:49:46+00:00,Fairyland,-37.546758,143.823172,66.0,79.0,"-37.546758, 143.823172"
2020-03-09T12:34:45+00:00,Fairyland,-37.546758,143.823172,69.0,87.0,"-37.546758, 143.823172"
2020-03-09T12:04:45+00:00,Fairyland,-37.546758,143.823172,65.0,80.0,"-37.546758, 143.823172"
2020-03-09T10:49:47+00:00,Fairyland,-37.546758,143.823172,63.0,74.0,"-37.546758, 143.823172"
2020-03-08T18:49:55+00:00,Fairyland,-37.546758,143.823172,60.0,76.0,"-37.546758, 143.823172"
2020-03-08T16:04:55+00:00,Fairyland,-37.546758,143.823172,66.0,85.0,"-37.546758, 143.823172"
2020-03-08T14:04:54+00:00,Fairyland,-37.546758,143.823172,67.0,84.0,"-37.546758, 143.823172"
2020-03-08T12:04:56+00:00,Fairyland,-37.546758,143.823172,61.0,81.0,"-37.546758, 143.823172"
2020-03-08T11:34:56+00:00,Fairyland,-37.546758,143.823172,64.0,81.0,"-37.546758, 143.823172"
2020-03-08T09:34:57+00:00,Fairyland,-37.546758,143.823172,65.0,82.0,"-37.546758, 143.823172"
2020-03-08T08:19:58+00:00,Fairyland,-37.546758,143.823172,60.0,75.0,"-37.546758, 143.823172"
2020-03-05T02:05:31+00:00,Fairyland,-37.546758,143.823172,60.0,72.0,"-37.546758, 143.823172"
2020-03-04T03:05:40+00:00,Fairyland,-37.546758,143.823172,60.0,72.0,"-37.546758, 143.823172"
2020-03-04T02:05:40+00:00,Fairyland,-37.546758,143.823172,65.0,80.0,"-37.546758, 143.823172"
2020-03-04T00:20:41+00:00,Fairyland,-37.546758,143.823172,62.0,83.0,"-37.546758, 143.823172"
2020-03-03T17:35:43+00:00,Fairyland,-37.546758,143.823172,62.0,77.0,"-37.546758, 143.823172"
2020-03-03T17:20:43+00:00,Fairyland,-37.546758,143.823172,61.0,83.0,"-37.546758, 143.823172"
2020-03-03T15:20:45+00:00,Fairyland,-37.546758,143.823172,61.0,83.0,"-37.546758, 143.823172"
2020-03-02T14:20:56+00:00,Fairyland,-37.546758,143.823172,61.0,65.0,"-37.546758, 143.823172"
2020-03-01T17:21:04+00:00,Fairyland,-37.546758,143.823172,63.0,80.0,"-37.546758, 143.823172"
2020-03-01T14:36:05+00:00,Fairyland,-37.546758,143.823172,61.0,84.0,"-37.546758, 143.823172"
2020-03-01T13:51:05+00:00,Fairyland,-37.546758,143.823172,60.0,84.0,"-37.546758, 143.823172"
2020-03-01T11:06:06+00:00,Fairyland,-37.546758,143.823172,60.0,76.0,"-37.546758, 143.823172"
2020-02-27T17:06:33+00:00,Fairyland,-37.546758,143.823172,61.0,81.0,"-37.546758, 143.823172"
2020-02-27T16:06:33+00:00,Fairyland,-37.546758,143.823172,60.0,83.0,"-37.546758, 143.823172"
2020-02-26T09:21:46+00:00,Fairyland,-37.546758,143.823172,63.0,78.0,"-37.546758, 143.823172"
2020-02-25T16:21:54+00:00,Fairyland,-37.546758,143.823172,61.0,78.0,"-37.546758, 143.823172"
2020-02-25T09:36:56+00:00,Fairyland,-37.546758,143.823172,60.0,66.0,"-37.546758, 143.823172"
2020-01-17T22:13:21+00:00,Fairyland,-37.546758,143.823172,63.0,84.0,"-37.546758, 143.823172"
2020-01-15T08:13:47+00:00,Fairyland,-37.546758,143.823172,68.0,94.0,"-37.546758, 143.823172"
2020-01-14T22:43:51+00:00,Fairyland,-37.546758,143.823172,67.0,78.0,"-37.546758, 143.823172"
2020-01-14T22:28:52+00:00,Fairyland,-37.546758,143.823172,68.0,80.0,"-37.546758, 143.823172"
2020-01-14T19:58:53+00:00,Fairyland,-37.546758,143.823172,72.0,86.0,"-37.546758, 143.823172"
2020-01-13T00:29:11+00:00,Fairyland,-37.546758,143.823172,70.0,91.0,"-37.546758, 143.823172"
2020-01-12T17:59:14+00:00,Fairyland,-37.546758,143.823172,63.0,79.0,"-37.546758, 143.823172"
2020-01-10T15:44:34+00:00,Fairyland,-37.546758,143.823172,61.0,78.0,"-37.546758, 143.823172"
2020-01-10T09:29:36+00:00,Fairyland,-37.546758,143.823172,60.0,72.0,"-37.546758, 143.823172"
2020-01-09T03:14:50+00:00,Fairyland,-37.546758,143.823172,67.0,82.0,"-37.546758, 143.823172"
2020-01-08T18:14:53+00:00,Fairyland,-37.546758,143.823172,62.0,81.0,"-37.546758, 143.823172"
2020-01-08T16:14:53+00:00,Fairyland,-37.546758,143.823172,62.0,80.0,"-37.546758, 143.823172"
2020-01-08T14:44:54+00:00,Fairyland,-37.546758,143.823172,70.0,89.0,"-37.546758, 143.823172"
2020-01-08T10:44:56+00:00,Fairyland,-37.546758,143.823172,68.0,83.0,"-37.546758, 143.823172"
2020-01-08T09:59:56+00:00,Fairyland,-37.546758,143.823172,60.0,82.0,"-37.546758, 143.823172"
2020-05-29T17:21:17+00:00,Fairyland,-37.546758,143.823172,62.0,89.0,"-37.546758, 143.823172"
2020-05-30T00:21:14+00:00,Fairyland,-37.546758,143.823172,61.0,83.0,"-37.546758, 143.823172"
2020-05-30T01:21:14+00:00,Fairyland,-37.546758,143.823172,63.0,95.0,"-37.546758, 143.823172"
2020-05-30T01:51:13+00:00,Fairyland,-37.546758,143.823172,64.0,92.0,"-37.546758, 143.823172"
2020-05-30T02:51:13+00:00,Fairyland,-37.546758,143.823172,63.0,87.0,"-37.546758, 143.823172"
2020-05-30T06:36:10+00:00,Fairyland,-37.546758,143.823172,64.0,92.0,"-37.546758, 143.823172"
2020-06-01T00:05:53+00:00,Fairyland,-37.546758,143.823172,63.0,86.0,"-37.546758, 143.823172"
2020-06-01T04:20:51+00:00,Fairyland,-37.546758,143.823172,62.0,86.0,"-37.546758, 143.823172"
2020-06-01T05:35:52+00:00,Fairyland,-37.546758,143.823172,60.0,80.0,"-37.546758, 143.823172"
2020-06-01T22:50:44+00:00,Fairyland,-37.546758,143.823172,60.0,66.0,"-37.546758, 143.823172"
2020-06-02T05:50:41+00:00,Fairyland,-37.546758,143.823172,60.0,79.0,"-37.546758, 143.823172"
2020-06-03T19:20:26+00:00,Fairyland,-37.546758,143.823172,67.0,70.0,"-37.546758, 143.823172"
2021-01-09T10:14:25+00:00,Fairyland,-37.546758,143.823172,62.0,71.0,"-37.546758, 143.823172"
2021-01-12T15:58:51+00:00,Fairyland,-37.546758,143.823172,60.0,72.0,"-37.546758, 143.823172"
2021-01-08T09:14:35+00:00,Fairyland,-37.546758,143.823172,61.0,75.0,"-37.546758, 143.823172"
2021-11-14T05:52:12+00:00,Fairyland,-37.546758,143.823172,60.0,84.0,"-37.546758, 143.823172"
2021-11-14T07:52:11+00:00,Fairyland,-37.546758,143.823172,60.0,79.0,"-37.546758, 143.823172"
2021-11-14T08:07:11+00:00,Fairyland,-37.546758,143.823172,60.0,81.0,"-37.546758, 143.823172"
2021-01-12T16:13:51+00:00,Fairyland,-37.546758,143.823172,62.0,70.0,"-37.546758, 143.823172"
2020-12-15T19:48:31+00:00,Fairyland,-37.546758,143.823172,60.0,72.0,"-37.546758, 143.823172"
2020-12-11T02:19:17+00:00,Fairyland,-37.546758,143.823172,61.0,74.0,"-37.546758, 143.823172"
2021-11-27T14:05:01+00:00,Fairyland,-37.546758,143.823172,61.0,75.0,"-37.546758, 143.823172"
2020-12-27T00:46:37+00:00,Fairyland,-37.546758,143.823172,62.0,87.0,"-37.546758, 143.823172"
2020-12-27T04:31:36+00:00,Fairyland,-37.546758,143.823172,60.0,75.0,"-37.546758, 143.823172"
2020-12-30T03:16:06+00:00,Fairyland,-37.546758,143.823172,68.0,82.0,"-37.546758, 143.823172"
2021-01-06T23:29:47+00:00,Fairyland,-37.546758,143.823172,62.0,72.0,"-37.546758, 143.823172"
2020-12-10T21:49:19+00:00,Fairyland,-37.546758,143.823172,64.0,76.0,"-37.546758, 143.823172"
2020-12-10T23:49:18+00:00,Fairyland,-37.546758,143.823172,60.0,77.0,"-37.546758, 143.823172"
2020-12-15T08:48:35+00:00,Fairyland,-37.546758,143.823172,64.0,76.0,"-37.546758, 143.823172"
2021-02-11T08:08:54+00:00,Fairyland,-37.546758,143.823172,61.0,85.0,"-37.546758, 143.823172"
2021-02-17T21:22:48+00:00,Fairyland,-37.546758,143.823172,60.0,78.0,"-37.546758, 143.823172"
2021-02-04T18:40:00+00:00,Fairyland,-37.546758,143.823172,61.0,82.0,"-37.546758, 143.823172"
2021-10-15T09:55:50+00:00,Fairyland,-37.546758,143.823172,60.0,84.0,"-37.546758, 143.823172"
2021-02-08T04:24:25+00:00,Fairyland,-37.546758,143.823172,62.0,76.0,"-37.546758, 143.823172"
2021-02-14T18:38:20+00:00,Fairyland,-37.546758,143.823172,60.0,74.0,"-37.546758, 143.823172"
2021-10-19T12:40:10+00:00,Fairyland,-37.546758,143.823172,63.0,75.0,"-37.546758, 143.823172"
2020-11-10T02:39:27+00:00,Fairyland,-37.546758,143.823172,60.0,76.0,"-37.546758, 143.823172"
2020-11-12T02:54:08+00:00,Fairyland,-37.546758,143.823172,61.0,77.0,"-37.546758, 143.823172"
2020-11-16T03:23:26+00:00,Fairyland,-37.546758,143.823172,60.0,74.0,"-37.546758, 143.823172"
2021-10-04T13:42:36+00:00,Fairyland,-37.546758,143.823172,62.0,81.0,"-37.546758, 143.823172"
2020-11-12T02:39:08+00:00,Fairyland,-37.546758,143.823172,60.0,76.0,"-37.546758, 143.823172"
2021-09-29T09:10:46+00:00,Fairyland,-37.546758,143.823172,63.0,71.0,"-37.546758, 143.823172"
2021-09-29T22:55:41+00:00,Fairyland,-37.546758,143.823172,60.0,63.0,"-37.546758, 143.823172"
2021-10-10T22:49:16+00:00,Fairyland,-37.546758,143.823172,61.0,63.0,"-37.546758, 143.823172"
2020-11-20T12:37:44+00:00,Fairyland,-37.546758,143.823172,61.0,79.0,"-37.546758, 143.823172"
2020-11-20T19:22:41+00:00,Fairyland,-37.546758,143.823172,63.0,78.0,"-37.546758, 143.823172"
2020-11-28T04:06:27+00:00,Fairyland,-37.546758,143.823172,62.0,73.0,"-37.546758, 143.823172"
2020-11-28T13:21:23+00:00,Fairyland,-37.546758,143.823172,60.0,72.0,"-37.546758, 143.823172"
2020-11-28T16:36:22+00:00,Fairyland,-37.546758,143.823172,63.0,88.0,"-37.546758, 143.823172"
2020-12-01T10:35:53+00:00,Fairyland,-37.546758,143.823172,62.0,89.0,"-37.546758, 143.823172"
2020-12-05T09:20:14+00:00,Fairyland,-37.546758,143.823172,65.0,90.0,"-37.546758, 143.823172"
2020-12-05T11:05:13+00:00,Fairyland,-37.546758,143.823172,61.0,78.0,"-37.546758, 143.823172"
2020-11-11T02:54:17+00:00,Fairyland,-37.546758,143.823172,60.0,85.0,"-37.546758, 143.823172"
2020-11-13T04:53:57+00:00,Fairyland,-37.546758,143.823172,71.0,107.0,"-37.546758, 143.823172"
2020-11-15T20:38:29+00:00,Fairyland,-37.546758,143.823172,73.0,85.0,"-37.546758, 143.823172"
2020-11-15T22:08:28+00:00,Fairyland,-37.546758,143.823172,61.0,77.0,"-37.546758, 143.823172"
2020-11-16T00:38:27+00:00,Fairyland,-37.546758,143.823172,61.0,84.0,"-37.546758, 143.823172"
2020-12-01T03:20:57+00:00,Fairyland,-37.546758,143.823172,60.0,77.0,"-37.546758, 143.823172"
2021-10-24T20:39:16+00:00,Fairyland,-37.546758,143.823172,71.0,85.0,"-37.546758, 143.823172"
2020-12-06T05:50:07+00:00,Fairyland,-37.546758,143.823172,60.0,82.0,"-37.546758, 143.823172"
2020-11-02T21:10:39+00:00,Fairyland,-37.546758,143.823172,61.0,72.0,"-37.546758, 143.823172"
2020-11-03T01:10:38+00:00,Fairyland,-37.546758,143.823172,61.0,74.0,"-37.546758, 143.823172"
2020-11-03T02:55:37+00:00,Fairyland,-37.546758,143.823172,63.0,84.0,"-37.546758, 143.823172"
2020-11-03T05:25:35+00:00,Fairyland,-37.546758,143.823172,61.0,74.0,"-37.546758, 143.823172"
2020-11-03T06:10:35+00:00,Fairyland,-37.546758,143.823172,69.0,74.0,"-37.546758, 143.823172"
2020-11-03T06:25:35+00:00,Fairyland,-37.546758,143.823172,68.0,73.0,"-37.546758, 143.823172"
2020-11-03T06:40:35+00:00,Fairyland,-37.546758,143.823172,68.0,75.0,"-37.546758, 143.823172"
2020-11-03T08:40:34+00:00,Fairyland,-37.546758,143.823172,72.0,84.0,"-37.546758, 143.823172"
2020-11-03T09:10:34+00:00,Fairyland,-37.546758,143.823172,68.0,75.0,"-37.546758, 143.823172"
2020-11-07T20:39:49+00:00,Fairyland,-37.546758,143.823172,61.0,73.0,"-37.546758, 143.823172"
2020-11-28T03:21:28+00:00,Fairyland,-37.546758,143.823172,63.0,79.0,"-37.546758, 143.823172"
2020-12-07T05:34:57+00:00,Fairyland,-37.546758,143.823172,62.0,93.0,"-37.546758, 143.823172"
2021-01-27T10:41:25+00:00,Fairyland,-37.546758,143.823172,65.0,81.0,"-37.546758, 143.823172"
2021-01-27T10:56:25+00:00,Fairyland,-37.546758,143.823172,68.0,84.0,"-37.546758, 143.823172"
2021-01-27T11:26:25+00:00,Fairyland,-37.546758,143.823172,62.0,79.0,"-37.546758, 143.823172"
2021-01-27T12:41:24+00:00,Fairyland,-37.546758,143.823172,62.0,75.0,"-37.546758, 143.823172"
2021-01-28T01:41:18+00:00,Fairyland,-37.546758,143.823172,60.0,70.0,"-37.546758, 143.823172"
2021-01-28T05:11:17+00:00,Fairyland,-37.546758,143.823172,62.0,80.0,"-37.546758, 143.823172"
2021-01-28T07:11:16+00:00,Fairyland,-37.546758,143.823172,61.0,78.0,"-37.546758, 143.823172"
2021-01-27T03:56:28+00:00,Fairyland,-37.546758,143.823172,61.0,82.0,"-37.546758, 143.823172"
2021-02-28T02:36:06+00:00,Fairyland,-37.546758,143.823172,60.0,73.0,"-37.546758, 143.823172"
2021-02-28T04:21:05+00:00,Fairyland,-37.546758,143.823172,62.0,73.0,"-37.546758, 143.823172"
2021-02-28T04:36:05+00:00,Fairyland,-37.546758,143.823172,68.0,79.0,"-37.546758, 143.823172"
2021-03-22T03:02:25+00:00,Fairyland,-37.546758,143.823172,60.0,71.0,"-37.546758, 143.823172"
2021-05-27T04:51:29+00:00,Fairyland,-37.546758,143.823172,60.0,67.0,"-37.546758, 143.823172"
2022-03-19T00:01:20+00:00,Fairyland,-37.546758,143.823172,61.0,74.0,"-37.546758, 143.823172"
2022-03-19T05:31:18+00:00,Fairyland,-37.546758,143.823172,70.0,78.0,"-37.546758, 143.823172"
2022-03-19T09:01:17+00:00,Fairyland,-37.546758,143.823172,64.0,78.0,"-37.546758, 143.823172"
2021-05-20T01:37:41+00:00,Fairyland,-37.546758,143.823172,71.0,77.0,"-37.546758, 143.823172"
2021-05-14T15:38:33+00:00,Fairyland,-37.546758,143.823172,61.0,84.0,"-37.546758, 143.823172"
2022-03-13T00:32:23+00:00,Fairyland,-37.546758,143.823172,62.0,69.0,"-37.546758, 143.823172"
2021-04-05T22:59:58+00:00,Fairyland,-37.546758,143.823172,62.0,76.0,"-37.546758, 143.823172"
2022-03-12T09:32:29+00:00,Fairyland,-37.546758,143.823172,61.0,68.0,"-37.546758, 143.823172"
2021-06-09T19:19:17+00:00,Fairyland,-37.546758,143.823172,61.0,80.0,"-37.546758, 143.823172"
2021-06-09T22:49:15+00:00,Fairyland,-37.546758,143.823172,61.0,71.0,"-37.546758, 143.823172"
2022-03-13T06:02:19+00:00,Fairyland,-37.546758,143.823172,63.0,69.0,"-37.546758, 143.823172"
2022-03-13T08:02:20+00:00,Fairyland,-37.546758,143.823172,61.0,68.0,"-37.546758, 143.823172"
2022-03-13T09:17:17+00:00,Fairyland,-37.546758,143.823172,61.0,68.0,"-37.546758, 143.823172"
2022-03-14T01:17:11+00:00,Fairyland,-37.546758,143.823172,61.0,69.0,"-37.546758, 143.823172"
2022-03-14T08:17:08+00:00,Fairyland,-37.546758,143.823172,62.0,84.0,"-37.546758, 143.823172"
2022-03-14T22:32:02+00:00,Fairyland,-37.546758,143.823172,63.0,65.0,"-37.546758, 143.823172"
2022-03-17T01:31:40+00:00,Fairyland,-37.546758,143.823172,61.0,70.0,"-37.546758, 143.823172"
2022-03-31T21:44:11+00:00,Fairyland,-37.546758,143.823172,68.0,70.0,"-37.546758, 143.823172"
2022-03-31T21:59:11+00:00,Fairyland,-37.546758,143.823172,64.0,73.0,"-37.546758, 143.823172"
2022-03-31T22:14:17+00:00,Fairyland,-37.546758,143.823172,69.0,78.0,"-37.546758, 143.823172"
2021-06-09T17:19:17+00:00,Fairyland,-37.546758,143.823172,63.0,75.0,"-37.546758, 143.823172"
2021-06-09T23:04:15+00:00,Fairyland,-37.546758,143.823172,60.0,74.0,"-37.546758, 143.823172"
2021-06-10T00:19:15+00:00,Fairyland,-37.546758,143.823172,61.0,79.0,"-37.546758, 143.823172"
2022-04-02T02:13:59+00:00,Fairyland,-37.546758,143.823172,65.0,79.0,"-37.546758, 143.823172"
2022-04-02T02:43:59+00:00,Fairyland,-37.546758,143.823172,68.0,80.0,"-37.546758, 143.823172"
2022-04-04T04:58:38+00:00,Fairyland,-37.546758,143.823172,65.0,74.0,"-37.546758, 143.823172"
2021-04-06T13:44:51+00:00,Fairyland,-37.546758,143.823172,61.0,76.0,"-37.546758, 143.823172"
2021-04-13T02:13:45+00:00,Fairyland,-37.546758,143.823172,61.0,82.0,"-37.546758, 143.823172"
2021-04-13T03:43:45+00:00,Fairyland,-37.546758,143.823172,61.0,75.0,"-37.546758, 143.823172"
2022-04-04T01:43:40+00:00,Fairyland,-37.546758,143.823172,72.0,88.0,"-37.546758, 143.823172"
2022-04-07T02:13:08+00:00,Fairyland,-37.546758,143.823172,60.0,69.0,"-37.546758, 143.823172"
2022-04-07T05:58:09+00:00,Fairyland,-37.546758,143.823172,60.0,71.0,"-37.546758, 143.823172"
2021-04-06T12:59:52+00:00,Fairyland,-37.546758,143.823172,61.0,75.0,"-37.546758, 143.823172"
2021-06-23T00:32:07+00:00,Fairyland,-37.546758,143.823172,60.0,85.0,"-37.546758, 143.823172"
2021-06-23T02:02:06+00:00,Fairyland,-37.546758,143.823172,60.0,82.0,"-37.546758, 143.823172"
2021-06-24T22:16:48+00:00,Fairyland,-37.546758,143.823172,60.0,68.0,"-37.546758, 143.823172"
2022-02-25T13:49:59+00:00,Fairyland,-37.546758,143.823172,60.0,70.0,"-37.546758, 143.823172"
2021-07-31T09:10:55+00:00,Fairyland,-37.546758,143.823172,61.0,71.0,"-37.546758, 143.823172"
2021-08-04T05:40:19+00:00,Fairyland,-37.546758,143.823172,60.0,72.0,"-37.546758, 143.823172"
2021-08-04T06:55:18+00:00,Fairyland,-37.546758,143.823172,62.0,89.0,"-37.546758, 143.823172"
2021-11-04T18:38:52+00:00,Fairyland,-37.546758,143.823172,65.0,79.0,"-37.546758, 143.823172"
2022-04-13T02:42:08+00:00,Fairyland,-37.546758,143.823172,60.0,73.0,"-37.546758, 143.823172"
2021-12-29T08:59:42+00:00,Fairyland,-37.546758,143.823172,62.0,79.0,"-37.546758, 143.823172"
2022-05-11T23:37:18+00:00,Fairyland,-37.546758,143.823172,60.0,65.0,"-37.546758, 143.823172"
2021-12-31T02:44:23+00:00,Fairyland,-37.546758,143.823172,60.0,74.0,"-37.546758, 143.823172"
2022-05-13T03:22:06+00:00,Fairyland,-37.546758,143.823172,60.0,73.0,"-37.546758, 143.823172"
2022-01-11T07:27:31+00:00,Fairyland,-37.546758,143.823172,60.0,71.0,"-37.546758, 143.823172"
2022-05-15T23:21:39+00:00,Fairyland,-37.546758,143.823172,60.0,68.0,"-37.546758, 143.823172"
2022-05-16T02:21:36+00:00,Fairyland,-37.546758,143.823172,62.0,69.0,"-37.546758, 143.823172"
2022-01-23T08:40:32+00:00,Fairyland,-37.546758,143.823172,68.0,74.0,"-37.546758, 143.823172"
2022-05-16T06:51:37+00:00,Fairyland,-37.546758,143.823172,62.0,89.0,"-37.546758, 143.823172"
2022-01-24T09:10:20+00:00,Fairyland,-37.546758,143.823172,66.0,77.0,"-37.546758, 143.823172"
2022-01-30T05:54:21+00:00,Fairyland,-37.546758,143.823172,62.0,76.0,"-37.546758, 143.823172"
2022-01-26T22:09:54+00:00,Fairyland,-37.546758,143.823172,60.0,67.0,"-37.546758, 143.823172"
2022-01-24T08:40:20+00:00,Fairyland,-37.546758,143.823172,63.0,78.0,"-37.546758, 143.823172"
2022-01-18T21:11:18+00:00,Fairyland,-37.546758,143.823172,67.0,81.0,"-37.546758, 143.823172"
2022-01-18T22:11:15+00:00,Fairyland,-37.546758,143.823172,65.0,78.0,"-37.546758, 143.823172"
2022-01-18T22:26:17+00:00,Fairyland,-37.546758,143.823172,67.0,82.0,"-37.546758, 143.823172"
2022-01-19T12:26:11+00:00,Fairyland,-37.546758,143.823172,65.0,79.0,"-37.546758, 143.823172"
2022-01-19T00:41:15+00:00,Fairyland,-37.546758,143.823172,67.0,80.0,"-37.546758, 143.823172"
2022-01-20T22:10:57+00:00,Fairyland,-37.546758,143.823172,64.0,70.0,"-37.546758, 143.823172"
2022-01-22T02:55:43+00:00,Fairyland,-37.546758,143.823172,60.0,67.0,"-37.546758, 143.823172"
2022-01-22T09:25:42+00:00,Fairyland,-37.546758,143.823172,64.0,75.0,"-37.546758, 143.823172"
2022-01-19T01:41:15+00:00,Fairyland,-37.546758,143.823172,63.0,78.0,"-37.546758, 143.823172"
2022-01-22T10:25:41+00:00,Fairyland,-37.546758,143.823172,65.0,74.0,"-37.546758, 143.823172"
2022-01-22T09:10:40+00:00,Fairyland,-37.546758,143.823172,66.0,79.0,"-37.546758, 143.823172"
2022-02-24T01:05:34+00:00,Fairyland,-37.546758,143.823172,60.0,68.0,"-37.546758, 143.823172"
2022-02-26T07:04:50+00:00,Fairyland,-37.546758,143.823172,65.0,80.0,"-37.546758, 143.823172"
2022-02-02T20:53:45+00:00,Fairyland,-37.546758,143.823172,62.0,75.0,"-37.546758, 143.823172"
2022-02-05T05:38:24+00:00,Fairyland,-37.546758,143.823172,60.0,73.0,"-37.546758, 143.823172"
2022-02-06T06:23:13+00:00,Fairyland,-37.546758,143.823172,60.0,72.0,"-37.546758, 143.823172"
2022-02-07T06:53:01+00:00,Fairyland,-37.546758,143.823172,61.0,78.0,"-37.546758, 143.823172"
2022-02-10T08:07:29+00:00,Fairyland,-37.546758,143.823172,61.0,78.0,"-37.546758, 143.823172"
2022-10-23T13:25:21+00:00,Fairyland,-37.546758,143.823172,63.0,78.0,"-37.546758, 143.823172"
2022-03-06T14:18:32+00:00,Fairyland,-37.546758,143.823172,75.0,93.0,"-37.546758, 143.823172"
2022-03-06T13:18:26+00:00,Fairyland,-37.546758,143.823172,64.0,90.0,"-37.546758, 143.823172"
2022-03-06T15:18:27+00:00,Fairyland,-37.546758,143.823172,69.0,87.0,"-37.546758, 143.823172"
2022-03-06T21:33:23+00:00,Fairyland,-37.546758,143.823172,63.0,82.0,"-37.546758, 143.823172"
2022-03-06T22:18:22+00:00,Fairyland,-37.546758,143.823172,60.0,69.0,"-37.546758, 143.823172"
2022-03-06T20:33:23+00:00,Fairyland,-37.546758,143.823172,68.0,81.0,"-37.546758, 143.823172"
2022-03-06T23:48:22+00:00,Fairyland,-37.546758,143.823172,60.0,69.0,"-37.546758, 143.823172"
2022-03-02T01:34:14+00:00,Fairyland,-37.546758,143.823172,61.0,74.0,"-37.546758, 143.823172"
2022-10-22T12:40:32+00:00,Fairyland,-37.546758,143.823172,60.0,71.0,"-37.546758, 143.823172"
2022-03-14T05:32:09+00:00,Fairyland,-37.546758,143.823172,63.0,74.0,"-37.546758, 143.823172"
2022-03-19T07:01:18+00:00,Fairyland,-37.546758,143.823172,72.0,82.0,"-37.546758, 143.823172"
2022-03-19T06:01:18+00:00,Fairyland,-37.546758,143.823172,70.0,79.0,"-37.546758, 143.823172"
2022-03-18T23:46:21+00:00,Fairyland,-37.546758,143.823172,60.0,76.0,"-37.546758, 143.823172"
2022-03-19T03:46:19+00:00,Fairyland,-37.546758,143.823172,67.0,79.0,"-37.546758, 143.823172"
2022-03-20T11:16:06+00:00,Fairyland,-37.546758,143.823172,60.0,70.0,"-37.546758, 143.823172"
2022-03-31T23:14:10+00:00,Fairyland,-37.546758,143.823172,69.0,85.0,"-37.546758, 143.823172"
2022-04-01T02:14:12+00:00,Fairyland,-37.546758,143.823172,62.0,83.0,"-37.546758, 143.823172"
2022-04-02T02:29:12+00:00,Fairyland,-37.546758,143.823172,61.0,72.0,"-37.546758, 143.823172"
2022-04-07T02:28:17+00:00,Fairyland,-37.546758,143.823172,62.0,69.0,"-37.546758, 143.823172"
2022-04-07T01:43:15+00:00,Fairyland,-37.546758,143.823172,62.0,74.0,"-37.546758, 143.823172"
2022-04-22T00:40:38+00:00,Fairyland,-37.546758,143.823172,61.0,77.0,"-37.546758, 143.823172"
2022-04-13T01:27:08+00:00,Fairyland,-37.546758,143.823172,62.0,71.0,"-37.546758, 143.823172"
2022-04-13T01:42:08+00:00,Fairyland,-37.546758,143.823172,64.0,72.0,"-37.546758, 143.823172"
2022-04-13T07:57:06+00:00,Fairyland,-37.546758,143.823172,60.0,69.0,"-37.546758, 143.823172"
2022-03-31T00:59:20+00:00,Fairyland,-37.546758,143.823172,60.0,66.0,"-37.546758, 143.823172"
2022-04-14T01:11:58+00:00,Fairyland,-37.546758,143.823172,60.0,64.0,"-37.546758, 143.823172"
2022-05-11T22:37:18+00:00,Fairyland,-37.546758,143.823172,63.0,66.0,"-37.546758, 143.823172"
2022-05-13T01:22:07+00:00,Fairyland,-37.546758,143.823172,62.0,76.0,"-37.546758, 143.823172"
2022-08-14T23:06:54+00:00,Fairyland,-37.546758,143.823172,60.0,71.0,"-37.546758, 143.823172"
2022-11-19T08:50:56+00:00,Fairyland,-37.546758,143.823172,60.0,74.0,"-37.546758, 143.823172"
2022-05-29T23:19:21+00:00,Fairyland,-37.546758,143.823172,61.0,75.0,"-37.546758, 143.823172"
2022-07-09T21:42:42+00:00,Fairyland,-37.546758,143.823172,63.0,71.0,"-37.546758, 143.823172"
2023-06-07T01:32:39+00:00,Fairyland,-37.546758,143.823172,65.0,84.0,"-37.546758, 143.823172"
2023-03-23T20:30:08+00:00,Fairyland,-37.546758,143.823172,60.0,72.0,"-37.546758, 143.823172"
2023-06-03T08:18:16+00:00,Fairyland,-37.546758,143.823172,60.0,76.0,"-37.546758, 143.823172"
2023-04-06T20:27:48+00:00,Fairyland,-37.546758,143.823172,60.0,78.0,"-37.546758, 143.823172"
2023-06-07T02:02:45+00:00,Fairyland,-37.546758,143.823172,62.0,94.0,"-37.546758, 143.823172"
2023-06-06T20:02:41+00:00,Fairyland,-37.546758,143.823172,60.0,84.0,"-37.546758, 143.823172"
2023-06-07T02:32:38+00:00,Fairyland,-37.546758,143.823172,60.0,83.0,"-37.546758, 143.823172"
2023-06-07T08:02:42+00:00,Fairyland,-37.546758,143.823172,60.0,88.0,"-37.546758, 143.823172"
2023-05-30T21:33:50+00:00,Fairyland,-37.546758,143.823172,63.0,74.0,"-37.546758, 143.823172"
2023-06-20T22:28:50+00:00,Fairyland,-37.546758,143.823172,60.0,66.0,"-37.546758, 143.823172"
2023-06-22T12:28:35+00:00,Fairyland,-37.546758,143.823172,61.0,83.0,"-37.546758, 143.823172"
2020-05-30T08:21:09+00:00,Fairyland,-37.546758,143.823172,61.0,88.0,"-37.546758, 143.823172"
2020-05-30T09:06:09+00:00,Fairyland,-37.546758,143.823172,61.0,93.0,"-37.546758, 143.823172"
2020-05-30T12:51:07+00:00,Fairyland,-37.546758,143.823172,60.0,90.0,"-37.546758, 143.823172"
2020-06-01T05:20:52+00:00,Fairyland,-37.546758,143.823172,61.0,79.0,"-37.546758, 143.823172"
2020-04-17T02:58:15+00:00,Fairyland,6.0,6.0,60.0,76.0,"6.0, 6.0"
2020-04-19T20:27:49+00:00,Fairyland,-37.546758,143.823172,60.0,81.0,"-37.546758, 143.823172"
2020-04-02T04:45:49+00:00,Fairyland,-37.546758,143.823172,62.0,79.0,"-37.546758, 143.823172"
2020-03-29T13:31:25+00:00,Fairyland,-37.546758,143.823172,68.0,83.0,"-37.546758, 143.823172"
2020-03-26T12:46:56+00:00,Fairyland,-37.546758,143.823172,65.0,79.0,"-37.546758, 143.823172"
2021-04-14T03:58:34+00:00,Fairyland,-37.546758,143.823172,60.0,79.0,"-37.546758, 143.823172"
2020-08-27T09:21:48+00:00,Fairyland,-37.546758,143.823172,60.0,77.0,"-37.546758, 143.823172"
2020-09-09T16:19:38+00:00,Fairyland,-37.546758,143.823172,81.0,92.0,"-37.546758, 143.823172"
2020-09-09T15:49:36+00:00,Fairyland,-37.546758,143.823172,76.0,86.0,"-37.546758, 143.823172"
2020-09-09T17:19:37+00:00,Fairyland,-37.546758,143.823172,77.0,90.0,"-37.546758, 143.823172"
2020-09-09T18:04:37+00:00,Fairyland,-37.546758,143.823172,73.0,87.0,"-37.546758, 143.823172"
2020-09-10T02:49:32+00:00,Fairyland,-37.546758,143.823172,60.0,77.0,"-37.546758, 143.823172"
2020-09-10T22:04:25+00:00,Fairyland,-37.546758,143.823172,65.0,88.0,"-37.546758, 143.823172"
2020-09-10T21:49:25+00:00,Fairyland,-37.546758,143.823172,65.0,82.0,"-37.546758, 143.823172"
2020-09-11T00:19:23+00:00,Fairyland,-37.546758,143.823172,62.0,81.0,"-37.546758, 143.823172"
2020-09-11T01:04:23+00:00,Fairyland,-37.546758,143.823172,65.0,90.0,"-37.546758, 143.823172"
2020-09-11T05:19:21+00:00,Fairyland,-37.546758,143.823172,60.0,87.0,"-37.546758, 143.823172"
2020-09-13T19:48:55+00:00,Fairyland,-37.546758,143.823172,60.0,71.0,"-37.546758, 143.823172"
2020-09-17T02:33:22+00:00,Fairyland,-37.546758,143.823172,60.0,74.0,"-37.546758, 143.823172"
2020-09-17T03:18:22+00:00,Fairyland,-37.546758,143.823172,65.0,86.0,"-37.546758, 143.823172"
2020-09-17T04:48:21+00:00,Fairyland,-37.546758,143.823172,61.0,83.0,"-37.546758, 143.823172"
2020-09-17T06:48:21+00:00,Fairyland,-37.546758,143.823172,61.0,79.0,"-37.546758, 143.823172"
2020-09-17T18:18:16+00:00,Fairyland,-37.546758,143.823172,65.0,78.0,"-37.546758, 143.823172"
2020-09-18T21:18:05+00:00,Fairyland,-37.546758,143.823172,60.0,76.0,"-37.546758, 143.823172"
2020-09-19T00:03:04+00:00,Fairyland,-37.546758,143.823172,62.0,86.0,"-37.546758, 143.823172"
2020-09-19T01:03:03+00:00,Fairyland,-37.546758,143.823172,62.0,84.0,"-37.546758, 143.823172"
2020-09-19T07:33:00+00:00,Fairyland,-37.546758,143.823172,62.0,81.0,"-37.546758, 143.823172"
2020-09-19T12:17:58+00:00,Fairyland,-37.546758,143.823172,67.0,88.0,"-37.546758, 143.823172"
2020-09-19T13:32:58+00:00,Fairyland,-37.546758,143.823172,61.0,79.0,"-37.546758, 143.823172"
2020-09-20T21:32:44+00:00,Fairyland,-37.546758,143.823172,75.0,93.0,"-37.546758, 143.823172"
2020-09-23T00:17:24+00:00,Fairyland,-37.546758,143.823172,60.0,74.0,"-37.546758, 143.823172"
2020-09-23T05:02:22+00:00,Fairyland,-37.546758,143.823172,61.0,82.0,"-37.546758, 143.823172"
2020-09-23T06:32:22+00:00,Fairyland,-37.546758,143.823172,60.0,83.0,"-37.546758, 143.823172"
2020-09-21T02:32:42+00:00,Fairyland,-37.546758,143.823172,61.0,84.0,"-37.546758, 143.823172"
2020-08-29T03:51:29+00:00,Fairyland,-37.546758,143.823172,60.0,82.0,"-37.546758, 143.823172"
2020-08-29T18:21:23+00:00,Fairyland,-37.546758,143.823172,60.0,83.0,"-37.546758, 143.823172"
2020-09-01T07:05:59+00:00,Fairyland,-37.546758,143.823172,60.0,84.0,"-37.546758, 143.823172"
2020-09-23T00:32:23+00:00,Fairyland,-37.546758,143.823172,60.0,74.0,"-37.546758, 143.823172"
2020-10-14T22:13:47+00:00,Fairyland,-37.546758,143.823172,60.0,81.0,"-37.546758, 143.823172"
2020-10-14T22:28:47+00:00,Fairyland,-37.546758,143.823172,60.0,68.0,"-37.546758, 143.823172"
2020-10-21T16:57:40+00:00,Fairyland,-37.546758,143.823172,60.0,75.0,"-37.546758, 143.823172"
2020-10-08T14:29:52+00:00,Fairyland,-37.546758,143.823172,62.0,78.0,"-37.546758, 143.823172"
2020-10-26T11:41:54+00:00,Fairyland,-37.546758,143.823172,74.0,83.0,"-37.546758, 143.823172"
2020-10-18T21:43:09+00:00,Fairyland,-37.546758,143.823172,61.0,78.0,"-37.546758, 143.823172"
2020-10-19T02:43:07+00:00,Fairyland,-37.546758,143.823172,62.0,68.0,"-37.546758, 143.823172"
2020-10-28T07:26:36+00:00,Fairyland,-37.546758,143.823172,60.0,68.0,"-37.546758, 143.823172"
2020-10-06T07:45:13+00:00,Fairyland,-37.546758,143.823172,60.0,81.0,"-37.546758, 143.823172"
2020-10-08T10:44:53+00:00,Fairyland,-37.546758,143.823172,71.0,93.0,"-37.546758, 143.823172"
2020-11-07T16:39:51+00:00,Fairyland,-37.546758,143.823172,60.0,73.0,"-37.546758, 143.823172"
2020-11-07T20:54:49+00:00,Fairyland,-37.546758,143.823172,65.0,81.0,"-37.546758, 143.823172"
2020-11-10T22:24:19+00:00,Fairyland,-37.546758,143.823172,60.0,74.0,"-37.546758, 143.823172"
2020-11-11T05:24:16+00:00,Fairyland,-37.546758,143.823172,60.0,78.0,"-37.546758, 143.823172"
2020-11-11T06:39:16+00:00,Fairyland,-37.546758,143.823172,65.0,85.0,"-37.546758, 143.823172"
2021-12-04T22:33:47+00:00,Fairyland,-37.546758,143.823172,60.0,72.0,"-37.546758, 143.823172"
2022-01-25T08:10:11+00:00,Fairyland,-37.546758,143.823172,60.0,72.0,"-37.546758, 143.823172"
2022-01-23T05:10:33+00:00,Fairyland,-37.546758,143.823172,61.0,74.0,"-37.546758, 143.823172"
2022-01-23T07:40:32+00:00,Fairyland,-37.546758,143.823172,60.0,73.0,"-37.546758, 143.823172"
2022-05-13T03:37:06+00:00,Fairyland,-37.546758,143.823172,60.0,68.0,"-37.546758, 143.823172"
2022-05-10T22:37:29+00:00,Fairyland,-37.546758,143.823172,63.0,77.0,"-37.546758, 143.823172"
2022-05-15T23:51:38+00:00,Fairyland,-37.546758,143.823172,62.0,74.0,"-37.546758, 143.823172"
2022-05-15T22:51:39+00:00,Fairyland,-37.546758,143.823172,63.0,75.0,"-37.546758, 143.823172"
2022-05-16T00:36:38+00:00,Fairyland,-37.546758,143.823172,62.0,77.0,"-37.546758, 143.823172"
2022-05-16T03:51:42+00:00,Fairyland,-37.546758,143.823172,61.0,73.0,"-37.546758, 143.823172"
2022-05-16T04:36:42+00:00,Fairyland,-37.546758,143.823172,60.0,72.0,"-37.546758, 143.823172"
2022-05-16T21:51:31+00:00,Fairyland,-37.546758,143.823172,63.0,78.0,"-37.546758, 143.823172"
2023-01-31T17:23:41+00:00,Fairyland,-37.546758,143.823172,61.0,68.0,"-37.546758, 143.823172"
2022-06-04T04:33:31+00:00,Fairyland,-37.546758,143.823172,60.0,73.0,"-37.546758, 143.823172"
2022-06-11T10:47:20+00:00,Fairyland,-37.546758,143.823172,60.0,75.0,"-37.546758, 143.823172"
2022-07-07T23:13:01+00:00,Fairyland,-37.546758,143.823172,60.0,69.0,"-37.546758, 143.823172"
2022-06-16T22:01:26+00:00,Fairyland,-37.546758,143.823172,62.0,67.0,"-37.546758, 143.823172"
2022-10-23T12:55:21+00:00,Fairyland,-37.546758,143.823172,66.0,82.0,"-37.546758, 143.823172"
2022-10-23T22:10:18+00:00,Fairyland,-37.546758,143.823172,60.0,73.0,"-37.546758, 143.823172"
2022-10-24T02:40:16+00:00,Fairyland,-37.546758,143.823172,60.0,68.0,"-37.546758, 143.823172"
2022-10-23T17:40:32+00:00,Fairyland,-37.546758,143.823172,64.0,77.0,"-37.546758, 143.823172"
2022-11-10T20:52:20+00:00,Fairyland,-37.546758,143.823172,64.0,71.0,"-37.546758, 143.823172"
2022-11-13T16:21:58+00:00,Fairyland,-37.546758,143.823172,61.0,82.0,"-37.546758, 143.823172"
2024-05-30T06:01:31+00:00,Fairyland,-37.546758,143.823172,61.0,78.0,"-37.546758, 143.823172"
2022-11-19T02:50:58+00:00,Fairyland,-37.546758,143.823172,60.0,72.0,"-37.546758, 143.823172"
2022-10-23T16:55:32+00:00,Fairyland,-37.546758,143.823172,62.0,72.0,"-37.546758, 143.823172"
2022-08-24T00:20:21+00:00,Fairyland,-37.546758,143.823172,60.0,74.0,"-37.546758, 143.823172"
2022-07-31T07:54:13+00:00,Fairyland,-37.546758,143.823172,61.0,83.0,"-37.546758, 143.823172"
2022-09-12T22:02:06+00:00,Fairyland,-37.546758,143.823172,61.0,81.0,"-37.546758, 143.823172"
2023-03-08T20:32:40+00:00,Fairyland,-37.546758,143.823172,60.0,68.0,"-37.546758, 143.823172"
2022-06-30T22:59:09+00:00,Fairyland,-37.546758,143.823172,67.0,69.0,"-37.546758, 143.823172"
2022-10-23T17:25:26+00:00,Fairyland,-37.546758,143.823172,62.0,76.0,"-37.546758, 143.823172"
2022-10-23T14:10:21+00:00,Fairyland,-37.546758,143.823172,66.0,79.0,"-37.546758, 143.823172"
2022-10-23T12:10:28+00:00,Fairyland,-37.546758,143.823172,62.0,78.0,"-37.546758, 143.823172"
2022-10-12T22:12:08+00:00,Fairyland,-37.546758,143.823172,61.0,80.0,"-37.546758, 143.823172"
2022-09-29T16:44:20+00:00,Fairyland,-37.546758,143.823172,60.0,70.0,"-37.546758, 143.823172"
2022-10-04T12:58:32+00:00,Fairyland,-37.546758,143.823172,70.0,83.0,"-37.546758, 143.823172"
2024-06-10T21:44:42+00:00,Fairyland,-37.546758,143.823172,60.0,92.0,"-37.546758, 143.823172"
2022-08-02T14:53:57+00:00,Fairyland,-37.546758,143.823172,61.0,87.0,"-37.546758, 143.823172"
2022-08-02T21:53:47+00:00,Fairyland,-37.546758,143.823172,61.0,81.0,"-37.546758, 143.823172"
2022-08-24T07:05:26+00:00,Fairyland,-37.546758,143.823172,60.0,69.0,"-37.546758, 143.823172"
2020-04-03T12:45:29+00:00,Fairyland,6.0,6.0,62.0,75.0,"6.0, 6.0"
2020-04-04T00:30:24+00:00,Fairyland,6.0,6.0,61.0,73.0,"6.0, 6.0"
2020-04-05T02:30:14+00:00,Fairyland,6.0,6.0,61.0,78.0,"6.0, 6.0"
2020-04-05T04:45:13+00:00,Fairyland,6.0,6.0,63.0,86.0,"6.0, 6.0"
2020-04-11T01:14:14+00:00,Fairyland,6.0,6.0,62.0,79.0,"6.0, 6.0"
2020-04-10T22:59:15+00:00,Fairyland,6.0,6.0,63.0,83.0,"6.0, 6.0"
2020-04-16T03:28:24+00:00,Fairyland,6.0,6.0,60.0,86.0,"6.0, 6.0"
2020-04-16T22:13:17+00:00,Fairyland,6.0,6.0,62.0,80.0,"6.0, 6.0"
2020-04-16T23:43:15+00:00,Fairyland,6.0,6.0,60.0,72.0,"6.0, 6.0"
2020-04-17T02:43:14+00:00,Fairyland,6.0,6.0,60.0,80.0,"6.0, 6.0"
2020-04-17T03:58:14+00:00,Fairyland,6.0,6.0,61.0,75.0,"6.0, 6.0"
2020-04-20T02:12:46+00:00,Fairyland,-37.546758,143.823172,65.0,85.0,"-37.546758, 143.823172"
2020-04-20T03:12:46+00:00,Fairyland,-37.546758,143.823172,60.0,79.0,"-37.546758, 143.823172"
2020-04-02T04:15:49+00:00,Fairyland,-37.546758,143.823172,69.0,87.0,"-37.546758, 143.823172"
2020-03-26T16:16:55+00:00,Fairyland,-37.546758,143.823172,62.0,71.0,"-37.546758, 143.823172"
2020-03-04T02:20:40+00:00,Fairyland,-37.546758,143.823172,66.0,78.0,"-37.546758, 143.823172"
2020-02-26T10:21:45+00:00,Fairyland,-37.546758,143.823172,60.0,80.0,"-37.546758, 143.823172"
2020-02-25T16:06:54+00:00,Fairyland,-37.546758,143.823172,63.0,78.0,"-37.546758, 143.823172"
2020-02-25T14:21:55+00:00,Fairyland,-37.546758,143.823172,63.0,85.0,"-37.546758, 143.823172"
2020-02-23T22:52:11+00:00,Fairyland,-37.546758,143.823172,66.0,78.0,"-37.546758, 143.823172"
2020-02-18T16:38:03+00:00,Fairyland,-37.546758,143.823172,62.0,82.0,"-37.546758, 143.823172"
2020-02-16T22:38:21+00:00,Fairyland,-37.546758,143.823172,64.0,81.0,"-37.546758, 143.823172"
2020-02-16T16:38:24+00:00,Fairyland,-37.546758,143.823172,62.0,76.0,"-37.546758, 143.823172"
2020-02-16T12:08:25+00:00,Fairyland,-37.546758,143.823172,70.0,83.0,"-37.546758, 143.823172"
2020-02-15T14:08:36+00:00,Fairyland,-37.546758,143.823172,61.0,68.0,"-37.546758, 143.823172"
2020-02-14T17:38:45+00:00,Fairyland,-37.546758,143.823172,63.0,82.0,"-37.546758, 143.823172"
2020-02-13T09:38:56+00:00,Fairyland,-37.546758,143.823172,64.0,71.0,"-37.546758, 143.823172"
2020-02-13T04:53:58+00:00,Fairyland,-37.546758,143.823172,70.0,82.0,"-37.546758, 143.823172"
2020-02-13T02:09:00+00:00,Fairyland,-37.546758,143.823172,67.0,89.0,"-37.546758, 143.823172"
2020-02-10T01:54:30+00:00,Fairyland,-37.546758,143.823172,68.0,79.0,"-37.546758, 143.823172"
2020-02-09T20:24:33+00:00,Fairyland,-37.546758,143.823172,74.0,93.0,"-37.546758, 143.823172"
2020-02-09T14:54:35+00:00,Fairyland,-37.546758,143.823172,62.0,73.0,"-37.546758, 143.823172"
2020-02-09T00:24:41+00:00,Fairyland,-37.546758,143.823172,63.0,79.0,"-37.546758, 143.823172"
2020-02-08T18:54:43+00:00,Fairyland,-37.546758,143.823172,75.0,93.0,"-37.546758, 143.823172"
2020-02-08T16:54:44+00:00,Fairyland,-37.546758,143.823172,70.0,86.0,"-37.546758, 143.823172"
2020-02-08T13:39:46+00:00,Fairyland,-37.546758,143.823172,69.0,86.0,"-37.546758, 143.823172"
2020-02-08T10:39:47+00:00,Fairyland,-37.546758,143.823172,71.0,85.0,"-37.546758, 143.823172"
2020-02-08T09:09:48+00:00,Fairyland,-37.546758,143.823172,68.0,83.0,"-37.546758, 143.823172"
2020-02-08T08:54:48+00:00,Fairyland,-37.546758,143.823172,70.0,81.0,"-37.546758, 143.823172"
2020-02-06T17:40:04+00:00,Fairyland,-37.546758,143.823172,63.0,73.0,"-37.546758, 143.823172"
2020-02-06T01:55:11+00:00,Fairyland,-37.546758,143.823172,63.0,82.0,"-37.546758, 143.823172"
2020-02-05T19:10:14+00:00,Fairyland,-37.546758,143.823172,68.0,86.0,"-37.546758, 143.823172"
2020-02-05T13:55:15+00:00,Fairyland,-37.546758,143.823172,63.0,76.0,"-37.546758, 143.823172"
2020-02-05T10:25:17+00:00,Fairyland,-37.546758,143.823172,61.0,79.0,"-37.546758, 143.823172"
2020-02-05T10:10:17+00:00,Fairyland,-37.546758,143.823172,66.0,83.0,"-37.546758, 143.823172"
2020-02-05T04:25:20+00:00,Fairyland,-37.546758,143.823172,62.0,81.0,"-37.546758, 143.823172"
2020-02-04T09:55:29+00:00,Fairyland,-37.546758,143.823172,60.0,77.0,"-37.546758, 143.823172"
2020-02-01T04:41:00+00:00,Fairyland,-37.546758,143.823172,60.0,72.0,"-37.546758, 143.823172"
2020-01-31T18:56:04+00:00,Fairyland,-37.546758,143.823172,66.0,94.0,"-37.546758, 143.823172"
2020-01-31T14:11:06+00:00,Fairyland,-37.546758,143.823172,63.0,89.0,"-37.546758, 143.823172"
2020-01-31T07:41:09+00:00,Fairyland,-37.546758,143.823172,60.0,73.0,"-37.546758, 143.823172"
2020-01-29T20:26:22+00:00,Fairyland,-37.546758,143.823172,64.0,78.0,"-37.546758, 143.823172"
2020-01-27T10:26:47+00:00,Fairyland,-37.546758,143.823172,61.0,67.0,"-37.546758, 143.823172"
2020-01-24T12:42:15+00:00,Fairyland,-37.546758,143.823172,60.0,72.0,"-37.546758, 143.823172"
2020-01-22T13:12:36+00:00,Fairyland,-37.546758,143.823172,62.0,99.0,"-37.546758, 143.823172"
2020-01-22T10:57:36+00:00,Fairyland,-37.546758,143.823172,62.0,89.0,"-37.546758, 143.823172"
2020-01-18T01:43:20+00:00,Fairyland,-37.546758,143.823172,65.0,79.0,"-37.546758, 143.823172"
2020-01-18T01:28:20+00:00,Fairyland,-37.546758,143.823172,60.0,79.0,"-37.546758, 143.823172"
2020-01-17T23:43:21+00:00,Fairyland,-37.546758,143.823172,67.0,87.0,"-37.546758, 143.823172"
2020-01-17T21:13:22+00:00,Fairyland,-37.546758,143.823172,61.0,81.0,"-37.546758, 143.823172"
2020-01-14T23:13:52+00:00,Fairyland,-37.546758,143.823172,63.0,73.0,"-37.546758, 143.823172"
2020-01-14T20:58:52+00:00,Fairyland,-37.546758,143.823172,70.0,86.0,"-37.546758, 143.823172"
2020-01-14T17:58:53+00:00,Fairyland,-37.546758,143.823172,60.0,73.0,"-37.546758, 143.823172"
2020-01-13T02:29:11+00:00,Fairyland,-37.546758,143.823172,74.0,90.0,"-37.546758, 143.823172"
2020-01-12T18:14:14+00:00,Fairyland,-37.546758,143.823172,62.0,80.0,"-37.546758, 143.823172"
2020-01-12T16:44:15+00:00,Fairyland,-37.546758,143.823172,63.0,69.0,"-37.546758, 143.823172"
2020-01-12T15:44:15+00:00,Fairyland,-37.546758,143.823172,63.0,72.0,"-37.546758, 143.823172"
2020-01-12T14:14:16+00:00,Fairyland,-37.546758,143.823172,61.0,78.0,"-37.546758, 143.823172"
2020-01-08T16:29:53+00:00,Fairyland,-37.546758,143.823172,63.0,82.0,"-37.546758, 143.823172"
2020-01-08T13:44:55+00:00,Fairyland,-37.546758,143.823172,73.0,86.0,"-37.546758, 143.823172"
2020-01-08T07:59:57+00:00,Fairyland,-37.546758,143.823172,62.0,78.0,"-37.546758, 143.823172"
2020-04-29T02:26:15+00:00,Fairyland,-37.546758,143.823172,61.0,72.0,"-37.546758, 143.823172"
2020-04-30T04:11:04+00:00,Fairyland,-37.546758,143.823172,67.0,88.0,"-37.546758, 143.823172"
2020-04-30T14:56:00+00:00,Fairyland,-37.546758,143.823172,62.0,88.0,"-37.546758, 143.823172"
2020-04-30T19:40:58+00:00,Fairyland,-37.546758,143.823172,62.0,78.0,"-37.546758, 143.823172"
2020-04-30T21:25:58+00:00,Fairyland,-37.546758,143.823172,62.0,82.0,"-37.546758, 143.823172"
2020-05-01T00:25:56+00:00,Fairyland,-37.546758,143.823172,63.0,72.0,"-37.546758, 143.823172"
2020-05-01T02:25:56+00:00,Fairyland,-37.546758,143.823172,69.0,88.0,"-37.546758, 143.823172"
2020-05-01T02:55:55+00:00,Fairyland,-37.546758,143.823172,66.0,82.0,"-37.546758, 143.823172"
2020-05-01T04:10:55+00:00,Fairyland,-37.546758,143.823172,69.0,89.0,"-37.546758, 143.823172"
2020-05-01T04:40:55+00:00,Fairyland,-37.546758,143.823172,71.0,86.0,"-37.546758, 143.823172"
2020-05-01T14:40:51+00:00,Fairyland,-37.546758,143.823172,64.0,87.0,"-37.546758, 143.823172"
2020-05-01T15:55:50+00:00,Fairyland,-37.546758,143.823172,61.0,84.0,"-37.546758, 143.823172"
2020-05-01T16:40:50+00:00,Fairyland,-37.546758,143.823172,60.0,89.0,"-37.546758, 143.823172"
2020-05-02T01:25:47+00:00,Fairyland,-37.546758,143.823172,60.0,75.0,"-37.546758, 143.823172"
2020-05-02T01:55:46+00:00,Fairyland,-37.546758,143.823172,62.0,81.0,"-37.546758, 143.823172"
2020-05-04T04:25:26+00:00,Fairyland,-37.546758,143.823172,74.0,81.0,"-37.546758, 143.823172"
2020-05-06T04:10:06+00:00,Fairyland,-37.546758,143.823172,62.0,88.0,"-37.546758, 143.823172"
2020-05-08T01:39:47+00:00,Fairyland,-37.546758,143.823172,60.0,66.0,"-37.546758, 143.823172"
2020-05-11T22:24:11+00:00,Fairyland,-37.546758,143.823172,61.0,74.0,"-37.546758, 143.823172"
2020-05-12T22:38:59+00:00,Fairyland,-37.546758,143.823172,67.0,87.0,"-37.546758, 143.823172"
2020-05-12T22:53:59+00:00,Fairyland,-37.546758,143.823172,62.0,87.0,"-37.546758, 143.823172"
2020-05-13T01:53:58+00:00,Fairyland,-37.546758,143.823172,61.0,76.0,"-37.546758, 143.823172"
2020-05-13T22:38:50+00:00,Fairyland,-37.546758,143.823172,67.0,84.0,"-37.546758, 143.823172"
2020-05-24T21:22:03+00:00,Fairyland,-37.546758,143.823172,70.0,83.0,"-37.546758, 143.823172"
2020-05-24T21:52:03+00:00,Fairyland,-37.546758,143.823172,71.0,83.0,"-37.546758, 143.823172"
2020-05-25T00:07:03+00:00,Fairyland,-37.546758,143.823172,77.0,89.0,"-37.546758, 143.823172"
2020-05-25T03:22:02+00:00,Fairyland,-37.546758,143.823172,68.0,79.0,"-37.546758, 143.823172"
2020-05-25T05:22:01+00:00,Fairyland,-37.546758,143.823172,62.0,70.0,"-37.546758, 143.823172"
2020-05-25T05:52:01+00:00,Fairyland,-37.546758,143.823172,60.0,68.0,"-37.546758, 143.823172"
2020-05-25T07:22:00+00:00,Fairyland,-37.546758,143.823172,60.0,68.0,"-37.546758, 143.823172"
2021-01-15T00:13:28+00:00,Fairyland,-37.546758,143.823172,60.0,76.0,"-37.546758, 143.823172"
2020-04-04T01:45:23+00:00,Fairyland,6.0,6.0,62.0,79.0,"6.0, 6.0"
2020-04-05T23:00:05+00:00,Fairyland,6.0,6.0,60.0,68.0,"6.0, 6.0"
2020-04-10T21:59:16+00:00,Fairyland,6.0,6.0,60.0,84.0,"6.0, 6.0"
2020-04-11T00:44:15+00:00,Fairyland,6.0,6.0,65.0,83.0,"6.0, 6.0"
2020-04-11T02:59:14+00:00,Fairyland,6.0,6.0,62.0,77.0,"6.0, 6.0"
2020-06-29T23:01:11+00:00,Fairyland,-37.546758,143.823172,60.0,84.0,"-37.546758, 143.823172"
2020-06-30T01:46:10+00:00,Fairyland,-37.546758,143.823172,61.0,81.0,"-37.546758, 143.823172"
2020-07-01T00:46:01+00:00,Fairyland,-37.546758,143.823172,60.0,73.0,"-37.546758, 143.823172"
2020-07-01T08:45:58+00:00,Fairyland,-37.546758,143.823172,61.0,94.0,"-37.546758, 143.823172"
2020-07-01T09:00:58+00:00,Fairyland,-37.546758,143.823172,60.0,77.0,"-37.546758, 143.823172"
2020-07-02T00:45:51+00:00,Fairyland,-37.546758,143.823172,60.0,75.0,"-37.546758, 143.823172"
2020-07-03T02:15:42+00:00,Fairyland,-37.546758,143.823172,61.0,73.0,"-37.546758, 143.823172"
2020-07-03T02:30:42+00:00,Fairyland,-37.546758,143.823172,62.0,79.0,"-37.546758, 143.823172"
2020-07-03T03:15:42+00:00,Fairyland,-37.546758,143.823172,64.0,80.0,"-37.546758, 143.823172"
2020-07-03T03:30:42+00:00,Fairyland,-37.546758,143.823172,61.0,78.0,"-37.546758, 143.823172"
2020-07-12T01:59:15+00:00,Fairyland,-37.546758,143.823172,60.0,70.0,"-37.546758, 143.823172"
2020-07-12T23:44:07+00:00,Fairyland,-37.546758,143.823172,65.0,83.0,"-37.546758, 143.823172"
2020-07-14T11:13:52+00:00,Fairyland,-37.546758,143.823172,61.0,77.0,"-37.546758, 143.823172"
2020-07-14T13:28:51+00:00,Fairyland,-37.546758,143.823172,67.0,80.0,"-37.546758, 143.823172"
2020-07-14T15:58:50+00:00,Fairyland,-37.546758,143.823172,66.0,83.0,"-37.546758, 143.823172"
2020-07-14T17:43:49+00:00,Fairyland,-37.546758,143.823172,72.0,83.0,"-37.546758, 143.823172"
2020-07-14T18:58:49+00:00,Fairyland,-37.546758,143.823172,77.0,87.0,"-37.546758, 143.823172"
2020-07-14T19:28:49+00:00,Fairyland,-37.546758,143.823172,74.0,86.0,"-37.546758, 143.823172"
2020-07-14T21:43:48+00:00,Fairyland,-37.546758,143.823172,76.0,85.0,"-37.546758, 143.823172"
2020-07-15T07:13:44+00:00,Fairyland,-37.546758,143.823172,60.0,67.0,"-37.546758, 143.823172"
2020-07-18T01:13:17+00:00,Fairyland,-37.546758,143.823172,60.0,78.0,"-37.546758, 143.823172"
2020-06-18T03:48:06+00:00,Fairyland,-37.546758,143.823172,61.0,81.0,"-37.546758, 143.823172"
2020-06-18T05:03:06+00:00,Fairyland,-37.546758,143.823172,61.0,77.0,"-37.546758, 143.823172"
2020-06-19T05:02:57+00:00,Fairyland,-37.546758,143.823172,60.0,82.0,"-37.546758, 143.823172"
2020-06-19T05:32:56+00:00,Fairyland,-37.546758,143.823172,60.0,75.0,"-37.546758, 143.823172"
2020-06-19T05:47:56+00:00,Fairyland,-37.546758,143.823172,60.0,92.0,"-37.546758, 143.823172"
2020-06-19T15:47:52+00:00,Fairyland,-37.546758,143.823172,60.0,84.0,"-37.546758, 143.823172"
2020-08-29T05:21:29+00:00,Fairyland,-37.546758,143.823172,60.0,79.0,"-37.546758, 143.823172"
2020-08-18T19:53:09+00:00,Fairyland,-37.546758,143.823172,60.0,69.0,"-37.546758, 143.823172"
2020-08-19T15:08:01+00:00,Fairyland,-37.546758,143.823172,64.0,82.0,"-37.546758, 143.823172"
2020-08-20T03:22:56+00:00,Fairyland,-37.546758,143.823172,62.0,80.0,"-37.546758, 143.823172"
2020-08-20T04:22:56+00:00,Fairyland,-37.546758,143.823172,65.0,85.0,"-37.546758, 143.823172"
2020-08-18T05:38:15+00:00,Fairyland,-37.546758,143.823172,60.0,81.0,"-37.546758, 143.823172"
2020-08-19T01:53:07+00:00,Fairyland,-37.546758,143.823172,62.0,75.0,"-37.546758, 143.823172"
2020-08-19T14:38:01+00:00,Fairyland,-37.546758,143.823172,61.0,80.0,"-37.546758, 143.823172"
2020-08-19T16:38:01+00:00,Fairyland,-37.546758,143.823172,65.0,82.0,"-37.546758, 143.823172"
2020-08-19T18:53:00+00:00,Fairyland,-37.546758,143.823172,60.0,93.0,"-37.546758, 143.823172"
2020-08-19T23:37:58+00:00,Fairyland,-37.546758,143.823172,60.0,71.0,"-37.546758, 143.823172"
2020-08-20T01:07:57+00:00,Fairyland,-37.546758,143.823172,67.0,86.0,"-37.546758, 143.823172"
2020-06-15T03:18:36+00:00,Fairyland,-37.546758,143.823172,60.0,77.0,"-37.546758, 143.823172"
2020-06-16T00:03:28+00:00,Fairyland,-37.546758,143.823172,60.0,75.0,"-37.546758, 143.823172"
2020-06-16T03:18:26+00:00,Fairyland,-37.546758,143.823172,64.0,83.0,"-37.546758, 143.823172"
2020-08-20T05:37:55+00:00,Fairyland,-37.546758,143.823172,68.0,86.0,"-37.546758, 143.823172"
2020-08-20T06:52:55+00:00,Fairyland,-37.546758,143.823172,61.0,83.0,"-37.546758, 143.823172"
2020-08-22T03:37:37+00:00,Fairyland,-37.546758,143.823172,63.0,79.0,"-37.546758, 143.823172"
2020-08-20T16:22:51+00:00,Fairyland,-37.546758,143.823172,61.0,87.0,"-37.546758, 143.823172"
2020-08-20T22:22:49+00:00,Fairyland,-37.546758,143.823172,62.0,77.0,"-37.546758, 143.823172"
2020-08-20T23:22:48+00:00,Fairyland,-37.546758,143.823172,63.0,86.0,"-37.546758, 143.823172"
2020-08-20T23:37:48+00:00,Fairyland,-37.546758,143.823172,66.0,93.0,"-37.546758, 143.823172"
2020-08-21T00:52:48+00:00,Fairyland,-37.546758,143.823172,66.0,82.0,"-37.546758, 143.823172"
2020-08-21T01:52:47+00:00,Fairyland,-37.546758,143.823172,69.0,89.0,"-37.546758, 143.823172"
2020-08-21T03:07:47+00:00,Fairyland,-37.546758,143.823172,70.0,87.0,"-37.546758, 143.823172"
2020-08-27T02:36:51+00:00,Fairyland,-37.546758,143.823172,61.0,85.0,"-37.546758, 143.823172"
2020-08-27T04:21:50+00:00,Fairyland,-37.546758,143.823172,65.0,85.0,"-37.546758, 143.823172"
2020-09-01T06:05:59+00:00,Fairyland,-37.546758,143.823172,60.0,84.0,"-37.546758, 143.823172"
2020-09-01T21:05:54+00:00,Fairyland,-37.546758,143.823172,60.0,81.0,"-37.546758, 143.823172"
2020-09-02T02:05:51+00:00,Fairyland,-37.546758,143.823172,64.0,90.0,"-37.546758, 143.823172"
2020-09-02T04:05:50+00:00,Fairyland,-37.546758,143.823172,61.0,82.0,"-37.546758, 143.823172"
2020-09-02T22:20:43+00:00,Fairyland,-37.546758,143.823172,60.0,74.0,"-37.546758, 143.823172"
2020-09-03T03:35:40+00:00,Fairyland,-37.546758,143.823172,66.0,84.0,"-37.546758, 143.823172"
2020-09-03T07:20:39+00:00,Fairyland,-37.546758,143.823172,60.0,76.0,"-37.546758, 143.823172"
2020-09-06T22:35:03+00:00,Fairyland,-37.546758,143.823172,61.0,87.0,"-37.546758, 143.823172"
2020-09-07T03:20:01+00:00,Fairyland,-37.546758,143.823172,64.0,90.0,"-37.546758, 143.823172"
2020-09-07T04:20:01+00:00,Fairyland,-37.546758,143.823172,64.0,84.0,"-37.546758, 143.823172"
2020-09-07T04:50:01+00:00,Fairyland,-37.546758,143.823172,66.0,95.0,"-37.546758, 143.823172"
2020-09-07T12:19:58+00:00,Fairyland,-37.546758,143.823172,60.0,81.0,"-37.546758, 143.823172"
2020-09-11T02:04:22+00:00,Fairyland,-37.546758,143.823172,63.0,81.0,"-37.546758, 143.823172"
2020-09-22T06:17:31+00:00,Fairyland,-37.546758,143.823172,64.0,79.0,"-37.546758, 143.823172"
2020-09-03T02:05:41+00:00,Fairyland,-37.546758,143.823172,68.0,90.0,"-37.546758, 143.823172"
2020-09-03T04:50:40+00:00,Fairyland,-37.546758,143.823172,66.0,100.0,"-37.546758, 143.823172"
2020-09-20T22:02:44+00:00,Fairyland,-37.546758,143.823172,61.0,69.0,"-37.546758, 143.823172"
2020-09-23T02:32:23+00:00,Fairyland,-37.546758,143.823172,63.0,76.0,"-37.546758, 143.823172"
2020-10-02T02:30:56+00:00,Fairyland,-37.546758,143.823172,60.0,80.0,"-37.546758, 143.823172"
2020-09-28T10:31:31+00:00,Fairyland,-37.546758,143.823172,60.0,70.0,"-37.546758, 143.823172"
2020-09-20T15:02:47+00:00,Fairyland,-37.546758,143.823172,60.0,80.0,"-37.546758, 143.823172"
2020-10-07T00:00:07+00:00,Fairyland,-37.546758,143.823172,61.0,67.0,"-37.546758, 143.823172"
2020-10-07T10:00:02+00:00,Fairyland,-37.546758,143.823172,60.0,67.0,"-37.546758, 143.823172"
2020-10-07T00:15:06+00:00,Fairyland,-37.546758,143.823172,61.0,72.0,"-37.546758, 143.823172"
2020-10-08T02:14:55+00:00,Fairyland,-37.546758,143.823172,62.0,91.0,"-37.546758, 143.823172"
2020-07-11T07:29:23+00:00,Fairyland,-37.546758,143.823172,60.0,71.0,"-37.546758, 143.823172"
2020-10-08T12:59:52+00:00,Fairyland,-37.546758,143.823172,63.0,81.0,"-37.546758, 143.823172"
2020-10-08T14:14:52+00:00,Fairyland,-37.546758,143.823172,62.0,82.0,"-37.546758, 143.823172"
2020-10-09T05:44:44+00:00,Fairyland,-37.546758,143.823172,63.0,80.0,"-37.546758, 143.823172"
2020-07-12T02:29:15+00:00,Fairyland,-37.546758,143.823172,62.0,78.0,"-37.546758, 143.823172"
2020-07-13T16:43:59+00:00,Fairyland,-37.546758,143.823172,60.0,71.0,"-37.546758, 143.823172"
2020-07-13T17:43:59+00:00,Fairyland,-37.546758,143.823172,64.0,80.0,"-37.546758, 143.823172"
2020-07-13T20:58:58+00:00,Fairyland,-37.546758,143.823172,60.0,70.0,"-37.546758, 143.823172"
2020-07-13T23:43:57+00:00,Fairyland,-37.546758,143.823172,61.0,69.0,"-37.546758, 143.823172"
2020-07-14T03:43:55+00:00,Fairyland,-37.546758,143.823172,68.0,87.0,"-37.546758, 143.823172"
2020-07-14T06:43:54+00:00,Fairyland,-37.546758,143.823172,60.0,77.0,"-37.546758, 143.823172"
2020-07-14T14:28:51+00:00,Fairyland,-37.546758,143.823172,78.0,88.0,"-37.546758, 143.823172"
2020-07-14T16:28:50+00:00,Fairyland,-37.546758,143.823172,66.0,78.0,"-37.546758, 143.823172"
2020-07-14T17:58:49+00:00,Fairyland,-37.546758,143.823172,78.0,87.0,"-37.546758, 143.823172"
2020-07-25T14:27:05+00:00,Fairyland,-37.546758,143.823172,60.0,67.0,"-37.546758, 143.823172"
2020-07-25T23:42:01+00:00,Fairyland,-37.546758,143.823172,61.0,72.0,"-37.546758, 143.823172"
2020-07-28T02:11:40+00:00,Fairyland,-37.546758,143.823172,66.0,76.0,"-37.546758, 143.823172"
2020-07-28T02:41:40+00:00,Fairyland,-37.546758,143.823172,64.0,79.0,"-37.546758, 143.823172"
2020-07-24T02:57:19+00:00,Fairyland,-37.546758,143.823172,60.0,79.0,"-37.546758, 143.823172"
2020-07-31T04:26:10+00:00,Fairyland,-37.546758,143.823172,62.0,69.0,"-37.546758, 143.823172"
2020-08-27T09:51:48+00:00,Fairyland,-37.546758,143.823172,62.0,78.0,"-37.546758, 143.823172"
2020-08-04T02:10:33+00:00,Fairyland,-37.546758,143.823172,63.0,80.0,"-37.546758, 143.823172"
2020-08-29T05:51:28+00:00,Fairyland,-37.546758,143.823172,62.0,88.0,"-37.546758, 143.823172"
2020-08-06T13:10:09+00:00,Fairyland,-37.546758,143.823172,62.0,71.0,"-37.546758, 143.823172"
2020-07-28T01:11:41+00:00,Fairyland,-37.546758,143.823172,67.0,84.0,"-37.546758, 143.823172"
2020-07-28T13:41:36+00:00,Fairyland,-37.546758,143.823172,62.0,69.0,"-37.546758, 143.823172"
2020-08-07T13:24:59+00:00,Fairyland,-37.546758,143.823172,81.0,92.0,"-37.546758, 143.823172"
2020-08-07T13:39:59+00:00,Fairyland,-37.546758,143.823172,79.0,88.0,"-37.546758, 143.823172"
2020-08-07T17:54:58+00:00,Fairyland,-37.546758,143.823172,71.0,83.0,"-37.546758, 143.823172"
2020-08-07T19:24:57+00:00,Fairyland,-37.546758,143.823172,72.0,83.0,"-37.546758, 143.823172"
2020-08-08T00:24:55+00:00,Fairyland,-37.546758,143.823172,69.0,83.0,"-37.546758, 143.823172"
2020-08-08T14:24:49+00:00,Fairyland,-37.546758,143.823172,60.0,67.0,"-37.546758, 143.823172"
2020-08-08T17:54:48+00:00,Fairyland,-37.546758,143.823172,71.0,87.0,"-37.546758, 143.823172"
2020-08-08T18:54:48+00:00,Fairyland,-37.546758,143.823172,80.0,90.0,"-37.546758, 143.823172"
2020-08-08T23:24:46+00:00,Fairyland,-37.546758,143.823172,70.0,83.0,"-37.546758, 143.823172"
2020-08-09T00:09:45+00:00,Fairyland,-37.546758,143.823172,64.0,83.0,"-37.546758, 143.823172"
2020-08-09T12:24:40+00:00,Fairyland,-37.546758,143.823172,68.0,89.0,"-37.546758, 143.823172"
2020-08-10T01:54:35+00:00,Fairyland,-37.546758,143.823172,60.0,67.0,"-37.546758, 143.823172"
2020-08-04T02:25:32+00:00,Fairyland,-37.546758,143.823172,61.0,83.0,"-37.546758, 143.823172"
2020-08-04T05:40:31+00:00,Fairyland,-37.546758,143.823172,61.0,88.0,"-37.546758, 143.823172"
2020-08-06T16:55:08+00:00,Fairyland,-37.546758,143.823172,67.0,80.0,"-37.546758, 143.823172"
2020-08-07T06:40:02+00:00,Fairyland,-37.546758,143.823172,64.0,78.0,"-37.546758, 143.823172"
2020-08-07T08:55:01+00:00,Fairyland,-37.546758,143.823172,69.0,79.0,"-37.546758, 143.823172"
2020-08-07T10:10:01+00:00,Fairyland,-37.546758,143.823172,74.0,88.0,"-37.546758, 143.823172"
2020-08-07T10:25:01+00:00,Fairyland,-37.546758,143.823172,74.0,86.0,"-37.546758, 143.823172"
2020-08-07T12:40:00+00:00,Fairyland,-37.546758,143.823172,72.0,83.0,"-37.546758, 143.823172"
2020-08-07T18:54:57+00:00,Fairyland,-37.546758,143.823172,71.0,83.0,"-37.546758, 143.823172"
2020-08-07T22:54:56+00:00,Fairyland,-37.546758,143.823172,66.0,76.0,"-37.546758, 143.823172"
2020-08-08T02:09:54+00:00,Fairyland,-37.546758,143.823172,73.0,85.0,"-37.546758, 143.823172"
2020-08-08T05:39:53+00:00,Fairyland,-37.546758,143.823172,70.0,80.0,"-37.546758, 143.823172"
2020-08-08T07:39:52+00:00,Fairyland,-37.546758,143.823172,63.0,72.0,"-37.546758, 143.823172"
2020-08-08T15:24:49+00:00,Fairyland,-37.546758,143.823172,60.0,69.0,"-37.546758, 143.823172"
2020-08-09T04:54:43+00:00,Fairyland,-37.546758,143.823172,68.0,84.0,"-37.546758, 143.823172"
2020-08-09T17:54:38+00:00,Fairyland,-37.546758,143.823172,73.0,84.0,"-37.546758, 143.823172"
2020-08-20T16:07:51+00:00,Fairyland,-37.546758,143.823172,60.0,77.0,"-37.546758, 143.823172"
2020-08-21T04:07:46+00:00,Fairyland,-37.546758,143.823172,65.0,81.0,"-37.546758, 143.823172"
2020-08-03T15:55:36+00:00,Fairyland,-37.546758,143.823172,61.0,78.0,"-37.546758, 143.823172"
2020-08-06T13:40:09+00:00,Fairyland,-37.546758,143.823172,60.0,73.0,"-37.546758, 143.823172"
2020-08-06T18:55:07+00:00,Fairyland,-37.546758,143.823172,63.0,76.0,"-37.546758, 143.823172"
2020-08-06T21:25:06+00:00,Fairyland,-37.546758,143.823172,60.0,76.0,"-37.546758, 143.823172"
2020-08-07T03:55:03+00:00,Fairyland,-37.546758,143.823172,75.0,82.0,"-37.546758, 143.823172"
2020-08-09T14:09:40+00:00,Fairyland,-37.546758,143.823172,68.0,83.0,"-37.546758, 143.823172"
2020-08-11T10:09:22+00:00,Fairyland,-37.546758,143.823172,60.0,80.0,"-37.546758, 143.823172"
2020-08-03T21:55:34+00:00,Fairyland,-37.546758,143.823172,61.0,75.0,"-37.546758, 143.823172"
2020-08-06T17:25:07+00:00,Fairyland,-37.546758,143.823172,70.0,82.0,"-37.546758, 143.823172"
2020-08-06T23:40:05+00:00,Fairyland,-37.546758,143.823172,67.0,78.0,"-37.546758, 143.823172"
2020-08-07T03:10:03+00:00,Fairyland,-37.546758,143.823172,80.0,90.0,"-37.546758, 143.823172"
2020-08-07T08:40:01+00:00,Fairyland,-37.546758,143.823172,68.0,82.0,"-37.546758, 143.823172"
2020-08-07T17:39:58+00:00,Fairyland,-37.546758,143.823172,72.0,85.0,"-37.546758, 143.823172"
2020-08-08T01:09:55+00:00,Fairyland,-37.546758,143.823172,71.0,84.0,"-37.546758, 143.823172"
2020-08-08T02:54:54+00:00,Fairyland,-37.546758,143.823172,70.0,78.0,"-37.546758, 143.823172"
2020-08-08T05:24:53+00:00,Fairyland,-37.546758,143.823172,65.0,78.0,"-37.546758, 143.823172"
2020-08-08T16:24:48+00:00,Fairyland,-37.546758,143.823172,62.0,74.0,"-37.546758, 143.823172"
2020-08-09T03:09:44+00:00,Fairyland,-37.546758,143.823172,69.0,83.0,"-37.546758, 143.823172"
2020-08-09T09:09:42+00:00,Fairyland,-37.546758,143.823172,60.0,68.0,"-37.546758, 143.823172"
2020-08-09T11:09:41+00:00,Fairyland,-37.546758,143.823172,74.0,87.0,"-37.546758, 143.823172"
2020-08-09T11:24:41+00:00,Fairyland,-37.546758,143.823172,69.0,86.0,"-37.546758, 143.823172"
2020-08-09T23:09:36+00:00,Fairyland,-37.546758,143.823172,63.0,71.0,"-37.546758, 143.823172"
2020-08-10T00:39:35+00:00,Fairyland,-37.546758,143.823172,62.0,68.0,"-37.546758, 143.823172"
2020-08-21T05:07:46+00:00,Fairyland,-37.546758,143.823172,65.0,82.0,"-37.546758, 143.823172"
2020-08-21T08:07:45+00:00,Fairyland,-37.546758,143.823172,63.0,75.0,"-37.546758, 143.823172"
2020-08-21T23:07:39+00:00,Fairyland,-37.546758,143.823172,65.0,81.0,"-37.546758, 143.823172"
2020-08-22T00:52:38+00:00,Fairyland,-37.546758,143.823172,63.0,78.0,"-37.546758, 143.823172"
2020-08-22T01:07:38+00:00,Fairyland,-37.546758,143.823172,62.0,73.0,"-37.546758, 143.823172"
2020-08-22T02:22:38+00:00,Fairyland,-37.546758,143.823172,60.0,71.0,"-37.546758, 143.823172"
2020-08-22T03:22:37+00:00,Fairyland,-37.546758,143.823172,68.0,85.0,"-37.546758, 143.823172"
2020-08-22T04:22:37+00:00,Fairyland,-37.546758,143.823172,64.0,83.0,"-37.546758, 143.823172"
2020-08-22T04:37:37+00:00,Fairyland,-37.546758,143.823172,69.0,90.0,"-37.546758, 143.823172"
2020-08-22T05:07:37+00:00,Fairyland,-37.546758,143.823172,69.0,92.0,"-37.546758, 143.823172"
2020-08-22T06:37:36+00:00,Fairyland,-37.546758,143.823172,61.0,84.0,"-37.546758, 143.823172"
2020-09-17T01:33:23+00:00,Fairyland,-37.546758,143.823172,67.0,79.0,"-37.546758, 143.823172"
2020-09-17T03:48:22+00:00,Fairyland,-37.546758,143.823172,65.0,78.0,"-37.546758, 143.823172"
2020-09-17T13:33:18+00:00,Fairyland,-37.546758,143.823172,60.0,75.0,"-37.546758, 143.823172"
2020-09-17T15:18:17+00:00,Fairyland,-37.546758,143.823172,65.0,79.0,"-37.546758, 143.823172"
2020-09-17T15:48:17+00:00,Fairyland,-37.546758,143.823172,62.0,72.0,"-37.546758, 143.823172"
2020-09-17T16:48:17+00:00,Fairyland,-37.546758,143.823172,60.0,72.0,"-37.546758, 143.823172"
2020-09-17T18:33:16+00:00,Fairyland,-37.546758,143.823172,61.0,73.0,"-37.546758, 143.823172"
2020-09-19T00:18:03+00:00,Fairyland,-37.546758,143.823172,61.0,79.0,"-37.546758, 143.823172"
2020-09-19T04:18:02+00:00,Fairyland,-37.546758,143.823172,63.0,81.0,"-37.546758, 143.823172"
2020-09-19T04:48:02+00:00,Fairyland,-37.546758,143.823172,65.0,81.0,"-37.546758, 143.823172"
2020-09-19T11:02:59+00:00,Fairyland,-37.546758,143.823172,65.0,85.0,"-37.546758, 143.823172"
2020-09-23T03:17:22+00:00,Fairyland,-37.546758,143.823172,61.0,77.0,"-37.546758, 143.823172"
2020-09-23T05:17:22+00:00,Fairyland,-37.546758,143.823172,60.0,79.0,"-37.546758, 143.823172"
2020-09-23T01:47:23+00:00,Fairyland,-37.546758,143.823172,61.0,73.0,"-37.546758, 143.823172"
2020-09-22T06:32:31+00:00,Fairyland,-37.546758,143.823172,68.0,85.0,"-37.546758, 143.823172"
2020-09-20T22:17:44+00:00,Fairyland,-37.546758,143.823172,60.0,77.0,"-37.546758, 143.823172"
2020-09-30T01:46:15+00:00,Fairyland,-37.546758,143.823172,60.0,89.0,"-37.546758, 143.823172"
2020-09-30T02:01:15+00:00,Fairyland,-37.546758,143.823172,62.0,87.0,"-37.546758, 143.823172"
2020-09-30T06:31:13+00:00,Fairyland,-37.546758,143.823172,60.0,78.0,"-37.546758, 143.823172"
2020-10-02T03:45:56+00:00,Fairyland,-37.546758,143.823172,60.0,78.0,"-37.546758, 143.823172"
2020-10-02T05:30:55+00:00,Fairyland,-37.546758,143.823172,60.0,79.0,"-37.546758, 143.823172"
2020-12-31T06:30:55+00:00,Fairyland,-37.546758,143.823172,61.0,76.0,"-37.546758, 143.823172"
2021-01-02T08:15:35+00:00,Fairyland,-37.546758,143.823172,74.0,86.0,"-37.546758, 143.823172"
2020-12-15T22:33:30+00:00,Fairyland,-37.546758,143.823172,61.0,72.0,"-37.546758, 143.823172"
2020-12-16T14:03:23+00:00,Fairyland,-37.546758,143.823172,62.0,75.0,"-37.546758, 143.823172"
2020-10-03T02:00:45+00:00,Fairyland,-37.546758,143.823172,60.0,75.0,"-37.546758, 143.823172"
2020-10-01T23:45:57+00:00,Fairyland,-37.546758,143.823172,64.0,87.0,"-37.546758, 143.823172"
2020-09-21T23:32:34+00:00,Fairyland,-37.546758,143.823172,65.0,88.0,"-37.546758, 143.823172"
2020-09-24T22:47:05+00:00,Fairyland,-37.546758,143.823172,62.0,80.0,"-37.546758, 143.823172"
2020-09-26T05:31:53+00:00,Fairyland,-37.546758,143.823172,61.0,82.0,"-37.546758, 143.823172"
2020-09-22T05:17:31+00:00,Fairyland,-37.546758,143.823172,66.0,94.0,"-37.546758, 143.823172"
2020-09-22T06:02:31+00:00,Fairyland,-37.546758,143.823172,65.0,77.0,"-37.546758, 143.823172"
2020-10-07T08:15:03+00:00,Fairyland,-37.546758,143.823172,64.0,75.0,"-37.546758, 143.823172"
2020-10-08T17:44:50+00:00,Fairyland,-37.546758,143.823172,66.0,87.0,"-37.546758, 143.823172"
2020-10-09T05:29:45+00:00,Fairyland,-37.546758,143.823172,61.0,78.0,"-37.546758, 143.823172"
2020-09-24T04:17:13+00:00,Fairyland,-37.546758,143.823172,60.0,69.0,"-37.546758, 143.823172"
2020-10-07T05:45:04+00:00,Fairyland,-37.546758,143.823172,60.0,70.0,"-37.546758, 143.823172"
2020-10-07T06:30:04+00:00,Fairyland,-37.546758,143.823172,63.0,73.0,"-37.546758, 143.823172"
2020-12-01T04:20:57+00:00,Fairyland,-37.546758,143.823172,64.0,85.0,"-37.546758, 143.823172"
2020-12-01T21:50:48+00:00,Fairyland,-37.546758,143.823172,60.0,72.0,"-37.546758, 143.823172"
2020-12-05T23:20:08+00:00,Fairyland,-37.546758,143.823172,61.0,80.0,"-37.546758, 143.823172"
2020-08-18T05:23:15+00:00,Fairyland,-37.546758,143.823172,60.0,78.0,"-37.546758, 143.823172"
2020-08-19T07:08:04+00:00,Fairyland,-37.546758,143.823172,62.0,76.0,"-37.546758, 143.823172"
2020-08-19T14:23:02+00:00,Fairyland,-37.546758,143.823172,63.0,82.0,"-37.546758, 143.823172"
2020-08-19T18:38:00+00:00,Fairyland,-37.546758,143.823172,60.0,76.0,"-37.546758, 143.823172"
2020-08-20T00:37:57+00:00,Fairyland,-37.546758,143.823172,64.0,80.0,"-37.546758, 143.823172"
2020-08-20T01:52:57+00:00,Fairyland,-37.546758,143.823172,64.0,81.0,"-37.546758, 143.823172"
2020-08-20T04:37:56+00:00,Fairyland,-37.546758,143.823172,65.0,81.0,"-37.546758, 143.823172"
2020-08-20T06:37:55+00:00,Fairyland,-37.546758,143.823172,61.0,84.0,"-37.546758, 143.823172"
2020-09-02T00:20:52+00:00,Fairyland,-37.546758,143.823172,61.0,79.0,"-37.546758, 143.823172"
2020-09-03T06:20:39+00:00,Fairyland,-37.546758,143.823172,62.0,79.0,"-37.546758, 143.823172"
2020-09-03T06:50:39+00:00,Fairyland,-37.546758,143.823172,64.0,82.0,"-37.546758, 143.823172"
2020-09-06T01:50:12+00:00,Fairyland,-37.546758,143.823172,60.0,86.0,"-37.546758, 143.823172"
2020-09-07T21:34:54+00:00,Fairyland,-37.546758,143.823172,61.0,79.0,"-37.546758, 143.823172"
2020-12-11T14:04:12+00:00,Fairyland,-37.546758,143.823172,61.0,76.0,"-37.546758, 143.823172"
2020-09-08T23:49:43+00:00,Fairyland,-37.546758,143.823172,69.0,86.0,"-37.546758, 143.823172"
2020-09-09T02:49:42+00:00,Fairyland,-37.546758,143.823172,70.0,82.0,"-37.546758, 143.823172"
2020-09-09T05:34:40+00:00,Fairyland,-37.546758,143.823172,67.0,81.0,"-37.546758, 143.823172"
2020-09-09T13:19:37+00:00,Fairyland,-37.546758,143.823172,62.0,79.0,"-37.546758, 143.823172"
2020-09-09T17:34:37+00:00,Fairyland,-37.546758,143.823172,77.0,89.0,"-37.546758, 143.823172"
2020-09-09T18:19:37+00:00,Fairyland,-37.546758,143.823172,71.0,84.0,"-37.546758, 143.823172"
2020-09-09T19:04:37+00:00,Fairyland,-37.546758,143.823172,71.0,84.0,"-37.546758, 143.823172"
2020-09-09T19:49:36+00:00,Fairyland,-37.546758,143.823172,62.0,70.0,"-37.546758, 143.823172"
2020-09-10T00:34:33+00:00,Fairyland,-37.546758,143.823172,60.0,84.0,"-37.546758, 143.823172"
2020-09-11T03:04:22+00:00,Fairyland,-37.546758,143.823172,61.0,81.0,"-37.546758, 143.823172"
2020-09-11T03:19:22+00:00,Fairyland,-37.546758,143.823172,62.0,77.0,"-37.546758, 143.823172"
2020-10-13T11:29:03+00:00,Fairyland,-37.546758,143.823172,60.0,76.0,"-37.546758, 143.823172"
2020-10-21T20:27:39+00:00,Fairyland,-37.546758,143.823172,61.0,69.0,"-37.546758, 143.823172"
2020-10-25T09:42:03+00:00,Fairyland,-37.546758,143.823172,62.0,79.0,"-37.546758, 143.823172"
2020-10-26T12:11:54+00:00,Fairyland,-37.546758,143.823172,75.0,92.0,"-37.546758, 143.823172"
2020-10-26T21:11:50+00:00,Fairyland,-37.546758,143.823172,68.0,82.0,"-37.546758, 143.823172"
2020-10-30T00:56:17+00:00,Fairyland,-37.546758,143.823172,62.0,74.0,"-37.546758, 143.823172"
2020-10-27T14:11:42+00:00,Fairyland,-37.546758,143.823172,62.0,71.0,"-37.546758, 143.823172"
2021-01-06T22:44:48+00:00,Fairyland,-37.546758,143.823172,62.0,75.0,"-37.546758, 143.823172"
2021-05-11T19:54:01+00:00,Fairyland,-37.546758,143.823172,63.0,77.0,"-37.546758, 143.823172"
2021-05-13T01:53:49+00:00,Fairyland,-37.546758,143.823172,63.0,80.0,"-37.546758, 143.823172"
2021-05-14T15:23:34+00:00,Fairyland,-37.546758,143.823172,61.0,84.0,"-37.546758, 143.823172"
2021-05-14T15:53:33+00:00,Fairyland,-37.546758,143.823172,60.0,82.0,"-37.546758, 143.823172"
2021-05-25T04:21:50+00:00,Fairyland,-37.546758,143.823172,60.0,74.0,"-37.546758, 143.823172"
2021-04-10T00:44:17+00:00,Fairyland,-37.546758,143.823172,60.0,77.0,"-37.546758, 143.823172"
2021-04-10T02:44:16+00:00,Fairyland,-37.546758,143.823172,60.0,81.0,"-37.546758, 143.823172"
2021-04-13T02:28:45+00:00,Fairyland,-37.546758,143.823172,60.0,86.0,"-37.546758, 143.823172"
2021-06-09T23:49:15+00:00,Fairyland,-37.546758,143.823172,61.0,74.0,"-37.546758, 143.823172"
2021-06-10T02:19:14+00:00,Fairyland,-37.546758,143.823172,60.0,79.0,"-37.546758, 143.823172"
2021-06-09T22:34:15+00:00,Fairyland,-37.546758,143.823172,61.0,78.0,"-37.546758, 143.823172"
2021-05-28T23:21:12+00:00,Fairyland,-37.546758,143.823172,60.0,72.0,"-37.546758, 143.823172"
2021-08-15T22:23:23+00:00,Fairyland,-37.546758,143.823172,60.0,73.0,"-37.546758, 143.823172"
2021-07-20T01:27:44+00:00,Fairyland,-37.546758,143.823172,60.0,77.0,"-37.546758, 143.823172"
2021-08-04T07:10:18+00:00,Fairyland,-37.546758,143.823172,60.0,72.0,"-37.546758, 143.823172"
2020-04-25T22:41:46+00:00,Fairyland,-37.546758,143.823172,60.0,77.0,"-37.546758, 143.823172"
2020-05-04T02:10:27+00:00,Fairyland,-37.546758,143.823172,62.0,76.0,"-37.546758, 143.823172"
2020-05-05T22:55:09+00:00,Fairyland,-37.546758,143.823172,60.0,85.0,"-37.546758, 143.823172"
2020-05-06T22:54:59+00:00,Fairyland,-37.546758,143.823172,61.0,86.0,"-37.546758, 143.823172"
2020-05-09T03:24:36+00:00,Fairyland,-37.546758,143.823172,67.0,86.0,"-37.546758, 143.823172"
2020-05-09T06:24:35+00:00,Fairyland,-37.546758,143.823172,61.0,76.0,"-37.546758, 143.823172"
2021-06-23T06:02:04+00:00,Fairyland,-37.546758,143.823172,60.0,81.0,"-37.546758, 143.823172"
2021-06-24T21:31:48+00:00,Fairyland,-37.546758,143.823172,61.0,73.0,"-37.546758, 143.823172"
2020-05-14T01:08:49+00:00,Fairyland,-37.546758,143.823172,70.0,75.0,"-37.546758, 143.823172"
2020-05-18T22:38:01+00:00,Fairyland,-37.546758,143.823172,60.0,66.0,"-37.546758, 143.823172"
2020-05-19T01:23:00+00:00,Fairyland,-37.546758,143.823172,60.0,76.0,"-37.546758, 143.823172"
2020-05-19T04:52:58+00:00,Fairyland,-37.546758,143.823172,61.0,82.0,"-37.546758, 143.823172"
2020-05-19T14:37:55+00:00,Fairyland,-37.546758,143.823172,67.0,94.0,"-37.546758, 143.823172"
2020-05-20T01:22:52+00:00,Fairyland,-37.546758,143.823172,60.0,79.0,"-37.546758, 143.823172"
2020-05-20T01:52:51+00:00,Fairyland,-37.546758,143.823172,60.0,75.0,"-37.546758, 143.823172"
2020-05-20T23:22:41+00:00,Fairyland,-37.546758,143.823172,69.0,76.0,"-37.546758, 143.823172"
2021-07-27T21:11:29+00:00,Fairyland,-37.546758,143.823172,60.0,90.0,"-37.546758, 143.823172"
2021-09-03T05:20:24+00:00,Fairyland,-37.546758,143.823172,60.0,73.0,"-37.546758, 143.823172"
2021-09-20T03:47:36+00:00,Fairyland,-37.546758,143.823172,61.0,77.0,"-37.546758, 143.823172"
2021-09-20T04:17:36+00:00,Fairyland,-37.546758,143.823172,61.0,80.0,"-37.546758, 143.823172"
2020-04-02T01:00:50+00:00,Fairyland,-37.546758,143.823172,60.0,69.0,"-37.546758, 143.823172"
2020-02-23T21:07:11+00:00,Fairyland,-37.546758,143.823172,65.0,77.0,"-37.546758, 143.823172"
2020-02-23T15:52:13+00:00,Fairyland,-37.546758,143.823172,61.0,75.0,"-37.546758, 143.823172"
2020-02-22T16:52:24+00:00,Fairyland,-37.546758,143.823172,61.0,72.0,"-37.546758, 143.823172"
2020-02-22T12:07:25+00:00,Fairyland,-37.546758,143.823172,62.0,73.0,"-37.546758, 143.823172"
2020-02-22T09:52:26+00:00,Fairyland,-37.546758,143.823172,65.0,80.0,"-37.546758, 143.823172"
2020-02-22T08:52:26+00:00,Fairyland,-37.546758,143.823172,63.0,73.0,"-37.546758, 143.823172"
2020-02-21T07:52:37+00:00,Fairyland,-37.546758,143.823172,60.0,68.0,"-37.546758, 143.823172"
2020-02-18T17:23:03+00:00,Fairyland,-37.546758,143.823172,70.0,96.0,"-37.546758, 143.823172"
2020-02-16T23:08:21+00:00,Fairyland,-37.546758,143.823172,64.0,84.0,"-37.546758, 143.823172"
2020-02-16T19:53:22+00:00,Fairyland,-37.546758,143.823172,65.0,83.0,"-37.546758, 143.823172"
2020-02-16T17:38:24+00:00,Fairyland,-37.546758,143.823172,61.0,74.0,"-37.546758, 143.823172"
2020-02-16T15:38:24+00:00,Fairyland,-37.546758,143.823172,60.0,74.0,"-37.546758, 143.823172"
2020-02-15T19:23:32+00:00,Fairyland,-37.546758,143.823172,61.0,69.0,"-37.546758, 143.823172"
2020-02-15T14:38:35+00:00,Fairyland,-37.546758,143.823172,63.0,84.0,"-37.546758, 143.823172"
2020-02-15T14:23:36+00:00,Fairyland,-37.546758,143.823172,62.0,74.0,"-37.546758, 143.823172"
2020-02-14T08:38:49+00:00,Fairyland,-37.546758,143.823172,63.0,74.0,"-37.546758, 143.823172"
2020-02-14T07:08:49+00:00,Fairyland,-37.546758,143.823172,64.0,84.0,"-37.546758, 143.823172"
2020-02-13T18:53:53+00:00,Fairyland,-37.546758,143.823172,65.0,76.0,"-37.546758, 143.823172"
2020-02-13T18:08:53+00:00,Fairyland,-37.546758,143.823172,63.0,81.0,"-37.546758, 143.823172"
2020-02-13T02:24:00+00:00,Fairyland,-37.546758,143.823172,65.0,83.0,"-37.546758, 143.823172"
2020-02-10T13:39:25+00:00,Fairyland,-37.546758,143.823172,61.0,74.0,"-37.546758, 143.823172"
2020-02-10T11:09:26+00:00,Fairyland,-37.546758,143.823172,60.0,68.0,"-37.546758, 143.823172"
2020-02-10T01:24:30+00:00,Fairyland,-37.546758,143.823172,68.0,80.0,"-37.546758, 143.823172"
2020-02-09T20:09:33+00:00,Fairyland,-37.546758,143.823172,76.0,96.0,"-37.546758, 143.823172"
2020-02-09T19:39:33+00:00,Fairyland,-37.546758,143.823172,70.0,88.0,"-37.546758, 143.823172"
2020-02-09T19:24:33+00:00,Fairyland,-37.546758,143.823172,72.0,89.0,"-37.546758, 143.823172"
2020-02-09T06:54:38+00:00,Fairyland,-37.546758,143.823172,65.0,77.0,"-37.546758, 143.823172"
2020-02-09T06:24:39+00:00,Fairyland,-37.546758,143.823172,60.0,73.0,"-37.546758, 143.823172"
2020-02-09T04:09:40+00:00,Fairyland,-37.546758,143.823172,61.0,77.0,"-37.546758, 143.823172"
2020-02-09T02:24:41+00:00,Fairyland,-37.546758,143.823172,64.0,77.0,"-37.546758, 143.823172"
2020-02-09T02:09:41+00:00,Fairyland,-37.546758,143.823172,66.0,82.0,"-37.546758, 143.823172"
2020-02-08T22:39:42+00:00,Fairyland,-37.546758,143.823172,61.0,81.0,"-37.546758, 143.823172"
2020-02-08T18:09:44+00:00,Fairyland,-37.546758,143.823172,73.0,91.0,"-37.546758, 143.823172"
2020-02-08T14:54:45+00:00,Fairyland,-37.546758,143.823172,66.0,81.0,"-37.546758, 143.823172"
2020-02-08T13:54:45+00:00,Fairyland,-37.546758,143.823172,68.0,88.0,"-37.546758, 143.823172"
2020-02-08T12:24:46+00:00,Fairyland,-37.546758,143.823172,65.0,83.0,"-37.546758, 143.823172"
2020-02-08T11:54:46+00:00,Fairyland,-37.546758,143.823172,67.0,82.0,"-37.546758, 143.823172"
2020-02-08T09:39:47+00:00,Fairyland,-37.546758,143.823172,69.0,82.0,"-37.546758, 143.823172"
2020-02-08T07:24:49+00:00,Fairyland,-37.546758,143.823172,68.0,79.0,"-37.546758, 143.823172"
2020-02-08T02:39:50+00:00,Fairyland,-37.546758,143.823172,66.0,82.0,"-37.546758, 143.823172"
2020-02-06T17:25:04+00:00,Fairyland,-37.546758,143.823172,70.0,83.0,"-37.546758, 143.823172"
2020-02-06T07:55:08+00:00,Fairyland,-37.546758,143.823172,61.0,84.0,"-37.546758, 143.823172"
2020-02-06T07:40:08+00:00,Fairyland,-37.546758,143.823172,62.0,77.0,"-37.546758, 143.823172"
2020-02-06T00:40:11+00:00,Fairyland,-37.546758,143.823172,63.0,84.0,"-37.546758, 143.823172"
2020-02-05T18:55:14+00:00,Fairyland,-37.546758,143.823172,61.0,77.0,"-37.546758, 143.823172"
2020-02-05T16:55:14+00:00,Fairyland,-37.546758,143.823172,64.0,80.0,"-37.546758, 143.823172"
2020-02-05T16:10:15+00:00,Fairyland,-37.546758,143.823172,63.0,79.0,"-37.546758, 143.823172"
2020-02-05T15:10:15+00:00,Fairyland,-37.546758,143.823172,61.0,75.0,"-37.546758, 143.823172"
2020-02-05T13:40:16+00:00,Fairyland,-37.546758,143.823172,62.0,76.0,"-37.546758, 143.823172"
2020-02-05T08:40:18+00:00,Fairyland,-37.546758,143.823172,63.0,78.0,"-37.546758, 143.823172"
2020-02-05T06:40:19+00:00,Fairyland,-37.546758,143.823172,62.0,77.0,"-37.546758, 143.823172"
2020-02-02T17:40:44+00:00,Fairyland,-37.546758,143.823172,62.0,84.0,"-37.546758, 143.823172"
2020-02-02T14:40:47+00:00,Fairyland,-37.546758,143.823172,62.0,78.0,"-37.546758, 143.823172"
2020-02-02T10:55:48+00:00,Fairyland,-37.546758,143.823172,61.0,77.0,"-37.546758, 143.823172"
2020-02-01T09:25:57+00:00,Fairyland,-37.546758,143.823172,65.0,82.0,"-37.546758, 143.823172"
2020-01-31T19:26:04+00:00,Fairyland,-37.546758,143.823172,62.0,82.0,"-37.546758, 143.823172"
2020-01-31T18:41:04+00:00,Fairyland,-37.546758,143.823172,66.0,89.0,"-37.546758, 143.823172"
2020-01-29T21:41:21+00:00,Fairyland,-37.546758,143.823172,60.0,68.0,"-37.546758, 143.823172"
2020-01-26T14:26:54+00:00,Fairyland,-37.546758,143.823172,61.0,94.0,"-37.546758, 143.823172"
2020-01-24T14:42:14+00:00,Fairyland,-37.546758,143.823172,62.0,77.0,"-37.546758, 143.823172"
2020-01-23T17:12:24+00:00,Fairyland,-37.546758,143.823172,66.0,91.0,"-37.546758, 143.823172"
2020-01-23T15:57:25+00:00,Fairyland,-37.546758,143.823172,67.0,89.0,"-37.546758, 143.823172"
2020-01-23T14:42:26+00:00,Fairyland,-37.546758,143.823172,69.0,84.0,"-37.546758, 143.823172"
2020-01-22T14:57:35+00:00,Fairyland,-37.546758,143.823172,63.0,88.0,"-37.546758, 143.823172"
2020-01-22T12:27:36+00:00,Fairyland,-37.546758,143.823172,63.0,87.0,"-37.546758, 143.823172"
2020-01-22T11:12:39+00:00,Fairyland,-37.546758,143.823172,63.0,102.0,"-37.546758, 143.823172"
2020-01-18T00:58:21+00:00,Fairyland,-37.546758,143.823172,61.0,83.0,"-37.546758, 143.823172"
2020-01-17T23:28:21+00:00,Fairyland,-37.546758,143.823172,66.0,84.0,"-37.546758, 143.823172"
2020-01-17T23:13:21+00:00,Fairyland,-37.546758,143.823172,66.0,89.0,"-37.546758, 143.823172"
2020-05-31T18:50:55+00:00,Fairyland,-37.546758,143.823172,60.0,84.0,"-37.546758, 143.823172"
2020-05-31T21:35:54+00:00,Fairyland,-37.546758,143.823172,61.0,79.0,"-37.546758, 143.823172"
2020-05-31T23:20:53+00:00,Fairyland,-37.546758,143.823172,64.0,86.0,"-37.546758, 143.823172"
2021-11-14T00:22:16+00:00,Fairyland,-37.546758,143.823172,61.0,73.0,"-37.546758, 143.823172"
2021-11-14T00:52:16+00:00,Fairyland,-37.546758,143.823172,62.0,74.0,"-37.546758, 143.823172"
2021-11-14T05:07:12+00:00,Fairyland,-37.546758,143.823172,60.0,85.0,"-37.546758, 143.823172"
2021-11-14T13:37:11+00:00,Fairyland,-37.546758,143.823172,61.0,80.0,"-37.546758, 143.823172"
2020-12-20T08:17:45+00:00,Fairyland,-37.546758,143.823172,60.0,72.0,"-37.546758, 143.823172"
2020-12-20T14:47:42+00:00,Fairyland,-37.546758,143.823172,65.0,74.0,"-37.546758, 143.823172"
2021-11-26T00:35:19+00:00,Fairyland,-37.546758,143.823172,60.0,84.0,"-37.546758, 143.823172"
2021-11-26T16:50:07+00:00,Fairyland,-37.546758,143.823172,60.0,86.0,"-37.546758, 143.823172"
2021-11-27T02:05:03+00:00,Fairyland,-37.546758,143.823172,62.0,75.0,"-37.546758, 143.823172"
2020-11-01T12:40:52+00:00,Fairyland,-37.546758,143.823172,64.0,88.0,"-37.546758, 143.823172"
2020-11-12T03:09:08+00:00,Fairyland,-37.546758,143.823172,60.0,72.0,"-37.546758, 143.823172"
2020-11-22T06:37:25+00:00,Fairyland,-37.546758,143.823172,68.0,86.0,"-37.546758, 143.823172"
2020-11-29T21:06:09+00:00,Fairyland,-37.546758,143.823172,61.0,69.0,"-37.546758, 143.823172"
2021-09-29T10:40:46+00:00,Fairyland,-37.546758,143.823172,61.0,75.0,"-37.546758, 143.823172"
2021-10-10T22:04:16+00:00,Fairyland,-37.546758,143.823172,61.0,64.0,"-37.546758, 143.823172"
2020-11-12T03:54:08+00:00,Fairyland,-37.546758,143.823172,60.0,70.0,"-37.546758, 143.823172"
2020-11-16T00:08:27+00:00,Fairyland,-37.546758,143.823172,61.0,80.0,"-37.546758, 143.823172"
2020-11-19T02:22:58+00:00,Fairyland,-37.546758,143.823172,60.0,67.0,"-37.546758, 143.823172"
2020-11-29T20:06:09+00:00,Fairyland,-37.546758,143.823172,67.0,78.0,"-37.546758, 143.823172"
2020-12-01T09:50:55+00:00,Fairyland,-37.546758,143.823172,61.0,78.0,"-37.546758, 143.823172"
2021-10-19T16:40:08+00:00,Fairyland,-37.546758,143.823172,64.0,75.0,"-37.546758, 143.823172"
2020-11-03T04:25:36+00:00,Fairyland,-37.546758,143.823172,62.0,85.0,"-37.546758, 143.823172"
2020-11-03T08:25:34+00:00,Fairyland,-37.546758,143.823172,72.0,75.0,"-37.546758, 143.823172"
2021-12-05T00:03:47+00:00,Fairyland,-37.546758,143.823172,62.0,80.0,"-37.546758, 143.823172"
2020-11-20T11:52:44+00:00,Fairyland,-37.546758,143.823172,64.0,73.0,"-37.546758, 143.823172"
2020-11-20T16:52:42+00:00,Fairyland,-37.546758,143.823172,63.0,81.0,"-37.546758, 143.823172"
2020-11-22T08:52:24+00:00,Fairyland,-37.546758,143.823172,61.0,72.0,"-37.546758, 143.823172"
2020-12-02T03:35:46+00:00,Fairyland,-37.546758,143.823172,65.0,79.0,"-37.546758, 143.823172"
2021-03-10T00:04:27+00:00,Fairyland,-37.546758,143.823172,60.0,69.0,"-37.546758, 143.823172"
2021-05-05T00:25:09+00:00,Fairyland,-37.546758,143.823172,61.0,71.0,"-37.546758, 143.823172"
2022-01-05T09:28:31+00:00,Fairyland,-37.546758,143.823172,67.0,78.0,"-37.546758, 143.823172"
2022-01-05T12:28:38+00:00,Fairyland,-37.546758,143.823172,66.0,79.0,"-37.546758, 143.823172"
2021-04-06T12:44:52+00:00,Fairyland,-37.546758,143.823172,62.0,74.0,"-37.546758, 143.823172"
2021-05-11T08:39:05+00:00,Fairyland,-37.546758,143.823172,63.0,78.0,"-37.546758, 143.823172"
2021-05-25T03:36:51+00:00,Fairyland,-37.546758,143.823172,61.0,79.0,"-37.546758, 143.823172"
2022-01-05T05:43:35+00:00,Fairyland,-37.546758,143.823172,63.0,78.0,"-37.546758, 143.823172"
2022-01-09T09:27:50+00:00,Fairyland,-37.546758,143.823172,63.0,74.0,"-37.546758, 143.823172"
2022-03-18T17:46:23+00:00,Fairyland,-37.546758,143.823172,63.0,78.0,"-37.546758, 143.823172"
2022-03-18T18:31:23+00:00,Fairyland,-37.546758,143.823172,63.0,77.0,"-37.546758, 143.823172"
2022-03-18T18:46:23+00:00,Fairyland,-37.546758,143.823172,62.0,78.0,"-37.546758, 143.823172"
2021-05-20T05:07:40+00:00,Fairyland,-37.546758,143.823172,72.0,85.0,"-37.546758, 143.823172"
2022-03-19T04:01:19+00:00,Fairyland,-37.546758,143.823172,62.0,75.0,"-37.546758, 143.823172"
2021-05-20T18:22:33+00:00,Fairyland,-37.546758,143.823172,60.0,68.0,"-37.546758, 143.823172"
2021-04-06T07:14:54+00:00,Fairyland,-37.546758,143.823172,60.0,68.0,"-37.546758, 143.823172"
2022-03-13T06:17:20+00:00,Fairyland,-37.546758,143.823172,64.0,79.0,"-37.546758, 143.823172"
2022-03-14T03:32:10+00:00,Fairyland,-37.546758,143.823172,62.0,76.0,"-37.546758, 143.823172"
2022-03-14T07:17:15+00:00,Fairyland,-37.546758,143.823172,68.0,83.0,"-37.546758, 143.823172"
2022-03-12T01:47:33+00:00,Fairyland,-37.546758,143.823172,62.0,72.0,"-37.546758, 143.823172"
2022-03-12T09:17:27+00:00,Fairyland,-37.546758,143.823172,61.0,68.0,"-37.546758, 143.823172"
2022-03-14T00:32:20+00:00,Fairyland,-37.546758,143.823172,64.0,73.0,"-37.546758, 143.823172"
2022-03-14T07:32:08+00:00,Fairyland,-37.546758,143.823172,67.0,81.0,"-37.546758, 143.823172"
2021-06-10T18:49:08+00:00,Fairyland,-37.546758,143.823172,60.0,70.0,"-37.546758, 143.823172"
2021-06-10T01:49:14+00:00,Fairyland,-37.546758,143.823172,60.0,81.0,"-37.546758, 143.823172"
2021-04-15T03:28:25+00:00,Fairyland,-37.546758,143.823172,60.0,80.0,"-37.546758, 143.823172"
2021-04-13T03:28:45+00:00,Fairyland,-37.546758,143.823172,61.0,71.0,"-37.546758, 143.823172"
2021-04-14T04:58:34+00:00,Fairyland,-37.546758,143.823172,61.0,82.0,"-37.546758, 143.823172"
2021-03-16T07:03:24+00:00,Fairyland,-37.546758,143.823172,60.0,70.0,"-37.546758, 143.823172"
2022-04-06T22:43:09+00:00,Fairyland,-37.546758,143.823172,60.0,83.0,"-37.546758, 143.823172"
2021-07-20T01:42:44+00:00,Fairyland,-37.546758,143.823172,64.0,86.0,"-37.546758, 143.823172"
2021-08-15T13:53:26+00:00,Fairyland,-37.546758,143.823172,61.0,80.0,"-37.546758, 143.823172"
2021-08-15T14:23:26+00:00,Fairyland,-37.546758,143.823172,64.0,87.0,"-37.546758, 143.823172"
2022-02-24T21:35:08+00:00,Fairyland,-37.546758,143.823172,60.0,65.0,"-37.546758, 143.823172"
2021-07-31T09:40:55+00:00,Fairyland,-37.546758,143.823172,60.0,70.0,"-37.546758, 143.823172"
2021-08-11T09:09:07+00:00,Fairyland,-37.546758,143.823172,61.0,81.0,"-37.546758, 143.823172"
2022-02-26T08:04:50+00:00,Fairyland,-37.546758,143.823172,61.0,72.0,"-37.546758, 143.823172"
2022-02-06T07:53:10+00:00,Fairyland,-37.546758,143.823172,60.0,76.0,"-37.546758, 143.823172"
2022-02-09T00:37:45+00:00,Fairyland,-37.546758,143.823172,60.0,68.0,"-37.546758, 143.823172"
2022-02-13T03:07:03+00:00,Fairyland,-37.546758,143.823172,60.0,83.0,"-37.546758, 143.823172"
2022-02-03T22:08:37+00:00,Fairyland,-37.546758,143.823172,63.0,67.0,"-37.546758, 143.823172"
2021-09-24T09:46:56+00:00,Fairyland,-37.546758,143.823172,62.0,86.0,"-37.546758, 143.823172"
2022-03-06T11:18:27+00:00,Fairyland,-37.546758,143.823172,62.0,84.0,"-37.546758, 143.823172"
2022-03-06T17:48:24+00:00,Fairyland,-37.546758,143.823172,61.0,75.0,"-37.546758, 143.823172"
2022-03-08T22:18:05+00:00,Fairyland,-37.546758,143.823172,61.0,83.0,"-37.546758, 143.823172"
2022-02-27T03:34:42+00:00,Fairyland,-37.546758,143.823172,62.0,78.0,"-37.546758, 143.823172"
2022-01-18T19:26:25+00:00,Fairyland,-37.546758,143.823172,62.0,78.0,"-37.546758, 143.823172"
2021-11-18T01:51:36+00:00,Fairyland,-37.546758,143.823172,65.0,79.0,"-37.546758, 143.823172"
2022-01-16T09:11:40+00:00,Fairyland,-37.546758,143.823172,61.0,65.0,"-37.546758, 143.823172"
2022-01-19T03:11:12+00:00,Fairyland,-37.546758,143.823172,65.0,80.0,"-37.546758, 143.823172"
2022-01-19T05:26:11+00:00,Fairyland,-37.546758,143.823172,69.0,83.0,"-37.546758, 143.823172"
2021-11-14T01:07:16+00:00,Fairyland,-37.546758,143.823172,60.0,81.0,"-37.546758, 143.823172"
2022-01-25T08:25:13+00:00,Fairyland,-37.546758,143.823172,61.0,75.0,"-37.546758, 143.823172"
2022-01-30T23:54:14+00:00,Fairyland,-37.546758,143.823172,63.0,69.0,"-37.546758, 143.823172"
2022-01-30T04:09:22+00:00,Fairyland,-37.546758,143.823172,62.0,74.0,"-37.546758, 143.823172"
2022-01-30T09:09:20+00:00,Fairyland,-37.546758,143.823172,67.0,76.0,"-37.546758, 143.823172"
2022-01-27T01:39:55+00:00,Fairyland,-37.546758,143.823172,61.0,72.0,"-37.546758, 143.823172"
2022-01-18T18:41:18+00:00,Fairyland,-37.546758,143.823172,60.0,77.0,"-37.546758, 143.823172"
2022-01-18T23:56:16+00:00,Fairyland,-37.546758,143.823172,64.0,76.0,"-37.546758, 143.823172"
2022-01-22T10:40:40+00:00,Fairyland,-37.546758,143.823172,66.0,79.0,"-37.546758, 143.823172"
2022-01-18T23:41:14+00:00,Fairyland,-37.546758,143.823172,68.0,84.0,"-37.546758, 143.823172"
2022-01-19T07:11:13+00:00,Fairyland,-37.546758,143.823172,68.0,83.0,"-37.546758, 143.823172"
2022-01-21T09:40:50+00:00,Fairyland,-37.546758,143.823172,65.0,76.0,"-37.546758, 143.823172"
2022-01-18T19:41:24+00:00,Fairyland,-37.546758,143.823172,64.0,85.0,"-37.546758, 143.823172"
2022-01-18T20:11:15+00:00,Fairyland,-37.546758,143.823172,66.0,82.0,"-37.546758, 143.823172"
2022-01-18T20:41:17+00:00,Fairyland,-37.546758,143.823172,66.0,88.0,"-37.546758, 143.823172"
2022-01-19T15:41:09+00:00,Fairyland,-37.546758,143.823172,62.0,77.0,"-37.546758, 143.823172"
2022-01-20T07:41:04+00:00,Fairyland,-37.546758,143.823172,61.0,71.0,"-37.546758, 143.823172"
2022-01-21T10:10:49+00:00,Fairyland,-37.546758,143.823172,61.0,72.0,"-37.546758, 143.823172"
2022-02-07T05:38:01+00:00,Fairyland,-37.546758,143.823172,60.0,74.0,"-37.546758, 143.823172"
2022-02-21T22:35:34+00:00,Fairyland,-37.546758,143.823172,60.0,78.0,"-37.546758, 143.823172"
2022-02-21T23:50:33+00:00,Fairyland,-37.546758,143.823172,62.0,73.0,"-37.546758, 143.823172"
2022-02-24T07:05:12+00:00,Fairyland,-37.546758,143.823172,62.0,80.0,"-37.546758, 143.823172"
2022-02-25T14:49:59+00:00,Fairyland,-37.546758,143.823172,60.0,70.0,"-37.546758, 143.823172"
2022-02-26T04:19:53+00:00,Fairyland,-37.546758,143.823172,60.0,66.0,"-37.546758, 143.823172"
2022-02-27T04:34:40+00:00,Fairyland,-37.546758,143.823172,63.0,71.0,"-37.546758, 143.823172"
2022-02-27T05:19:40+00:00,Fairyland,-37.546758,143.823172,63.0,74.0,"-37.546758, 143.823172"
2022-02-27T09:34:40+00:00,Fairyland,-37.546758,143.823172,63.0,70.0,"-37.546758, 143.823172"
2022-02-05T07:53:23+00:00,Fairyland,-37.546758,143.823172,62.0,73.0,"-37.546758, 143.823172"
2022-02-07T07:53:02+00:00,Fairyland,-37.546758,143.823172,61.0,78.0,"-37.546758, 143.823172"
2022-02-12T09:07:11+00:00,Fairyland,-37.546758,143.823172,64.0,74.0,"-37.546758, 143.823172"
2022-02-13T01:07:04+00:00,Fairyland,-37.546758,143.823172,61.0,82.0,"-37.546758, 143.823172"
2022-02-13T05:37:03+00:00,Fairyland,-37.546758,143.823172,60.0,76.0,"-37.546758, 143.823172"
2022-02-15T00:06:43+00:00,Fairyland,-37.546758,143.823172,60.0,67.0,"-37.546758, 143.823172"
2022-03-06T07:48:28+00:00,Fairyland,-37.546758,143.823172,63.0,82.0,"-37.546758, 143.823172"
2022-03-06T10:18:27+00:00,Fairyland,-37.546758,143.823172,60.0,86.0,"-37.546758, 143.823172"
2022-03-18T16:31:24+00:00,Fairyland,-37.546758,143.823172,60.0,79.0,"-37.546758, 143.823172"
2022-03-18T18:16:23+00:00,Fairyland,-37.546758,143.823172,66.0,79.0,"-37.546758, 143.823172"
2022-03-19T08:16:17+00:00,Fairyland,-37.546758,143.823172,68.0,77.0,"-37.546758, 143.823172"
2022-03-19T06:16:18+00:00,Fairyland,-37.546758,143.823172,63.0,80.0,"-37.546758, 143.823172"
2022-05-16T01:51:43+00:00,Fairyland,-37.546758,143.823172,61.0,75.0,"-37.546758, 143.823172"
2022-05-16T02:36:43+00:00,Fairyland,-37.546758,143.823172,66.0,76.0,"-37.546758, 143.823172"
2022-05-29T23:04:21+00:00,Fairyland,-37.546758,143.823172,66.0,75.0,"-37.546758, 143.823172"
2022-08-02T15:08:50+00:00,Fairyland,-37.546758,143.823172,62.0,84.0,"-37.546758, 143.823172"
2022-06-08T22:17:44+00:00,Fairyland,-37.546758,143.823172,61.0,69.0,"-37.546758, 143.823172"
2022-06-09T23:32:35+00:00,Fairyland,-37.546758,143.823172,60.0,68.0,"-37.546758, 143.823172"
2022-10-12T21:42:08+00:00,Fairyland,-37.546758,143.823172,61.0,67.0,"-37.546758, 143.823172"
2022-06-30T23:14:09+00:00,Fairyland,-37.546758,143.823172,65.0,69.0,"-37.546758, 143.823172"
2022-10-04T10:43:33+00:00,Fairyland,-37.546758,143.823172,63.0,74.0,"-37.546758, 143.823172"
2022-09-29T19:29:19+00:00,Fairyland,-37.546758,143.823172,61.0,76.0,"-37.546758, 143.823172"
2022-09-29T19:14:19+00:00,Fairyland,-37.546758,143.823172,60.0,71.0,"-37.546758, 143.823172"
2022-09-29T20:14:19+00:00,Fairyland,-37.546758,143.823172,61.0,73.0,"-37.546758, 143.823172"
2022-06-26T23:14:48+00:00,Fairyland,-37.546758,143.823172,60.0,66.0,"-37.546758, 143.823172"
2022-06-27T21:44:39+00:00,Fairyland,-37.546758,143.823172,61.0,71.0,"-37.546758, 143.823172"
2022-06-27T22:29:38+00:00,Fairyland,-37.546758,143.823172,60.0,68.0,"-37.546758, 143.823172"
2022-07-09T18:57:43+00:00,Fairyland,-37.546758,143.823172,60.0,76.0,"-37.546758, 143.823172"
2022-08-02T16:23:56+00:00,Fairyland,-37.546758,143.823172,65.0,103.0,"-37.546758, 143.823172"
2023-04-26T22:54:26+00:00,Fairyland,-37.546758,143.823172,61.0,74.0,"-37.546758, 143.823172"
2022-08-30T03:04:21+00:00,Fairyland,-37.546758,143.823172,60.0,76.0,"-37.546758, 143.823172"
2023-03-29T22:14:08+00:00,Fairyland,-37.546758,143.823172,65.0,77.0,"-37.546758, 143.823172"
2023-06-07T08:32:36+00:00,Fairyland,-37.546758,143.823172,60.0,75.0,"-37.546758, 143.823172"
2023-06-07T06:32:37+00:00,Fairyland,-37.546758,143.823172,61.0,73.0,"-37.546758, 143.823172"
2023-12-24T21:27:52+00:00,Fairyland,-37.546758,143.823172,61.0,70.0,"-37.546758, 143.823172"
2023-12-24T21:42:52+00:00,Fairyland,-37.546758,143.823172,65.0,79.0,"-37.546758, 143.823172"
2023-12-25T02:57:48+00:00,Fairyland,-37.546758,143.823172,62.0,75.0,"-37.546758, 143.823172"
2023-06-18T17:59:11+00:00,Fairyland,-37.546758,143.823172,60.0,74.0,"-37.546758, 143.823172"
2023-05-17T22:50:58+00:00,Fairyland,-37.546758,143.823172,67.0,84.0,"-37.546758, 143.823172"
2023-10-21T20:23:34+00:00,Fairyland,-37.546758,143.823172,60.0,82.0,"-37.546758, 143.823172"
2020-05-14T04:38:47+00:00,Fairyland,-37.546758,143.823172,67.0,73.0,"-37.546758, 143.823172"
2020-05-24T23:22:04+00:00,Fairyland,-37.546758,143.823172,79.0,89.0,"-37.546758, 143.823172"
2020-05-25T02:37:02+00:00,Fairyland,-37.546758,143.823172,70.0,79.0,"-37.546758, 143.823172"
2020-05-25T06:52:00+00:00,Fairyland,-37.546758,143.823172,63.0,74.0,"-37.546758, 143.823172"
2020-05-26T22:36:43+00:00,Fairyland,-37.546758,143.823172,63.0,71.0,"-37.546758, 143.823172"
2020-05-27T01:51:41+00:00,Fairyland,-37.546758,143.823172,60.0,78.0,"-37.546758, 143.823172"
2020-05-29T04:51:22+00:00,Fairyland,-37.546758,143.823172,61.0,82.0,"-37.546758, 143.823172"
2020-05-29T16:36:17+00:00,Fairyland,-37.546758,143.823172,61.0,84.0,"-37.546758, 143.823172"
2020-05-30T08:06:10+00:00,Fairyland,-37.546758,143.823172,60.0,83.0,"-37.546758, 143.823172"
2020-05-30T10:36:08+00:00,Fairyland,-37.546758,143.823172,61.0,85.0,"-37.546758, 143.823172"
2020-05-30T11:36:08+00:00,Fairyland,-37.546758,143.823172,60.0,80.0,"-37.546758, 143.823172"
2020-06-01T02:50:52+00:00,Fairyland,-37.546758,143.823172,64.0,85.0,"-37.546758, 143.823172"
2020-06-02T03:35:42+00:00,Fairyland,-37.546758,143.823172,61.0,84.0,"-37.546758, 143.823172"
2020-06-04T21:50:15+00:00,Fairyland,-37.546758,143.823172,60.0,67.0,"-37.546758, 143.823172"
2020-06-04T22:50:15+00:00,Fairyland,-37.546758,143.823172,63.0,81.0,"-37.546758, 143.823172"
2020-04-03T20:45:26+00:00,Fairyland,6.0,6.0,62.0,84.0,"6.0, 6.0"
2020-04-08T23:14:36+00:00,Fairyland,6.0,6.0,60.0,71.0,"6.0, 6.0"
2020-04-10T17:59:18+00:00,Fairyland,6.0,6.0,63.0,82.0,"6.0, 6.0"
2020-04-10T19:44:18+00:00,Fairyland,6.0,6.0,62.0,88.0,"6.0, 6.0"
2020-04-11T04:29:13+00:00,Fairyland,6.0,6.0,65.0,91.0,"6.0, 6.0"
2020-04-19T19:42:49+00:00,Fairyland,-37.546758,143.823172,61.0,82.0,"-37.546758, 143.823172"
2020-06-13T02:48:58+00:00,Fairyland,-37.546758,143.823172,60.0,88.0,"-37.546758, 143.823172"
2020-06-16T03:03:26+00:00,Fairyland,-37.546758,143.823172,63.0,75.0,"-37.546758, 143.823172"
2020-06-16T03:33:26+00:00,Fairyland,-37.546758,143.823172,62.0,80.0,"-37.546758, 143.823172"
2020-06-19T02:02:58+00:00,Fairyland,-37.546758,143.823172,65.0,90.0,"-37.546758, 143.823172"
2021-02-28T04:06:05+00:00,Fairyland,-37.546758,143.823172,64.0,74.0,"-37.546758, 143.823172"
2021-01-27T02:11:29+00:00,Fairyland,-37.546758,143.823172,63.0,76.0,"-37.546758, 143.823172"
2021-01-28T07:56:15+00:00,Fairyland,-37.546758,143.823172,60.0,71.0,"-37.546758, 143.823172"
2021-03-21T09:02:33+00:00,Fairyland,-37.546758,143.823172,67.0,84.0,"-37.546758, 143.823172"
2021-02-08T00:39:27+00:00,Fairyland,-37.546758,143.823172,61.0,78.0,"-37.546758, 143.823172"
2021-02-08T18:39:19+00:00,Fairyland,-37.546758,143.823172,60.0,71.0,"-37.546758, 143.823172"
2021-02-10T20:53:58+00:00,Fairyland,-37.546758,143.823172,62.0,67.0,"-37.546758, 143.823172"
2020-09-07T07:34:59+00:00,Fairyland,-37.546758,143.823172,63.0,88.0,"-37.546758, 143.823172"
2020-08-07T05:10:03+00:00,Fairyland,-37.546758,143.823172,72.0,83.0,"-37.546758, 143.823172"
2020-08-07T13:09:59+00:00,Fairyland,-37.546758,143.823172,77.0,90.0,"-37.546758, 143.823172"
2020-08-07T14:54:59+00:00,Fairyland,-37.546758,143.823172,78.0,89.0,"-37.546758, 143.823172"
2020-08-07T16:24:58+00:00,Fairyland,-37.546758,143.823172,74.0,85.0,"-37.546758, 143.823172"
2020-08-07T18:39:57+00:00,Fairyland,-37.546758,143.823172,71.0,83.0,"-37.546758, 143.823172"
2020-08-07T19:09:57+00:00,Fairyland,-37.546758,143.823172,72.0,86.0,"-37.546758, 143.823172"
2020-08-07T23:24:55+00:00,Fairyland,-37.546758,143.823172,68.0,79.0,"-37.546758, 143.823172"
2020-08-07T23:54:55+00:00,Fairyland,-37.546758,143.823172,65.0,76.0,"-37.546758, 143.823172"
2020-08-08T00:09:55+00:00,Fairyland,-37.546758,143.823172,67.0,78.0,"-37.546758, 143.823172"
2020-08-08T00:54:55+00:00,Fairyland,-37.546758,143.823172,72.0,83.0,"-37.546758, 143.823172"
2020-08-08T01:39:55+00:00,Fairyland,-37.546758,143.823172,70.0,83.0,"-37.546758, 143.823172"
2020-07-09T21:59:37+00:00,Fairyland,-37.546758,143.823172,61.0,70.0,"-37.546758, 143.823172"
2020-07-13T01:44:06+00:00,Fairyland,-37.546758,143.823172,67.0,87.0,"-37.546758, 143.823172"
2020-07-13T16:58:59+00:00,Fairyland,-37.546758,143.823172,61.0,76.0,"-37.546758, 143.823172"
2020-07-14T15:28:50+00:00,Fairyland,-37.546758,143.823172,75.0,88.0,"-37.546758, 143.823172"
2020-07-04T01:30:33+00:00,Fairyland,-37.546758,143.823172,60.0,66.0,"-37.546758, 143.823172"
2020-07-07T09:45:00+00:00,Fairyland,-37.546758,143.823172,65.0,73.0,"-37.546758, 143.823172"
2020-07-11T07:44:23+00:00,Fairyland,-37.546758,143.823172,60.0,70.0,"-37.546758, 143.823172"
2020-07-14T02:28:56+00:00,Fairyland,-37.546758,143.823172,73.0,83.0,"-37.546758, 143.823172"
2020-07-14T17:13:49+00:00,Fairyland,-37.546758,143.823172,65.0,77.0,"-37.546758, 143.823172"
2020-07-14T20:28:48+00:00,Fairyland,-37.546758,143.823172,75.0,86.0,"-37.546758, 143.823172"
2020-07-15T01:28:46+00:00,Fairyland,-37.546758,143.823172,61.0,68.0,"-37.546758, 143.823172"
2020-08-09T12:54:41+00:00,Fairyland,-37.546758,143.823172,68.0,82.0,"-37.546758, 143.823172"
2020-08-09T23:24:36+00:00,Fairyland,-37.546758,143.823172,65.0,76.0,"-37.546758, 143.823172"
2020-08-11T10:39:21+00:00,Fairyland,-37.546758,143.823172,61.0,87.0,"-37.546758, 143.823172"
2020-08-18T03:23:16+00:00,Fairyland,-37.546758,143.823172,62.0,80.0,"-37.546758, 143.823172"
2020-08-19T19:38:00+00:00,Fairyland,-37.546758,143.823172,60.0,82.0,"-37.546758, 143.823172"
2020-08-20T00:52:57+00:00,Fairyland,-37.546758,143.823172,66.0,82.0,"-37.546758, 143.823172"
2020-08-20T02:22:57+00:00,Fairyland,-37.546758,143.823172,64.0,76.0,"-37.546758, 143.823172"
2020-08-20T03:52:56+00:00,Fairyland,-37.546758,143.823172,66.0,94.0,"-37.546758, 143.823172"
2020-08-20T03:37:56+00:00,Fairyland,-37.546758,143.823172,61.0,79.0,"-37.546758, 143.823172"
2020-08-20T06:22:55+00:00,Fairyland,-37.546758,143.823172,60.0,82.0,"-37.546758, 143.823172"
2023-12-24T11:27:55+00:00,Fairyland,-37.546758,143.823172,74.0,90.0,"-37.546758, 143.823172"
2021-06-09T23:34:15+00:00,Fairyland,-37.546758,143.823172,62.0,78.0,"-37.546758, 143.823172"
2021-06-09T22:04:16+00:00,Fairyland,-37.546758,143.823172,61.0,76.0,"-37.546758, 143.823172"
2021-01-16T06:13:15+00:00,Fairyland,-37.546758,143.823172,60.0,76.0,"-37.546758, 143.823172"
2023-12-10T22:00:11+00:00,Fairyland,-37.546758,143.823172,61.0,75.0,"-37.546758, 143.823172"
2023-12-11T06:30:08+00:00,Fairyland,-37.546758,143.823172,62.0,71.0,"-37.546758, 143.823172"
2021-08-04T07:40:18+00:00,Fairyland,-37.546758,143.823172,61.0,83.0,"-37.546758, 143.823172"
2021-11-14T03:52:15+00:00,Fairyland,-37.546758,143.823172,64.0,92.0,"-37.546758, 143.823172"
2021-12-01T07:19:21+00:00,Fairyland,-37.546758,143.823172,69.0,83.0,"-37.546758, 143.823172"
2022-03-04T10:18:49+00:00,Fairyland,-37.546758,143.823172,61.0,75.0,"-37.546758, 143.823172"
2022-03-06T12:33:33+00:00,Fairyland,-37.546758,143.823172,63.0,79.0,"-37.546758, 143.823172"
2022-03-06T20:18:23+00:00,Fairyland,-37.546758,143.823172,60.0,72.0,"-37.546758, 143.823172"
2022-03-09T00:03:02+00:00,Fairyland,-37.546758,143.823172,61.0,84.0,"-37.546758, 143.823172"
2022-02-24T03:50:12+00:00,Fairyland,-37.546758,143.823172,61.0,72.0,"-37.546758, 143.823172"
2022-02-13T04:07:01+00:00,Fairyland,-37.546758,143.823172,60.0,79.0,"-37.546758, 143.823172"
2022-01-30T00:54:23+00:00,Fairyland,-37.546758,143.823172,68.0,78.0,"-37.546758, 143.823172"
2022-02-14T21:06:46+00:00,Fairyland,-37.546758,143.823172,60.0,71.0,"-37.546758, 143.823172"
2022-01-23T04:10:34+00:00,Fairyland,-37.546758,143.823172,60.0,70.0,"-37.546758, 143.823172"
2022-03-11T23:32:34+00:00,Fairyland,-37.546758,143.823172,61.0,68.0,"-37.546758, 143.823172"
2022-03-13T01:47:20+00:00,Fairyland,-37.546758,143.823172,63.0,73.0,"-37.546758, 143.823172"
2022-03-13T06:32:19+00:00,Fairyland,-37.546758,143.823172,64.0,78.0,"-37.546758, 143.823172"
2022-03-13T07:02:18+00:00,Fairyland,-37.546758,143.823172,62.0,74.0,"-37.546758, 143.823172"
2022-03-13T06:47:20+00:00,Fairyland,-37.546758,143.823172,64.0,74.0,"-37.546758, 143.823172"
2022-03-14T04:02:10+00:00,Fairyland,-37.546758,143.823172,62.0,73.0,"-37.546758, 143.823172"
2022-03-14T07:47:08+00:00,Fairyland,-37.546758,143.823172,68.0,83.0,"-37.546758, 143.823172"
2022-03-18T16:16:24+00:00,Fairyland,-37.546758,143.823172,60.0,78.0,"-37.546758, 143.823172"
2022-03-18T16:46:23+00:00,Fairyland,-37.546758,143.823172,65.0,80.0,"-37.546758, 143.823172"
2022-03-19T01:31:20+00:00,Fairyland,-37.546758,143.823172,66.0,82.0,"-37.546758, 143.823172"
2022-03-18T23:16:21+00:00,Fairyland,-37.546758,143.823172,60.0,79.0,"-37.546758, 143.823172"
2022-01-18T22:56:15+00:00,Fairyland,-37.546758,143.823172,70.0,83.0,"-37.546758, 143.823172"
2022-01-19T04:41:12+00:00,Fairyland,-37.546758,143.823172,63.0,82.0,"-37.546758, 143.823172"
2022-01-19T06:11:20+00:00,Fairyland,-37.546758,143.823172,70.0,86.0,"-37.546758, 143.823172"
2022-01-19T21:11:05+00:00,Fairyland,-37.546758,143.823172,63.0,66.0,"-37.546758, 143.823172"
2022-01-11T07:57:31+00:00,Fairyland,-37.546758,143.823172,60.0,71.0,"-37.546758, 143.823172"
2022-01-11T03:27:35+00:00,Fairyland,-37.546758,143.823172,60.0,72.0,"-37.546758, 143.823172"
2022-01-10T21:27:37+00:00,Fairyland,-37.546758,143.823172,60.0,73.0,"-37.546758, 143.823172"
2022-01-19T15:56:22+00:00,Fairyland,-37.546758,143.823172,60.0,71.0,"-37.546758, 143.823172"
2022-04-07T01:58:15+00:00,Fairyland,-37.546758,143.823172,62.0,76.0,"-37.546758, 143.823172"
2022-04-07T04:28:09+00:00,Fairyland,-37.546758,143.823172,60.0,76.0,"-37.546758, 143.823172"
2022-04-07T04:43:09+00:00,Fairyland,-37.546758,143.823172,62.0,73.0,"-37.546758, 143.823172"
2022-04-07T05:13:10+00:00,Fairyland,-37.546758,143.823172,60.0,76.0,"-37.546758, 143.823172"
2022-04-26T02:54:57+00:00,Fairyland,-37.546758,143.823172,60.0,69.0,"-37.546758, 143.823172"
2022-04-02T02:59:05+00:00,Fairyland,-37.546758,143.823172,67.0,81.0,"-37.546758, 143.823172"
2022-04-04T02:28:39+00:00,Fairyland,-37.546758,143.823172,62.0,81.0,"-37.546758, 143.823172"
2022-04-04T02:58:39+00:00,Fairyland,-37.546758,143.823172,64.0,78.0,"-37.546758, 143.823172"
2022-05-03T00:23:47+00:00,Fairyland,-37.546758,143.823172,61.0,80.0,"-37.546758, 143.823172"
2020-04-03T09:45:32+00:00,Fairyland,6.0,6.0,63.0,85.0,"6.0, 6.0"
2020-04-04T01:00:24+00:00,Fairyland,6.0,6.0,67.0,91.0,"6.0, 6.0"
2020-04-04T05:30:22+00:00,Fairyland,6.0,6.0,66.0,91.0,"6.0, 6.0"
2021-01-27T01:26:29+00:00,Fairyland,-37.546758,143.823172,62.0,80.0,"-37.546758, 143.823172"
2021-01-15T00:58:27+00:00,Fairyland,-37.546758,143.823172,64.0,85.0,"-37.546758, 143.823172"
2021-01-19T08:12:44+00:00,Fairyland,-37.546758,143.823172,60.0,80.0,"-37.546758, 143.823172"
2021-01-26T22:26:31+00:00,Fairyland,-37.546758,143.823172,63.0,76.0,"-37.546758, 143.823172"
2021-02-04T22:40:00+00:00,Fairyland,-37.546758,143.823172,61.0,85.0,"-37.546758, 143.823172"
2021-01-15T05:13:26+00:00,Fairyland,-37.546758,143.823172,64.0,80.0,"-37.546758, 143.823172"
2021-01-13T09:13:45+00:00,Fairyland,-37.546758,143.823172,61.0,78.0,"-37.546758, 143.823172"
2021-01-15T07:43:25+00:00,Fairyland,-37.546758,143.823172,60.0,85.0,"-37.546758, 143.823172"
2021-01-20T10:27:35+00:00,Fairyland,-37.546758,143.823172,60.0,74.0,"-37.546758, 143.823172"
2021-01-25T03:26:47+00:00,Fairyland,-37.546758,143.823172,60.0,76.0,"-37.546758, 143.823172"
2021-01-27T11:41:25+00:00,Fairyland,-37.546758,143.823172,62.0,82.0,"-37.546758, 143.823172"
2021-01-27T11:56:25+00:00,Fairyland,-37.546758,143.823172,60.0,76.0,"-37.546758, 143.823172"
2021-01-28T08:56:16+00:00,Fairyland,-37.546758,143.823172,66.0,87.0,"-37.546758, 143.823172"
2021-01-26T21:41:31+00:00,Fairyland,-37.546758,143.823172,62.0,82.0,"-37.546758, 143.823172"
2021-01-27T14:11:24+00:00,Fairyland,-37.546758,143.823172,62.0,79.0,"-37.546758, 143.823172"
2021-01-28T02:41:18+00:00,Fairyland,-37.546758,143.823172,64.0,76.0,"-37.546758, 143.823172"
2021-02-08T06:39:24+00:00,Fairyland,-37.546758,143.823172,61.0,72.0,"-37.546758, 143.823172"
2021-02-09T00:54:17+00:00,Fairyland,-37.546758,143.823172,61.0,76.0,"-37.546758, 143.823172"
2021-02-20T05:07:25+00:00,Fairyland,-37.546758,143.823172,61.0,78.0,"-37.546758, 143.823172"
2021-03-16T08:18:23+00:00,Fairyland,-37.546758,143.823172,61.0,72.0,"-37.546758, 143.823172"
2020-06-12T15:34:02+00:00,Fairyland,-37.546758,143.823172,60.0,91.0,"-37.546758, 143.823172"
2020-06-19T03:02:57+00:00,Fairyland,-37.546758,143.823172,64.0,98.0,"-37.546758, 143.823172"
2020-06-19T15:02:52+00:00,Fairyland,-37.546758,143.823172,62.0,82.0,"-37.546758, 143.823172"
2020-06-18T03:03:07+00:00,Fairyland,-37.546758,143.823172,61.0,75.0,"-37.546758, 143.823172"
2020-06-18T21:18:00+00:00,Fairyland,-37.546758,143.823172,61.0,79.0,"-37.546758, 143.823172"
2020-06-18T23:17:59+00:00,Fairyland,-37.546758,143.823172,63.0,84.0,"-37.546758, 143.823172"
2020-06-12T22:18:59+00:00,Fairyland,-37.546758,143.823172,60.0,82.0,"-37.546758, 143.823172"
2020-06-12T23:03:59+00:00,Fairyland,-37.546758,143.823172,60.0,84.0,"-37.546758, 143.823172"
2020-06-13T02:33:58+00:00,Fairyland,-37.546758,143.823172,61.0,82.0,"-37.546758, 143.823172"
2020-06-13T07:03:56+00:00,Fairyland,-37.546758,143.823172,60.0,80.0,"-37.546758, 143.823172"
2020-06-13T17:18:51+00:00,Fairyland,-37.546758,143.823172,60.0,75.0,"-37.546758, 143.823172"
2020-06-25T22:16:50+00:00,Fairyland,-37.546758,143.823172,60.0,69.0,"-37.546758, 143.823172"
2020-06-30T04:31:09+00:00,Fairyland,-37.546758,143.823172,63.0,92.0,"-37.546758, 143.823172"
2020-07-01T08:15:58+00:00,Fairyland,-37.546758,143.823172,61.0,81.0,"-37.546758, 143.823172"
2020-07-01T09:30:58+00:00,Fairyland,-37.546758,143.823172,60.0,82.0,"-37.546758, 143.823172"
2020-07-01T09:45:58+00:00,Fairyland,-37.546758,143.823172,60.0,90.0,"-37.546758, 143.823172"
2020-07-02T02:15:50+00:00,Fairyland,-37.546758,143.823172,62.0,79.0,"-37.546758, 143.823172"
2020-07-11T23:29:17+00:00,Fairyland,-37.546758,143.823172,62.0,77.0,"-37.546758, 143.823172"
2020-07-12T01:44:16+00:00,Fairyland,-37.546758,143.823172,64.0,80.0,"-37.546758, 143.823172"
2020-07-14T00:58:56+00:00,Fairyland,-37.546758,143.823172,68.0,86.0,"-37.546758, 143.823172"
2020-07-14T01:13:56+00:00,Fairyland,-37.546758,143.823172,69.0,84.0,"-37.546758, 143.823172"
2020-07-14T04:13:55+00:00,Fairyland,-37.546758,143.823172,66.0,77.0,"-37.546758, 143.823172"
2020-06-18T23:02:59+00:00,Fairyland,-37.546758,143.823172,65.0,92.0,"-37.546758, 143.823172"
2020-08-04T00:55:33+00:00,Fairyland,-37.546758,143.823172,64.0,83.0,"-37.546758, 143.823172"
2020-08-07T00:55:04+00:00,Fairyland,-37.546758,143.823172,72.0,82.0,"-37.546758, 143.823172"
2020-08-07T01:55:04+00:00,Fairyland,-37.546758,143.823172,74.0,85.0,"-37.546758, 143.823172"
2020-08-07T05:55:02+00:00,Fairyland,-37.546758,143.823172,66.0,80.0,"-37.546758, 143.823172"
2020-08-07T06:10:02+00:00,Fairyland,-37.546758,143.823172,66.0,76.0,"-37.546758, 143.823172"
2020-08-07T09:10:01+00:00,Fairyland,-37.546758,143.823172,70.0,82.0,"-37.546758, 143.823172"
2020-08-07T11:55:00+00:00,Fairyland,-37.546758,143.823172,77.0,85.0,"-37.546758, 143.823172"
2020-08-07T15:24:58+00:00,Fairyland,-37.546758,143.823172,78.0,89.0,"-37.546758, 143.823172"
2020-08-07T23:39:55+00:00,Fairyland,-37.546758,143.823172,67.0,81.0,"-37.546758, 143.823172"
2020-08-08T01:54:54+00:00,Fairyland,-37.546758,143.823172,73.0,85.0,"-37.546758, 143.823172"
2020-08-08T22:39:46+00:00,Fairyland,-37.546758,143.823172,64.0,76.0,"-37.546758, 143.823172"
2020-08-08T22:54:46+00:00,Fairyland,-37.546758,143.823172,67.0,88.0,"-37.546758, 143.823172"
2020-08-09T10:54:41+00:00,Fairyland,-37.546758,143.823172,71.0,88.0,"-37.546758, 143.823172"
2020-08-09T14:54:39+00:00,Fairyland,-37.546758,143.823172,66.0,79.0,"-37.546758, 143.823172"
2020-08-09T15:09:39+00:00,Fairyland,-37.546758,143.823172,64.0,76.0,"-37.546758, 143.823172"
2020-08-09T17:39:38+00:00,Fairyland,-37.546758,143.823172,72.0,82.0,"-37.546758, 143.823172"
2020-12-16T04:48:27+00:00,Fairyland,-37.546758,143.823172,61.0,76.0,"-37.546758, 143.823172"
2021-01-02T11:15:34+00:00,Fairyland,-37.546758,143.823172,62.0,78.0,"-37.546758, 143.823172"
2020-09-19T12:02:58+00:00,Fairyland,-37.546758,143.823172,66.0,83.0,"-37.546758, 143.823172"
2020-09-26T03:46:53+00:00,Fairyland,-37.546758,143.823172,61.0,91.0,"-37.546758, 143.823172"
2020-10-06T02:15:16+00:00,Fairyland,-37.546758,143.823172,60.0,74.0,"-37.546758, 143.823172"
2020-10-06T23:15:07+00:00,Fairyland,-37.546758,143.823172,60.0,68.0,"-37.546758, 143.823172"
2020-10-07T09:15:03+00:00,Fairyland,-37.546758,143.823172,63.0,71.0,"-37.546758, 143.823172"
2020-10-08T17:14:50+00:00,Fairyland,-37.546758,143.823172,64.0,84.0,"-37.546758, 143.823172"
2020-10-08T18:59:50+00:00,Fairyland,-37.546758,143.823172,60.0,71.0,"-37.546758, 143.823172"
2020-10-09T04:29:45+00:00,Fairyland,-37.546758,143.823172,64.0,84.0,"-37.546758, 143.823172"
2020-10-12T00:29:18+00:00,Fairyland,-37.546758,143.823172,62.0,79.0,"-37.546758, 143.823172"
2020-12-20T14:17:42+00:00,Fairyland,-37.546758,143.823172,60.0,71.0,"-37.546758, 143.823172"
2020-12-25T09:46:54+00:00,Fairyland,-37.546758,143.823172,62.0,78.0,"-37.546758, 143.823172"
2020-12-29T21:16:09+00:00,Fairyland,-37.546758,143.823172,60.0,77.0,"-37.546758, 143.823172"
2020-12-30T03:01:07+00:00,Fairyland,-37.546758,143.823172,64.0,77.0,"-37.546758, 143.823172"
2020-09-23T02:02:23+00:00,Fairyland,-37.546758,143.823172,61.0,83.0,"-37.546758, 143.823172"
2020-10-04T20:30:27+00:00,Fairyland,-37.546758,143.823172,60.0,74.0,"-37.546758, 143.823172"
2020-10-01T23:00:58+00:00,Fairyland,-37.546758,143.823172,64.0,85.0,"-37.546758, 143.823172"
2020-10-06T00:15:17+00:00,Fairyland,-37.546758,143.823172,60.0,73.0,"-37.546758, 143.823172"
2020-10-06T05:30:14+00:00,Fairyland,-37.546758,143.823172,60.0,73.0,"-37.546758, 143.823172"
2020-09-22T07:17:30+00:00,Fairyland,-37.546758,143.823172,66.0,88.0,"-37.546758, 143.823172"
2020-08-19T17:38:00+00:00,Fairyland,-37.546758,143.823172,62.0,76.0,"-37.546758, 143.823172"
2020-08-19T23:22:58+00:00,Fairyland,-37.546758,143.823172,62.0,77.0,"-37.546758, 143.823172"
2020-09-01T05:50:59+00:00,Fairyland,-37.546758,143.823172,60.0,79.0,"-37.546758, 143.823172"
2020-09-03T07:05:39+00:00,Fairyland,-37.546758,143.823172,60.0,83.0,"-37.546758, 143.823172"
2020-09-07T03:05:01+00:00,Fairyland,-37.546758,143.823172,66.0,90.0,"-37.546758, 143.823172"
2020-09-13T05:04:01+00:00,Fairyland,-37.546758,143.823172,61.0,76.0,"-37.546758, 143.823172"
2020-11-15T23:23:28+00:00,Fairyland,-37.546758,143.823172,60.0,77.0,"-37.546758, 143.823172"
2020-10-13T05:44:06+00:00,Fairyland,-37.546758,143.823172,61.0,75.0,"-37.546758, 143.823172"
2020-10-13T13:14:03+00:00,Fairyland,-37.546758,143.823172,68.0,82.0,"-37.546758, 143.823172"
2020-10-13T14:14:02+00:00,Fairyland,-37.546758,143.823172,66.0,79.0,"-37.546758, 143.823172"
2020-10-13T14:29:02+00:00,Fairyland,-37.546758,143.823172,69.0,88.0,"-37.546758, 143.823172"
2020-10-13T14:44:02+00:00,Fairyland,-37.546758,143.823172,68.0,80.0,"-37.546758, 143.823172"
2020-10-14T21:28:47+00:00,Fairyland,-37.546758,143.823172,60.0,71.0,"-37.546758, 143.823172"
2020-10-15T18:43:40+00:00,Fairyland,-37.546758,143.823172,63.0,79.0,"-37.546758, 143.823172"
2020-10-15T19:28:40+00:00,Fairyland,-37.546758,143.823172,61.0,76.0,"-37.546758, 143.823172"
2020-10-15T22:28:39+00:00,Fairyland,-37.546758,143.823172,75.0,83.0,"-37.546758, 143.823172"
2020-10-15T23:43:38+00:00,Fairyland,-37.546758,143.823172,73.0,86.0,"-37.546758, 143.823172"
2020-10-15T23:58:38+00:00,Fairyland,-37.546758,143.823172,67.0,76.0,"-37.546758, 143.823172"
2020-10-16T00:43:38+00:00,Fairyland,-37.546758,143.823172,60.0,77.0,"-37.546758, 143.823172"
2020-10-16T00:58:38+00:00,Fairyland,-37.546758,143.823172,63.0,83.0,"-37.546758, 143.823172"
2020-11-29T19:21:09+00:00,Fairyland,-37.546758,143.823172,60.0,74.0,"-37.546758, 143.823172"
2020-12-12T10:49:04+00:00,Fairyland,-37.546758,143.823172,60.0,67.0,"-37.546758, 143.823172"
2020-11-15T21:53:28+00:00,Fairyland,-37.546758,143.823172,60.0,80.0,"-37.546758, 143.823172"
2020-10-21T14:12:41+00:00,Fairyland,-37.546758,143.823172,64.0,74.0,"-37.546758, 143.823172"
2020-10-21T17:57:40+00:00,Fairyland,-37.546758,143.823172,61.0,68.0,"-37.546758, 143.823172"
2020-10-21T21:27:38+00:00,Fairyland,-37.546758,143.823172,62.0,72.0,"-37.546758, 143.823172"
2020-11-20T19:37:41+00:00,Fairyland,-37.546758,143.823172,62.0,99.0,"-37.546758, 143.823172"
2020-11-29T21:51:09+00:00,Fairyland,-37.546758,143.823172,62.0,70.0,"-37.546758, 143.823172"
2020-10-25T12:27:02+00:00,Fairyland,-37.546758,143.823172,70.0,88.0,"-37.546758, 143.823172"
2020-10-25T12:57:02+00:00,Fairyland,-37.546758,143.823172,70.0,86.0,"-37.546758, 143.823172"
2020-10-25T17:57:00+00:00,Fairyland,-37.546758,143.823172,61.0,78.0,"-37.546758, 143.823172"
2020-10-25T19:41:59+00:00,Fairyland,-37.546758,143.823172,65.0,85.0,"-37.546758, 143.823172"
2020-10-25T20:26:59+00:00,Fairyland,-37.546758,143.823172,70.0,85.0,"-37.546758, 143.823172"
2020-10-26T04:11:57+00:00,Fairyland,-37.546758,143.823172,75.0,92.0,"-37.546758, 143.823172"
2020-10-26T07:56:56+00:00,Fairyland,-37.546758,143.823172,75.0,88.0,"-37.546758, 143.823172"
2020-10-26T08:26:55+00:00,Fairyland,-37.546758,143.823172,68.0,83.0,"-37.546758, 143.823172"
2020-10-26T09:56:55+00:00,Fairyland,-37.546758,143.823172,69.0,82.0,"-37.546758, 143.823172"
2020-10-26T12:41:54+00:00,Fairyland,-37.546758,143.823172,70.0,81.0,"-37.546758, 143.823172"
2020-10-26T13:26:53+00:00,Fairyland,-37.546758,143.823172,68.0,87.0,"-37.546758, 143.823172"
2020-10-26T14:41:53+00:00,Fairyland,-37.546758,143.823172,69.0,83.0,"-37.546758, 143.823172"
2020-10-26T14:56:53+00:00,Fairyland,-37.546758,143.823172,67.0,81.0,"-37.546758, 143.823172"
2020-10-26T17:41:52+00:00,Fairyland,-37.546758,143.823172,67.0,78.0,"-37.546758, 143.823172"
2020-10-26T19:56:51+00:00,Fairyland,-37.546758,143.823172,66.0,78.0,"-37.546758, 143.823172"
2020-10-27T05:56:47+00:00,Fairyland,-37.546758,143.823172,64.0,76.0,"-37.546758, 143.823172"
2020-10-27T08:41:45+00:00,Fairyland,-37.546758,143.823172,61.0,77.0,"-37.546758, 143.823172"
2020-10-29T00:41:29+00:00,Fairyland,-37.546758,143.823172,60.0,74.0,"-37.546758, 143.823172"
2021-05-20T02:37:41+00:00,Fairyland,-37.546758,143.823172,63.0,74.0,"-37.546758, 143.823172"
2021-05-20T03:52:40+00:00,Fairyland,-37.546758,143.823172,68.0,74.0,"-37.546758, 143.823172"
2021-08-11T04:54:09+00:00,Fairyland,-37.546758,143.823172,60.0,67.0,"-37.546758, 143.823172"
2021-09-11T15:34:01+00:00,Fairyland,-37.546758,143.823172,61.0,82.0,"-37.546758, 143.823172"
2021-09-11T16:34:01+00:00,Fairyland,-37.546758,143.823172,61.0,80.0,"-37.546758, 143.823172"
2021-09-12T06:33:53+00:00,Fairyland,-37.546758,143.823172,60.0,72.0,"-37.546758, 143.823172"
2021-11-04T19:23:46+00:00,Fairyland,-37.546758,143.823172,66.0,80.0,"-37.546758, 143.823172"
2020-04-02T04:00:49+00:00,Fairyland,-37.546758,143.823172,69.0,81.0,"-37.546758, 143.823172"
2021-11-04T21:08:45+00:00,Fairyland,-37.546758,143.823172,62.0,74.0,"-37.546758, 143.823172"
2020-03-29T13:16:26+00:00,Fairyland,-37.546758,143.823172,64.0,89.0,"-37.546758, 143.823172"
2020-03-26T18:16:55+00:00,Fairyland,-37.546758,143.823172,60.0,89.0,"-37.546758, 143.823172"
2020-03-26T16:31:57+00:00,Fairyland,-37.546758,143.823172,60.0,74.0,"-37.546758, 143.823172"
2020-03-26T12:31:56+00:00,Fairyland,-37.546758,143.823172,70.0,80.0,"-37.546758, 143.823172"
2020-03-20T14:17:55+00:00,Fairyland,-37.546758,143.823172,64.0,77.0,"-37.546758, 143.823172"
2020-03-19T17:18:03+00:00,Fairyland,-37.546758,143.823172,62.0,76.0,"-37.546758, 143.823172"
2020-03-19T15:33:04+00:00,Fairyland,-37.546758,143.823172,60.0,89.0,"-37.546758, 143.823172"
2020-03-18T13:18:17+00:00,Fairyland,-37.546758,143.823172,60.0,77.0,"-37.546758, 143.823172"
2020-03-09T11:49:46+00:00,Fairyland,-37.546758,143.823172,72.0,82.0,"-37.546758, 143.823172"
2020-03-09T11:34:46+00:00,Fairyland,-37.546758,143.823172,72.0,99.0,"-37.546758, 143.823172"
2020-03-08T18:04:57+00:00,Fairyland,-37.546758,143.823172,62.0,82.0,"-37.546758, 143.823172"
2020-03-08T12:34:56+00:00,Fairyland,-37.546758,143.823172,62.0,79.0,"-37.546758, 143.823172"
2020-03-06T08:20:17+00:00,Fairyland,-37.546758,143.823172,64.0,84.0,"-37.546758, 143.823172"
2020-03-04T00:50:41+00:00,Fairyland,-37.546758,143.823172,71.0,86.0,"-37.546758, 143.823172"
2020-03-03T19:35:43+00:00,Fairyland,-37.546758,143.823172,60.0,75.0,"-37.546758, 143.823172"
2020-03-03T18:50:43+00:00,Fairyland,-37.546758,143.823172,60.0,74.0,"-37.546758, 143.823172"
2020-03-01T21:51:02+00:00,Fairyland,-37.546758,143.823172,65.0,83.0,"-37.546758, 143.823172"
2020-03-01T15:06:05+00:00,Fairyland,-37.546758,143.823172,61.0,75.0,"-37.546758, 143.823172"
2020-02-27T15:06:34+00:00,Fairyland,-37.546758,143.823172,61.0,75.0,"-37.546758, 143.823172"
2020-02-23T20:52:11+00:00,Fairyland,-37.546758,143.823172,61.0,76.0,"-37.546758, 143.823172"
2021-11-16T22:51:45+00:00,Fairyland,-37.546758,143.823172,62.0,70.0,"-37.546758, 143.823172"
2020-01-18T02:58:20+00:00,Fairyland,-37.546758,143.823172,60.0,87.0,"-37.546758, 143.823172"
2020-12-16T12:03:24+00:00,Fairyland,-37.546758,143.823172,72.0,82.0,"-37.546758, 143.823172"
2020-12-31T13:45:53+00:00,Fairyland,-37.546758,143.823172,60.0,71.0,"-37.546758, 143.823172"
2021-01-06T23:14:48+00:00,Fairyland,-37.546758,143.823172,61.0,76.0,"-37.546758, 143.823172"
2020-12-20T11:32:43+00:00,Fairyland,-37.546758,143.823172,64.0,80.0,"-37.546758, 143.823172"
2021-11-26T20:35:06+00:00,Fairyland,-37.546758,143.823172,64.0,80.0,"-37.546758, 143.823172"
2021-11-26T21:35:12+00:00,Fairyland,-37.546758,143.823172,68.0,96.0,"-37.546758, 143.823172"
2021-12-27T17:45:00+00:00,Fairyland,-37.546758,143.823172,61.0,81.0,"-37.546758, 143.823172"
2021-01-28T19:11:10+00:00,Fairyland,-37.546758,143.823172,60.0,73.0,"-37.546758, 143.823172"
2022-01-01T00:59:16+00:00,Fairyland,-37.546758,143.823172,61.0,68.0,"-37.546758, 143.823172"
2021-01-26T22:11:31+00:00,Fairyland,-37.546758,143.823172,63.0,82.0,"-37.546758, 143.823172"
2021-01-26T23:26:30+00:00,Fairyland,-37.546758,143.823172,64.0,83.0,"-37.546758, 143.823172"
2021-01-26T23:41:30+00:00,Fairyland,-37.546758,143.823172,60.0,75.0,"-37.546758, 143.823172"
2021-01-27T02:26:29+00:00,Fairyland,-37.546758,143.823172,63.0,75.0,"-37.546758, 143.823172"
2021-02-03T01:40:18+00:00,Fairyland,-37.546758,143.823172,61.0,75.0,"-37.546758, 143.823172"
2021-01-25T02:26:47+00:00,Fairyland,-37.546758,143.823172,61.0,70.0,"-37.546758, 143.823172"
2021-03-02T23:50:37+00:00,Fairyland,-37.546758,143.823172,60.0,63.0,"-37.546758, 143.823172"
2021-03-11T21:19:08+00:00,Fairyland,-37.546758,143.823172,60.0,63.0,"-37.546758, 143.823172"
2021-03-13T02:18:56+00:00,Fairyland,-37.546758,143.823172,60.0,75.0,"-37.546758, 143.823172"
2022-01-10T06:12:42+00:00,Fairyland,-37.546758,143.823172,60.0,71.0,"-37.546758, 143.823172"
2022-01-10T23:12:34+00:00,Fairyland,-37.546758,143.823172,61.0,73.0,"-37.546758, 143.823172"
2022-01-11T00:12:36+00:00,Fairyland,-37.546758,143.823172,62.0,80.0,"-37.546758, 143.823172"
2022-01-10T17:57:37+00:00,Fairyland,-37.546758,143.823172,60.0,73.0,"-37.546758, 143.823172"
2021-04-13T00:58:46+00:00,Fairyland,-37.546758,143.823172,60.0,84.0,"-37.546758, 143.823172"
2022-01-05T10:28:32+00:00,Fairyland,-37.546758,143.823172,67.0,79.0,"-37.546758, 143.823172"
2021-05-11T23:23:59+00:00,Fairyland,-37.546758,143.823172,62.0,74.0,"-37.546758, 143.823172"
2022-03-12T01:32:34+00:00,Fairyland,-37.546758,143.823172,64.0,68.0,"-37.546758, 143.823172"
2021-07-05T00:45:10+00:00,Fairyland,-37.546758,143.823172,60.0,73.0,"-37.546758, 143.823172"
2022-02-14T20:36:47+00:00,Fairyland,-37.546758,143.823172,71.0,85.0,"-37.546758, 143.823172"
2021-08-03T08:55:27+00:00,Fairyland,-37.546758,143.823172,60.0,81.0,"-37.546758, 143.823172"
2021-08-03T09:40:27+00:00,Fairyland,-37.546758,143.823172,61.0,80.0,"-37.546758, 143.823172"
2022-01-12T08:57:23+00:00,Fairyland,-37.546758,143.823172,62.0,77.0,"-37.546758, 143.823172"
2022-01-12T00:27:24+00:00,Fairyland,-37.546758,143.823172,60.0,73.0,"-37.546758, 143.823172"
2022-01-12T09:42:20+00:00,Fairyland,-37.546758,143.823172,61.0,72.0,"-37.546758, 143.823172"
2022-01-19T13:26:10+00:00,Fairyland,-37.546758,143.823172,61.0,77.0,"-37.546758, 143.823172"
2022-01-23T07:10:33+00:00,Fairyland,-37.546758,143.823172,60.0,70.0,"-37.546758, 143.823172"
2022-01-23T08:25:30+00:00,Fairyland,-37.546758,143.823172,64.0,77.0,"-37.546758, 143.823172"
2022-03-10T22:47:45+00:00,Fairyland,-37.546758,143.823172,64.0,67.0,"-37.546758, 143.823172"
2021-11-12T04:07:38+00:00,Fairyland,-37.546758,143.823172,61.0,67.0,"-37.546758, 143.823172"
2021-11-24T22:50:25+00:00,Fairyland,-37.546758,143.823172,61.0,66.0,"-37.546758, 143.823172"
2021-10-04T11:42:36+00:00,Fairyland,-37.546758,143.823172,62.0,84.0,"-37.546758, 143.823172"
2021-11-26T10:35:13+00:00,Fairyland,-37.546758,143.823172,63.0,86.0,"-37.546758, 143.823172"
2021-11-26T20:50:12+00:00,Fairyland,-37.546758,143.823172,63.0,86.0,"-37.546758, 143.823172"
2022-01-03T22:13:48+00:00,Fairyland,-37.546758,143.823172,60.0,64.0,"-37.546758, 143.823172"
2022-01-05T03:58:35+00:00,Fairyland,-37.546758,143.823172,60.0,76.0,"-37.546758, 143.823172"
2022-01-05T04:58:33+00:00,Fairyland,-37.546758,143.823172,70.0,89.0,"-37.546758, 143.823172"
2022-05-11T22:52:19+00:00,Fairyland,-37.546758,143.823172,65.0,68.0,"-37.546758, 143.823172"
2022-01-10T20:27:37+00:00,Fairyland,-37.546758,143.823172,62.0,80.0,"-37.546758, 143.823172"
2022-01-10T22:27:35+00:00,Fairyland,-37.546758,143.823172,62.0,76.0,"-37.546758, 143.823172"
2022-01-12T08:12:21+00:00,Fairyland,-37.546758,143.823172,61.0,76.0,"-37.546758, 143.823172"
2022-01-24T08:10:23+00:00,Fairyland,-37.546758,143.823172,62.0,75.0,"-37.546758, 143.823172"
2022-01-25T10:10:13+00:00,Fairyland,-37.546758,143.823172,62.0,75.0,"-37.546758, 143.823172"
2022-01-25T10:25:12+00:00,Fairyland,-37.546758,143.823172,61.0,74.0,"-37.546758, 143.823172"
2022-01-30T06:09:21+00:00,Fairyland,-37.546758,143.823172,61.0,77.0,"-37.546758, 143.823172"
2022-01-27T01:24:55+00:00,Fairyland,-37.546758,143.823172,61.0,87.0,"-37.546758, 143.823172"
2022-03-12T08:47:28+00:00,Fairyland,-37.546758,143.823172,66.0,76.0,"-37.546758, 143.823172"
2022-03-12T01:02:33+00:00,Fairyland,-37.546758,143.823172,63.0,69.0,"-37.546758, 143.823172"
2022-03-12T02:17:31+00:00,Fairyland,-37.546758,143.823172,62.0,67.0,"-37.546758, 143.823172"
2022-03-12T02:02:31+00:00,Fairyland,-37.546758,143.823172,61.0,67.0,"-37.546758, 143.823172"
2022-03-19T08:46:17+00:00,Fairyland,-37.546758,143.823172,75.0,86.0,"-37.546758, 143.823172"
2022-04-01T00:44:10+00:00,Fairyland,-37.546758,143.823172,64.0,80.0,"-37.546758, 143.823172"
2022-04-07T03:43:10+00:00,Fairyland,-37.546758,143.823172,62.0,75.0,"-37.546758, 143.823172"
2022-03-25T17:00:13+00:00,Fairyland,-37.546758,143.823172,61.0,77.0,"-37.546758, 143.823172"
2022-06-11T10:02:20+00:00,Fairyland,-37.546758,143.823172,60.0,76.0,"-37.546758, 143.823172"
2022-06-21T22:15:37+00:00,Fairyland,-37.546758,143.823172,60.0,63.0,"-37.546758, 143.823172"
2022-03-30T03:44:29+00:00,Fairyland,-37.546758,143.823172,67.0,70.0,"-37.546758, 143.823172"
2022-04-26T22:24:49+00:00,Fairyland,-37.546758,143.823172,60.0,84.0,"-37.546758, 143.823172"
2022-05-11T22:22:19+00:00,Fairyland,-37.546758,143.823172,61.0,66.0,"-37.546758, 143.823172"
2022-08-02T15:38:56+00:00,Fairyland,-37.546758,143.823172,61.0,81.0,"-37.546758, 143.823172"
2022-10-23T13:55:21+00:00,Fairyland,-37.546758,143.823172,71.0,83.0,"-37.546758, 143.823172"
2022-10-23T10:55:22+00:00,Fairyland,-37.546758,143.823172,63.0,77.0,"-37.546758, 143.823172"
2022-11-13T15:06:52+00:00,Fairyland,-37.546758,143.823172,60.0,72.0,"-37.546758, 143.823172"
2022-11-13T16:51:51+00:00,Fairyland,-37.546758,143.823172,60.0,68.0,"-37.546758, 143.823172"
2022-10-23T19:25:25+00:00,Fairyland,-37.546758,143.823172,68.0,78.0,"-37.546758, 143.823172"
2022-10-23T20:40:24+00:00,Fairyland,-37.546758,143.823172,65.0,80.0,"-37.546758, 143.823172"
2022-10-23T21:25:18+00:00,Fairyland,-37.546758,143.823172,63.0,72.0,"-37.546758, 143.823172"
2022-08-25T21:50:03+00:00,Fairyland,-37.546758,143.823172,61.0,66.0,"-37.546758, 143.823172"
2022-10-05T10:28:23+00:00,Fairyland,-37.546758,143.823172,60.0,77.0,"-37.546758, 143.823172"
2022-10-04T12:28:32+00:00,Fairyland,-37.546758,143.823172,64.0,76.0,"-37.546758, 143.823172"
2022-10-04T13:13:32+00:00,Fairyland,-37.546758,143.823172,67.0,79.0,"-37.546758, 143.823172"
2022-10-04T10:28:33+00:00,Fairyland,-37.546758,143.823172,61.0,69.0,"-37.546758, 143.823172"
2022-10-04T12:13:32+00:00,Fairyland,-37.546758,143.823172,60.0,68.0,"-37.546758, 143.823172"
2022-10-06T21:28:08+00:00,Fairyland,-37.546758,143.823172,60.0,72.0,"-37.546758, 143.823172"
2022-10-12T13:42:12+00:00,Fairyland,-37.546758,143.823172,61.0,89.0,"-37.546758, 143.823172"
2023-06-12T22:00:09+00:00,Fairyland,-37.546758,143.823172,70.0,84.0,"-37.546758, 143.823172"
2023-01-15T10:41:25+00:00,Fairyland,-37.546758,143.823172,61.0,81.0,"-37.546758, 143.823172"
2022-07-25T22:25:09+00:00,Fairyland,-37.546758,143.823172,65.0,86.0,"-37.546758, 143.823172"
2022-08-14T19:06:51+00:00,Fairyland,-37.546758,143.823172,60.0,80.0,"-37.546758, 143.823172"
2022-08-14T22:51:50+00:00,Fairyland,-37.546758,143.823172,60.0,81.0,"-37.546758, 143.823172"
2023-06-03T16:18:13+00:00,Fairyland,-37.546758,143.823172,60.0,75.0,"-37.546758, 143.823172"
2023-06-07T05:47:37+00:00,Fairyland,-37.546758,143.823172,62.0,82.0,"-37.546758, 143.823172"
2023-12-11T08:45:07+00:00,Fairyland,-37.546758,143.823172,63.0,74.0,"-37.546758, 143.823172"
2023-12-10T22:15:18+00:00,Fairyland,-37.546758,143.823172,61.0,74.0,"-37.546758, 143.823172"
2023-12-24T11:13:02+00:00,Fairyland,-37.546758,143.823172,75.0,87.0,"-37.546758, 143.823172"
2023-06-07T09:17:35+00:00,Fairyland,-37.546758,143.823172,60.0,80.0,"-37.546758, 143.823172"
2020-05-06T22:24:59+00:00,Fairyland,-37.546758,143.823172,61.0,97.0,"-37.546758, 143.823172"
2020-04-03T13:00:30+00:00,Fairyland,6.0,6.0,63.0,82.0,"6.0, 6.0"
2020-04-04T03:00:23+00:00,Fairyland,6.0,6.0,64.0,80.0,"6.0, 6.0"
2020-04-04T06:15:22+00:00,Fairyland,6.0,6.0,65.0,86.0,"6.0, 6.0"
2020-04-05T06:30:12+00:00,Fairyland,6.0,6.0,60.0,80.0,"6.0, 6.0"
2020-04-10T23:14:15+00:00,Fairyland,6.0,6.0,61.0,83.0,"6.0, 6.0"
2020-04-10T23:59:15+00:00,Fairyland,6.0,6.0,60.0,75.0,"6.0, 6.0"
2020-04-11T02:44:14+00:00,Fairyland,6.0,6.0,61.0,88.0,"6.0, 6.0"
2020-04-14T03:58:45+00:00,Fairyland,6.0,6.0,62.0,75.0,"6.0, 6.0"
2020-04-15T04:13:34+00:00,Fairyland,6.0,6.0,60.0,70.0,"6.0, 6.0"
2020-04-02T07:00:48+00:00,Fairyland,-37.546758,143.823172,60.0,75.0,"-37.546758, 143.823172"
2020-04-02T01:30:50+00:00,Fairyland,-37.546758,143.823172,74.0,85.0,"-37.546758, 143.823172"
2020-03-26T18:01:55+00:00,Fairyland,-37.546758,143.823172,63.0,73.0,"-37.546758, 143.823172"
2020-03-26T14:46:55+00:00,Fairyland,-37.546758,143.823172,60.0,73.0,"-37.546758, 143.823172"
2020-03-26T10:31:57+00:00,Fairyland,-37.546758,143.823172,63.0,85.0,"-37.546758, 143.823172"
2020-03-20T12:47:55+00:00,Fairyland,-37.546758,143.823172,61.0,73.0,"-37.546758, 143.823172"
2020-03-20T09:02:59+00:00,Fairyland,-37.546758,143.823172,62.0,70.0,"-37.546758, 143.823172"
2020-03-16T05:33:39+00:00,Fairyland,-37.546758,143.823172,64.0,78.0,"-37.546758, 143.823172"
2020-03-13T11:49:06+00:00,Fairyland,-37.546758,143.823172,62.0,73.0,"-37.546758, 143.823172"
2020-03-09T17:34:44+00:00,Fairyland,-37.546758,143.823172,61.0,73.0,"-37.546758, 143.823172"
2020-03-09T16:04:44+00:00,Fairyland,-37.546758,143.823172,60.0,74.0,"-37.546758, 143.823172"
2020-03-09T11:04:47+00:00,Fairyland,-37.546758,143.823172,64.0,78.0,"-37.546758, 143.823172"
2020-03-08T13:04:55+00:00,Fairyland,-37.546758,143.823172,63.0,76.0,"-37.546758, 143.823172"
2020-03-08T10:04:57+00:00,Fairyland,-37.546758,143.823172,64.0,80.0,"-37.546758, 143.823172"
2020-03-06T07:50:18+00:00,Fairyland,-37.546758,143.823172,60.0,82.0,"-37.546758, 143.823172"
2020-03-04T00:05:41+00:00,Fairyland,-37.546758,143.823172,65.0,83.0,"-37.546758, 143.823172"
2020-03-03T14:05:45+00:00,Fairyland,-37.546758,143.823172,60.0,76.0,"-37.546758, 143.823172"
2020-03-03T11:35:49+00:00,Fairyland,-37.546758,143.823172,62.0,84.0,"-37.546758, 143.823172"
2020-03-01T21:06:03+00:00,Fairyland,-37.546758,143.823172,61.0,75.0,"-37.546758, 143.823172"
2020-03-01T16:21:05+00:00,Fairyland,-37.546758,143.823172,64.0,85.0,"-37.546758, 143.823172"
2020-02-27T17:51:33+00:00,Fairyland,-37.546758,143.823172,61.0,73.0,"-37.546758, 143.823172"
2020-02-25T15:51:54+00:00,Fairyland,-37.546758,143.823172,63.0,88.0,"-37.546758, 143.823172"
2020-02-25T13:06:55+00:00,Fairyland,-37.546758,143.823172,61.0,73.0,"-37.546758, 143.823172"
2020-02-25T08:06:57+00:00,Fairyland,-37.546758,143.823172,60.0,70.0,"-37.546758, 143.823172"
2020-02-22T15:07:24+00:00,Fairyland,-37.546758,143.823172,61.0,80.0,"-37.546758, 143.823172"
2020-02-22T12:22:25+00:00,Fairyland,-37.546758,143.823172,63.0,73.0,"-37.546758, 143.823172"
2020-02-22T11:37:26+00:00,Fairyland,-37.546758,143.823172,63.0,75.0,"-37.546758, 143.823172"
2020-02-22T09:22:26+00:00,Fairyland,-37.546758,143.823172,66.0,84.0,"-37.546758, 143.823172"
2020-02-18T17:08:03+00:00,Fairyland,-37.546758,143.823172,66.0,88.0,"-37.546758, 143.823172"
2020-02-18T11:53:06+00:00,Fairyland,-37.546758,143.823172,63.0,87.0,"-37.546758, 143.823172"
2020-02-18T08:08:07+00:00,Fairyland,-37.546758,143.823172,62.0,73.0,"-37.546758, 143.823172"
2020-02-16T20:23:22+00:00,Fairyland,-37.546758,143.823172,67.0,83.0,"-37.546758, 143.823172"
2020-02-16T19:23:23+00:00,Fairyland,-37.546758,143.823172,63.0,81.0,"-37.546758, 143.823172"
2020-02-16T18:23:23+00:00,Fairyland,-37.546758,143.823172,63.0,78.0,"-37.546758, 143.823172"
2020-02-16T16:23:24+00:00,Fairyland,-37.546758,143.823172,60.0,76.0,"-37.546758, 143.823172"
2020-02-16T11:53:25+00:00,Fairyland,-37.546758,143.823172,65.0,86.0,"-37.546758, 143.823172"
2020-02-16T11:08:25+00:00,Fairyland,-37.546758,143.823172,60.0,76.0,"-37.546758, 143.823172"
2020-02-14T11:53:47+00:00,Fairyland,-37.546758,143.823172,60.0,69.0,"-37.546758, 143.823172"
2020-02-13T20:53:52+00:00,Fairyland,-37.546758,143.823172,60.0,76.0,"-37.546758, 143.823172"
2020-02-13T19:23:52+00:00,Fairyland,-37.546758,143.823172,60.0,73.0,"-37.546758, 143.823172"
2020-02-13T11:08:56+00:00,Fairyland,-37.546758,143.823172,61.0,69.0,"-37.546758, 143.823172"
2020-02-10T12:24:26+00:00,Fairyland,-37.546758,143.823172,64.0,78.0,"-37.546758, 143.823172"
2020-02-10T09:09:28+00:00,Fairyland,-37.546758,143.823172,61.0,74.0,"-37.546758, 143.823172"
2020-02-10T07:24:28+00:00,Fairyland,-37.546758,143.823172,62.0,71.0,"-37.546758, 143.823172"
2020-02-10T04:09:29+00:00,Fairyland,-37.546758,143.823172,64.0,78.0,"-37.546758, 143.823172"
2020-02-10T03:24:30+00:00,Fairyland,-37.546758,143.823172,64.0,80.0,"-37.546758, 143.823172"
2020-02-10T03:09:30+00:00,Fairyland,-37.546758,143.823172,63.0,77.0,"-37.546758, 143.823172"
2020-02-10T02:09:30+00:00,Fairyland,-37.546758,143.823172,64.0,78.0,"-37.546758, 143.823172"
2020-02-09T22:54:32+00:00,Fairyland,-37.546758,143.823172,69.0,86.0,"-37.546758, 143.823172"
2020-02-09T18:54:33+00:00,Fairyland,-37.546758,143.823172,61.0,87.0,"-37.546758, 143.823172"
2020-02-09T16:09:34+00:00,Fairyland,-37.546758,143.823172,66.0,83.0,"-37.546758, 143.823172"
2020-02-09T15:24:35+00:00,Fairyland,-37.546758,143.823172,66.0,80.0,"-37.546758, 143.823172"
2020-02-09T15:09:35+00:00,Fairyland,-37.546758,143.823172,63.0,85.0,"-37.546758, 143.823172"
2020-02-09T03:24:40+00:00,Fairyland,-37.546758,143.823172,62.0,77.0,"-37.546758, 143.823172"
2020-02-09T01:24:41+00:00,Fairyland,-37.546758,143.823172,64.0,85.0,"-37.546758, 143.823172"
2020-02-08T20:09:43+00:00,Fairyland,-37.546758,143.823172,68.0,87.0,"-37.546758, 143.823172"
2020-02-08T19:54:43+00:00,Fairyland,-37.546758,143.823172,66.0,89.0,"-37.546758, 143.823172"
2020-02-08T19:39:43+00:00,Fairyland,-37.546758,143.823172,67.0,85.0,"-37.546758, 143.823172"
2020-02-08T17:24:44+00:00,Fairyland,-37.546758,143.823172,68.0,86.0,"-37.546758, 143.823172"
2020-02-08T16:24:45+00:00,Fairyland,-37.546758,143.823172,67.0,84.0,"-37.546758, 143.823172"
2020-02-08T15:39:44+00:00,Fairyland,-37.546758,143.823172,72.0,87.0,"-37.546758, 143.823172"
2020-02-08T11:24:46+00:00,Fairyland,-37.546758,143.823172,69.0,87.0,"-37.546758, 143.823172"
2020-02-08T11:09:47+00:00,Fairyland,-37.546758,143.823172,67.0,88.0,"-37.546758, 143.823172"
2020-02-08T03:39:50+00:00,Fairyland,-37.546758,143.823172,63.0,82.0,"-37.546758, 143.823172"
2020-02-08T03:24:50+00:00,Fairyland,-37.546758,143.823172,62.0,79.0,"-37.546758, 143.823172"
2020-02-08T02:24:50+00:00,Fairyland,-37.546758,143.823172,67.0,80.0,"-37.546758, 143.823172"
2020-02-07T17:09:56+00:00,Fairyland,-37.546758,143.823172,60.0,79.0,"-37.546758, 143.823172"
2020-02-07T14:24:57+00:00,Fairyland,-37.546758,143.823172,60.0,71.0,"-37.546758, 143.823172"
2020-02-07T13:09:58+00:00,Fairyland,-37.546758,143.823172,61.0,69.0,"-37.546758, 143.823172"
2020-02-06T20:25:03+00:00,Fairyland,-37.546758,143.823172,64.0,75.0,"-37.546758, 143.823172"
2020-02-06T03:25:10+00:00,Fairyland,-37.546758,143.823172,60.0,77.0,"-37.546758, 143.823172"
2020-02-06T00:55:11+00:00,Fairyland,-37.546758,143.823172,63.0,82.0,"-37.546758, 143.823172"
2020-02-05T23:55:11+00:00,Fairyland,-37.546758,143.823172,68.0,85.0,"-37.546758, 143.823172"
2020-02-05T23:10:12+00:00,Fairyland,-37.546758,143.823172,70.0,88.0,"-37.546758, 143.823172"
2020-02-05T20:25:13+00:00,Fairyland,-37.546758,143.823172,61.0,85.0,"-37.546758, 143.823172"
2020-02-05T18:10:14+00:00,Fairyland,-37.546758,143.823172,66.0,82.0,"-37.546758, 143.823172"
2020-02-05T17:55:14+00:00,Fairyland,-37.546758,143.823172,63.0,76.0,"-37.546758, 143.823172"
2020-02-05T16:40:15+00:00,Fairyland,-37.546758,143.823172,63.0,78.0,"-37.546758, 143.823172"
2020-02-05T05:55:19+00:00,Fairyland,-37.546758,143.823172,62.0,83.0,"-37.546758, 143.823172"
2020-02-02T17:55:44+00:00,Fairyland,-37.546758,143.823172,60.0,73.0,"-37.546758, 143.823172"
2020-02-02T16:10:44+00:00,Fairyland,-37.546758,143.823172,61.0,80.0,"-37.546758, 143.823172"
2020-02-02T14:55:47+00:00,Fairyland,-37.546758,143.823172,64.0,89.0,"-37.546758, 143.823172"
2020-02-02T14:25:47+00:00,Fairyland,-37.546758,143.823172,63.0,79.0,"-37.546758, 143.823172"
2020-02-02T13:55:47+00:00,Fairyland,-37.546758,143.823172,61.0,79.0,"-37.546758, 143.823172"
2020-02-02T12:10:48+00:00,Fairyland,-37.546758,143.823172,60.0,71.0,"-37.546758, 143.823172"
2020-01-31T17:26:09+00:00,Fairyland,-37.546758,143.823172,61.0,78.0,"-37.546758, 143.823172"
2020-01-29T20:41:22+00:00,Fairyland,-37.546758,143.823172,62.0,72.0,"-37.546758, 143.823172"
2020-01-29T20:11:22+00:00,Fairyland,-37.546758,143.823172,67.0,78.0,"-37.546758, 143.823172"
2020-01-27T22:11:41+00:00,Fairyland,-37.546758,143.823172,61.0,71.0,"-37.546758, 143.823172"
2020-01-23T16:42:25+00:00,Fairyland,-37.546758,143.823172,67.0,86.0,"-37.546758, 143.823172"
2020-01-23T16:27:25+00:00,Fairyland,-37.546758,143.823172,65.0,83.0,"-37.546758, 143.823172"
2020-01-23T16:12:25+00:00,Fairyland,-37.546758,143.823172,69.0,91.0,"-37.546758, 143.823172"
2020-01-23T14:27:26+00:00,Fairyland,-37.546758,143.823172,66.0,91.0,"-37.546758, 143.823172"
2020-01-23T11:57:27+00:00,Fairyland,-37.546758,143.823172,61.0,74.0,"-37.546758, 143.823172"
2020-01-22T17:57:33+00:00,Fairyland,-37.546758,143.823172,60.0,86.0,"-37.546758, 143.823172"
2020-01-22T16:27:34+00:00,Fairyland,-37.546758,143.823172,61.0,82.0,"-37.546758, 143.823172"
2020-01-22T15:57:34+00:00,Fairyland,-37.546758,143.823172,61.0,78.0,"-37.546758, 143.823172"
2020-01-22T15:12:36+00:00,Fairyland,-37.546758,143.823172,62.0,79.0,"-37.546758, 143.823172"
2020-01-22T14:27:35+00:00,Fairyland,-37.546758,143.823172,62.0,92.0,"-37.546758, 143.823172"
2020-01-22T12:57:35+00:00,Fairyland,-37.546758,143.823172,62.0,92.0,"-37.546758, 143.823172"
2020-01-19T17:28:03+00:00,Fairyland,-37.546758,143.823172,68.0,81.0,"-37.546758, 143.823172"
2020-01-18T23:43:11+00:00,Fairyland,-37.546758,143.823172,60.0,70.0,"-37.546758, 143.823172"
2020-01-18T03:28:19+00:00,Fairyland,-37.546758,143.823172,60.0,78.0,"-37.546758, 143.823172"
2020-01-18T01:58:20+00:00,Fairyland,-37.546758,143.823172,61.0,82.0,"-37.546758, 143.823172"
2020-01-17T20:13:22+00:00,Fairyland,-37.546758,143.823172,62.0,81.0,"-37.546758, 143.823172"
2020-01-14T23:28:51+00:00,Fairyland,-37.546758,143.823172,61.0,71.0,"-37.546758, 143.823172"
2020-01-13T02:14:11+00:00,Fairyland,-37.546758,143.823172,78.0,88.0,"-37.546758, 143.823172"
2020-01-12T20:14:13+00:00,Fairyland,-37.546758,143.823172,65.0,83.0,"-37.546758, 143.823172"
2020-01-12T18:44:14+00:00,Fairyland,-37.546758,143.823172,68.0,80.0,"-37.546758, 143.823172"
2020-01-12T16:59:15+00:00,Fairyland,-37.546758,143.823172,69.0,77.0,"-37.546758, 143.823172"
2020-01-12T15:29:15+00:00,Fairyland,-37.546758,143.823172,60.0,73.0,"-37.546758, 143.823172"
2020-01-10T14:59:34+00:00,Fairyland,-37.546758,143.823172,60.0,75.0,"-37.546758, 143.823172"
2020-01-09T08:59:46+00:00,Fairyland,-37.546758,143.823172,67.0,80.0,"-37.546758, 143.823172"
2020-01-09T08:44:46+00:00,Fairyland,-37.546758,143.823172,65.0,81.0,"-37.546758, 143.823172"
2020-01-09T05:59:48+00:00,Fairyland,-37.546758,143.823172,62.0,78.0,"-37.546758, 143.823172"
2020-01-09T02:59:50+00:00,Fairyland,-37.546758,143.823172,60.0,77.0,"-37.546758, 143.823172"
2020-01-08T17:14:53+00:00,Fairyland,-37.546758,143.823172,63.0,86.0,"-37.546758, 143.823172"
2020-01-08T07:44:57+00:00,Fairyland,-37.546758,143.823172,61.0,78.0,"-37.546758, 143.823172"
2020-04-30T05:56:04+00:00,Fairyland,-37.546758,143.823172,61.0,80.0,"-37.546758, 143.823172"
2020-04-30T08:11:03+00:00,Fairyland,-37.546758,143.823172,62.0,85.0,"-37.546758, 143.823172"
2020-04-30T13:26:01+00:00,Fairyland,-37.546758,143.823172,65.0,91.0,"-37.546758, 143.823172"
2020-04-30T16:26:00+00:00,Fairyland,-37.546758,143.823172,63.0,79.0,"-37.546758, 143.823172"
2020-04-30T21:10:58+00:00,Fairyland,-37.546758,143.823172,64.0,84.0,"-37.546758, 143.823172"
2020-05-01T00:10:57+00:00,Fairyland,-37.546758,143.823172,62.0,70.0,"-37.546758, 143.823172"
2020-05-01T00:40:57+00:00,Fairyland,-37.546758,143.823172,64.0,83.0,"-37.546758, 143.823172"
2020-05-01T01:55:56+00:00,Fairyland,-37.546758,143.823172,68.0,81.0,"-37.546758, 143.823172"
2020-05-01T08:10:53+00:00,Fairyland,-37.546758,143.823172,63.0,81.0,"-37.546758, 143.823172"
2020-05-01T16:10:50+00:00,Fairyland,-37.546758,143.823172,63.0,92.0,"-37.546758, 143.823172"
2020-05-02T04:40:46+00:00,Fairyland,-37.546758,143.823172,61.0,82.0,"-37.546758, 143.823172"
2020-06-18T01:18:07+00:00,Fairyland,-37.546758,143.823172,60.0,77.0,"-37.546758, 143.823172"
2021-01-27T02:56:29+00:00,Fairyland,-37.546758,143.823172,64.0,82.0,"-37.546758, 143.823172"
2021-01-27T10:26:25+00:00,Fairyland,-37.546758,143.823172,60.0,75.0,"-37.546758, 143.823172"
2021-01-27T14:26:24+00:00,Fairyland,-37.546758,143.823172,60.0,76.0,"-37.546758, 143.823172"
2021-01-28T03:41:17+00:00,Fairyland,-37.546758,143.823172,63.0,74.0,"-37.546758, 143.823172"
2021-01-19T20:57:41+00:00,Fairyland,-37.546758,143.823172,61.0,72.0,"-37.546758, 143.823172"
2021-01-19T23:57:39+00:00,Fairyland,-37.546758,143.823172,61.0,76.0,"-37.546758, 143.823172"
2021-01-20T08:12:36+00:00,Fairyland,-37.546758,143.823172,61.0,76.0,"-37.546758, 143.823172"
2021-01-25T02:56:47+00:00,Fairyland,-37.546758,143.823172,61.0,79.0,"-37.546758, 143.823172"
2021-01-27T08:26:26+00:00,Fairyland,-37.546758,143.823172,62.0,82.0,"-37.546758, 143.823172"
2021-03-19T07:32:55+00:00,Fairyland,-37.546758,143.823172,61.0,70.0,"-37.546758, 143.823172"
2021-04-05T21:44:58+00:00,Fairyland,-37.546758,143.823172,61.0,76.0,"-37.546758, 143.823172"
2021-04-06T12:29:52+00:00,Fairyland,-37.546758,143.823172,60.0,70.0,"-37.546758, 143.823172"
2021-04-06T18:29:48+00:00,Fairyland,-37.546758,143.823172,64.0,79.0,"-37.546758, 143.823172"
2021-02-04T21:09:59+00:00,Fairyland,-37.546758,143.823172,65.0,83.0,"-37.546758, 143.823172"
2021-02-08T17:39:20+00:00,Fairyland,-37.546758,143.823172,60.0,75.0,"-37.546758, 143.823172"
2021-02-08T18:09:20+00:00,Fairyland,-37.546758,143.823172,65.0,76.0,"-37.546758, 143.823172"
2021-02-08T21:09:18+00:00,Fairyland,-37.546758,143.823172,60.0,73.0,"-37.546758, 143.823172"
2021-02-08T22:54:17+00:00,Fairyland,-37.546758,143.823172,65.0,80.0,"-37.546758, 143.823172"
2021-04-15T02:58:25+00:00,Fairyland,-37.546758,143.823172,60.0,84.0,"-37.546758, 143.823172"
2020-08-22T03:52:37+00:00,Fairyland,-37.546758,143.823172,63.0,81.0,"-37.546758, 143.823172"
2020-08-22T09:22:35+00:00,Fairyland,-37.546758,143.823172,60.0,79.0,"-37.546758, 143.823172"
2020-08-25T00:22:10+00:00,Fairyland,-37.546758,143.823172,61.0,74.0,"-37.546758, 143.823172"
2020-09-07T09:49:58+00:00,Fairyland,-37.546758,143.823172,61.0,79.0,"-37.546758, 143.823172"
2020-09-09T14:49:37+00:00,Fairyland,-37.546758,143.823172,69.0,82.0,"-37.546758, 143.823172"
2020-09-09T17:04:37+00:00,Fairyland,-37.546758,143.823172,78.0,87.0,"-37.546758, 143.823172"
2020-09-11T01:34:22+00:00,Fairyland,-37.546758,143.823172,63.0,89.0,"-37.546758, 143.823172"
2020-09-15T22:33:35+00:00,Fairyland,-37.546758,143.823172,61.0,73.0,"-37.546758, 143.823172"
2020-09-17T06:33:21+00:00,Fairyland,-37.546758,143.823172,61.0,82.0,"-37.546758, 143.823172"
2020-09-17T22:48:14+00:00,Fairyland,-37.546758,143.823172,61.0,69.0,"-37.546758, 143.823172"
2020-09-19T01:33:03+00:00,Fairyland,-37.546758,143.823172,60.0,80.0,"-37.546758, 143.823172"
2020-09-19T03:18:02+00:00,Fairyland,-37.546758,143.823172,62.0,81.0,"-37.546758, 143.823172"
2020-09-19T06:18:01+00:00,Fairyland,-37.546758,143.823172,62.0,84.0,"-37.546758, 143.823172"
2020-09-19T11:47:59+00:00,Fairyland,-37.546758,143.823172,66.0,88.0,"-37.546758, 143.823172"
2020-09-19T11:17:59+00:00,Fairyland,-37.546758,143.823172,62.0,80.0,"-37.546758, 143.823172"
2020-08-21T07:07:45+00:00,Fairyland,-37.546758,143.823172,67.0,89.0,"-37.546758, 143.823172"
2020-08-21T20:52:40+00:00,Fairyland,-37.546758,143.823172,63.0,80.0,"-37.546758, 143.823172"
2020-09-01T23:20:52+00:00,Fairyland,-37.546758,143.823172,62.0,88.0,"-37.546758, 143.823172"
2020-09-07T05:05:00+00:00,Fairyland,-37.546758,143.823172,63.0,88.0,"-37.546758, 143.823172"
2020-09-21T23:47:33+00:00,Fairyland,-37.546758,143.823172,61.0,76.0,"-37.546758, 143.823172"
2020-08-21T06:37:45+00:00,Fairyland,-37.546758,143.823172,67.0,83.0,"-37.546758, 143.823172"
2020-08-22T13:52:33+00:00,Fairyland,-37.546758,143.823172,61.0,78.0,"-37.546758, 143.823172"
2020-08-27T03:51:50+00:00,Fairyland,-37.546758,143.823172,65.0,83.0,"-37.546758, 143.823172"
2020-08-27T04:06:50+00:00,Fairyland,-37.546758,143.823172,69.0,89.0,"-37.546758, 143.823172"
2020-10-03T01:30:45+00:00,Fairyland,-37.546758,143.823172,61.0,82.0,"-37.546758, 143.823172"
2020-10-13T05:59:06+00:00,Fairyland,-37.546758,143.823172,65.0,75.0,"-37.546758, 143.823172"
2020-10-13T09:44:04+00:00,Fairyland,-37.546758,143.823172,60.0,75.0,"-37.546758, 143.823172"
2020-10-25T11:57:03+00:00,Fairyland,-37.546758,143.823172,64.0,81.0,"-37.546758, 143.823172"
2020-10-25T13:27:02+00:00,Fairyland,-37.546758,143.823172,76.0,94.0,"-37.546758, 143.823172"
2020-10-25T20:11:59+00:00,Fairyland,-37.546758,143.823172,63.0,79.0,"-37.546758, 143.823172"
2020-10-26T00:11:58+00:00,Fairyland,-37.546758,143.823172,76.0,93.0,"-37.546758, 143.823172"
2020-10-26T01:11:57+00:00,Fairyland,-37.546758,143.823172,81.0,95.0,"-37.546758, 143.823172"
2020-10-26T05:41:57+00:00,Fairyland,-37.546758,143.823172,61.0,79.0,"-37.546758, 143.823172"
2020-10-26T06:41:56+00:00,Fairyland,-37.546758,143.823172,74.0,88.0,"-37.546758, 143.823172"
2020-10-26T10:56:54+00:00,Fairyland,-37.546758,143.823172,74.0,88.0,"-37.546758, 143.823172"
2020-10-26T11:26:54+00:00,Fairyland,-37.546758,143.823172,77.0,88.0,"-37.546758, 143.823172"
2020-10-26T16:26:52+00:00,Fairyland,-37.546758,143.823172,67.0,83.0,"-37.546758, 143.823172"
2020-10-26T17:11:52+00:00,Fairyland,-37.546758,143.823172,69.0,80.0,"-37.546758, 143.823172"
2020-10-26T23:11:49+00:00,Fairyland,-37.546758,143.823172,68.0,80.0,"-37.546758, 143.823172"
2020-10-27T10:56:43+00:00,Fairyland,-37.546758,143.823172,60.0,75.0,"-37.546758, 143.823172"
2020-10-08T11:59:53+00:00,Fairyland,-37.546758,143.823172,70.0,96.0,"-37.546758, 143.823172"
2020-10-08T11:29:53+00:00,Fairyland,-37.546758,143.823172,64.0,87.0,"-37.546758, 143.823172"
2020-10-08T18:29:50+00:00,Fairyland,-37.546758,143.823172,60.0,85.0,"-37.546758, 143.823172"
2020-10-08T19:14:50+00:00,Fairyland,-37.546758,143.823172,60.0,81.0,"-37.546758, 143.823172"
2020-10-13T12:59:03+00:00,Fairyland,-37.546758,143.823172,61.0,76.0,"-37.546758, 143.823172"
2020-10-15T21:28:39+00:00,Fairyland,-37.546758,143.823172,78.0,88.0,"-37.546758, 143.823172"
2020-10-15T21:43:39+00:00,Fairyland,-37.546758,143.823172,78.0,88.0,"-37.546758, 143.823172"
2020-10-15T23:13:38+00:00,Fairyland,-37.546758,143.823172,73.0,84.0,"-37.546758, 143.823172"
2020-10-20T10:42:52+00:00,Fairyland,-37.546758,143.823172,60.0,72.0,"-37.546758, 143.823172"
2020-10-20T10:57:52+00:00,Fairyland,-37.546758,143.823172,61.0,71.0,"-37.546758, 143.823172"
2020-10-25T15:12:01+00:00,Fairyland,-37.546758,143.823172,76.0,91.0,"-37.546758, 143.823172"
2020-10-25T17:42:00+00:00,Fairyland,-37.546758,143.823172,63.0,85.0,"-37.546758, 143.823172"
2020-10-25T21:11:59+00:00,Fairyland,-37.546758,143.823172,70.0,93.0,"-37.546758, 143.823172"
2020-10-25T23:26:58+00:00,Fairyland,-37.546758,143.823172,74.0,89.0,"-37.546758, 143.823172"
2020-10-26T06:26:56+00:00,Fairyland,-37.546758,143.823172,73.0,86.0,"-37.546758, 143.823172"
2020-10-27T04:56:47+00:00,Fairyland,-37.546758,143.823172,62.0,72.0,"-37.546758, 143.823172"
2020-10-12T04:14:16+00:00,Fairyland,-37.546758,143.823172,61.0,85.0,"-37.546758, 143.823172"
2020-10-15T22:13:39+00:00,Fairyland,-37.546758,143.823172,76.0,91.0,"-37.546758, 143.823172"
2020-10-25T12:42:02+00:00,Fairyland,-37.546758,143.823172,70.0,86.0,"-37.546758, 143.823172"
2020-10-27T18:56:40+00:00,Fairyland,-37.546758,143.823172,61.0,68.0,"-37.546758, 143.823172"
2020-10-07T06:15:04+00:00,Fairyland,-37.546758,143.823172,61.0,67.0,"-37.546758, 143.823172"
2020-10-07T06:00:04+00:00,Fairyland,-37.546758,143.823172,61.0,70.0,"-37.546758, 143.823172"
2020-10-08T08:59:52+00:00,Fairyland,-37.546758,143.823172,66.0,97.0,"-37.546758, 143.823172"
2020-10-07T07:00:04+00:00,Fairyland,-37.546758,143.823172,67.0,76.0,"-37.546758, 143.823172"
2023-12-10T15:00:14+00:00,Fairyland,-37.546758,143.823172,73.0,82.0,"-37.546758, 143.823172"
2023-12-10T19:15:13+00:00,Fairyland,-37.546758,143.823172,68.0,84.0,"-37.546758, 143.823172"
2020-11-11T07:09:15+00:00,Fairyland,-37.546758,143.823172,60.0,86.0,"-37.546758, 143.823172"
2020-11-13T05:08:57+00:00,Fairyland,-37.546758,143.823172,76.0,101.0,"-37.546758, 143.823172"
2020-11-20T10:22:45+00:00,Fairyland,-37.546758,143.823172,66.0,77.0,"-37.546758, 143.823172"
2020-11-20T10:52:45+00:00,Fairyland,-37.546758,143.823172,64.0,75.0,"-37.546758, 143.823172"
2020-11-20T11:22:44+00:00,Fairyland,-37.546758,143.823172,61.0,75.0,"-37.546758, 143.823172"
2023-12-11T06:00:08+00:00,Fairyland,-37.546758,143.823172,61.0,71.0,"-37.546758, 143.823172"
2020-11-02T01:10:49+00:00,Fairyland,-37.546758,143.823172,63.0,71.0,"-37.546758, 143.823172"
2020-11-02T20:55:39+00:00,Fairyland,-37.546758,143.823172,66.0,72.0,"-37.546758, 143.823172"
2020-11-03T07:25:34+00:00,Fairyland,-37.546758,143.823172,65.0,81.0,"-37.546758, 143.823172"
2020-11-03T22:40:28+00:00,Fairyland,-37.546758,143.823172,64.0,76.0,"-37.546758, 143.823172"
2020-11-03T01:25:37+00:00,Fairyland,-37.546758,143.823172,60.0,74.0,"-37.546758, 143.823172"
2020-11-03T01:40:37+00:00,Fairyland,-37.546758,143.823172,62.0,86.0,"-37.546758, 143.823172"
2020-11-03T03:25:37+00:00,Fairyland,-37.546758,143.823172,61.0,76.0,"-37.546758, 143.823172"
2020-11-03T06:55:35+00:00,Fairyland,-37.546758,143.823172,68.0,71.0,"-37.546758, 143.823172"
2020-11-03T22:10:28+00:00,Fairyland,-37.546758,143.823172,60.0,70.0,"-37.546758, 143.823172"
2020-11-26T07:21:46+00:00,Fairyland,-37.546758,143.823172,68.0,80.0,"-37.546758, 143.823172"
2020-11-27T18:06:31+00:00,Fairyland,-37.546758,143.823172,60.0,70.0,"-37.546758, 143.823172"
2020-11-28T16:21:22+00:00,Fairyland,-37.546758,143.823172,63.0,87.0,"-37.546758, 143.823172"
2020-12-01T04:50:57+00:00,Fairyland,-37.546758,143.823172,62.0,80.0,"-37.546758, 143.823172"
2020-12-05T22:50:08+00:00,Fairyland,-37.546758,143.823172,60.0,85.0,"-37.546758, 143.823172"
2020-12-06T00:05:07+00:00,Fairyland,-37.546758,143.823172,61.0,79.0,"-37.546758, 143.823172"
2020-12-06T02:35:06+00:00,Fairyland,-37.546758,143.823172,60.0,78.0,"-37.546758, 143.823172"
2020-12-06T03:20:06+00:00,Fairyland,-37.546758,143.823172,60.0,81.0,"-37.546758, 143.823172"
2020-12-06T03:35:06+00:00,Fairyland,-37.546758,143.823172,60.0,80.0,"-37.546758, 143.823172"
2020-12-06T10:35:05+00:00,Fairyland,-37.546758,143.823172,62.0,83.0,"-37.546758, 143.823172"
2020-12-08T01:04:49+00:00,Fairyland,-37.546758,143.823172,60.0,71.0,"-37.546758, 143.823172"
2020-12-10T21:19:19+00:00,Fairyland,-37.546758,143.823172,61.0,76.0,"-37.546758, 143.823172"
2020-12-11T06:49:15+00:00,Fairyland,-37.546758,143.823172,60.0,73.0,"-37.546758, 143.823172"
2020-12-11T09:34:14+00:00,Fairyland,-37.546758,143.823172,60.0,75.0,"-37.546758, 143.823172"
2020-12-12T21:33:59+00:00,Fairyland,-37.546758,143.823172,61.0,89.0,"-37.546758, 143.823172"
2020-12-13T21:18:49+00:00,Fairyland,-37.546758,143.823172,61.0,88.0,"-37.546758, 143.823172"
2020-12-15T10:03:34+00:00,Fairyland,-37.546758,143.823172,61.0,76.0,"-37.546758, 143.823172"
2020-12-15T21:48:30+00:00,Fairyland,-37.546758,143.823172,60.0,79.0,"-37.546758, 143.823172"
2020-12-16T04:03:28+00:00,Fairyland,-37.546758,143.823172,60.0,72.0,"-37.546758, 143.823172"
2020-12-16T10:48:25+00:00,Fairyland,-37.546758,143.823172,72.0,84.0,"-37.546758, 143.823172"
2020-12-16T11:18:25+00:00,Fairyland,-37.546758,143.823172,62.0,72.0,"-37.546758, 143.823172"
2020-12-16T13:48:23+00:00,Fairyland,-37.546758,143.823172,68.0,79.0,"-37.546758, 143.823172"
2020-12-21T22:47:30+00:00,Fairyland,-37.546758,143.823172,67.0,73.0,"-37.546758, 143.823172"
2020-12-27T03:31:36+00:00,Fairyland,-37.546758,143.823172,64.0,87.0,"-37.546758, 143.823172"
2020-12-30T09:01:05+00:00,Fairyland,-37.546758,143.823172,62.0,78.0,"-37.546758, 143.823172"
2020-12-31T07:30:55+00:00,Fairyland,-37.546758,143.823172,60.0,80.0,"-37.546758, 143.823172"
2020-07-01T06:15:59+00:00,Fairyland,-37.546758,143.823172,60.0,78.0,"-37.546758, 143.823172"
2020-07-28T00:26:41+00:00,Fairyland,-37.546758,143.823172,65.0,77.0,"-37.546758, 143.823172"
2020-07-28T02:26:40+00:00,Fairyland,-37.546758,143.823172,67.0,80.0,"-37.546758, 143.823172"
2020-07-28T05:26:39+00:00,Fairyland,-37.546758,143.823172,61.0,81.0,"-37.546758, 143.823172"
2020-08-03T23:10:33+00:00,Fairyland,-37.546758,143.823172,60.0,69.0,"-37.546758, 143.823172"
2020-08-04T01:40:33+00:00,Fairyland,-37.546758,143.823172,61.0,81.0,"-37.546758, 143.823172"
2020-08-04T01:55:32+00:00,Fairyland,-37.546758,143.823172,60.0,75.0,"-37.546758, 143.823172"
2020-08-05T04:40:22+00:00,Fairyland,-37.546758,143.823172,60.0,69.0,"-37.546758, 143.823172"
2020-08-05T23:55:14+00:00,Fairyland,-37.546758,143.823172,62.0,72.0,"-37.546758, 143.823172"
2020-08-06T11:40:10+00:00,Fairyland,-37.546758,143.823172,63.0,80.0,"-37.546758, 143.823172"
2020-08-06T13:25:09+00:00,Fairyland,-37.546758,143.823172,63.0,78.0,"-37.546758, 143.823172"
2020-08-07T14:09:59+00:00,Fairyland,-37.546758,143.823172,81.0,91.0,"-37.546758, 143.823172"
2020-08-08T03:54:53+00:00,Fairyland,-37.546758,143.823172,65.0,74.0,"-37.546758, 143.823172"
2020-08-08T06:54:52+00:00,Fairyland,-37.546758,143.823172,61.0,71.0,"-37.546758, 143.823172"
2020-08-08T09:09:51+00:00,Fairyland,-37.546758,143.823172,66.0,78.0,"-37.546758, 143.823172"
2020-08-08T16:54:48+00:00,Fairyland,-37.546758,143.823172,63.0,84.0,"-37.546758, 143.823172"
2020-08-08T17:09:48+00:00,Fairyland,-37.546758,143.823172,66.0,78.0,"-37.546758, 143.823172"
2020-08-08T18:24:48+00:00,Fairyland,-37.546758,143.823172,78.0,90.0,"-37.546758, 143.823172"
2020-08-08T21:09:47+00:00,Fairyland,-37.546758,143.823172,66.0,87.0,"-37.546758, 143.823172"
2020-08-08T23:39:45+00:00,Fairyland,-37.546758,143.823172,68.0,86.0,"-37.546758, 143.823172"
2020-08-09T01:09:45+00:00,Fairyland,-37.546758,143.823172,61.0,80.0,"-37.546758, 143.823172"
2020-08-09T02:24:44+00:00,Fairyland,-37.546758,143.823172,74.0,87.0,"-37.546758, 143.823172"
2020-08-09T03:39:44+00:00,Fairyland,-37.546758,143.823172,61.0,75.0,"-37.546758, 143.823172"
2020-06-30T05:16:09+00:00,Fairyland,-37.546758,143.823172,60.0,89.0,"-37.546758, 143.823172"
2020-06-29T04:01:20+00:00,Fairyland,-37.546758,143.823172,61.0,67.0,"-37.546758, 143.823172"
2020-06-30T03:46:09+00:00,Fairyland,-37.546758,143.823172,62.0,89.0,"-37.546758, 143.823172"
2024-01-02T07:26:26+00:00,Fairyland,-37.546758,143.823172,60.0,67.0,"-37.546758, 143.823172"
2023-12-31T18:11:41+00:00,Fairyland,-37.546758,143.823172,60.0,73.0,"-37.546758, 143.823172"
2020-07-16T01:43:37+00:00,Fairyland,-37.546758,143.823172,62.0,75.0,"-37.546758, 143.823172"
2020-07-16T01:58:36+00:00,Fairyland,-37.546758,143.823172,63.0,73.0,"-37.546758, 143.823172"
2020-07-16T19:58:29+00:00,Fairyland,-37.546758,143.823172,61.0,69.0,"-37.546758, 143.823172"
2020-07-18T02:58:17+00:00,Fairyland,-37.546758,143.823172,62.0,84.0,"-37.546758, 143.823172"
2020-07-18T03:43:16+00:00,Fairyland,-37.546758,143.823172,60.0,97.0,"-37.546758, 143.823172"
2020-07-19T06:28:06+00:00,Fairyland,-37.546758,143.823172,71.0,97.0,"-37.546758, 143.823172"
2020-07-19T07:13:06+00:00,Fairyland,-37.546758,143.823172,67.0,87.0,"-37.546758, 143.823172"
2024-01-31T23:06:33+00:00,Fairyland,-37.546758,143.823172,60.0,72.0,"-37.546758, 143.823172"
2020-07-21T22:42:40+00:00,Fairyland,-37.546758,143.823172,61.0,67.0,"-37.546758, 143.823172"
2020-07-25T18:12:03+00:00,Fairyland,-37.546758,143.823172,62.0,70.0,"-37.546758, 143.823172"
2020-07-26T01:42:00+00:00,Fairyland,-37.546758,143.823172,61.0,71.0,"-37.546758, 143.823172"
2020-07-11T23:44:17+00:00,Fairyland,-37.546758,143.823172,66.0,79.0,"-37.546758, 143.823172"
2020-07-13T20:28:58+00:00,Fairyland,-37.546758,143.823172,62.0,77.0,"-37.546758, 143.823172"
2020-07-14T00:43:56+00:00,Fairyland,-37.546758,143.823172,74.0,89.0,"-37.546758, 143.823172"
2021-05-05T17:10:01+00:00,Fairyland,-37.546758,143.823172,64.0,75.0,"-37.546758, 143.823172"
2021-05-05T17:40:01+00:00,Fairyland,-37.546758,143.823172,60.0,70.0,"-37.546758, 143.823172"
2021-06-21T22:32:19+00:00,Fairyland,-37.546758,143.823172,61.0,68.0,"-37.546758, 143.823172"
2021-07-01T15:45:43+00:00,Fairyland,-37.546758,143.823172,61.0,71.0,"-37.546758, 143.823172"
2021-08-05T23:55:01+00:00,Fairyland,-37.546758,143.823172,60.0,70.0,"-37.546758, 143.823172"
2021-11-26T00:50:16+00:00,Fairyland,-37.546758,143.823172,62.0,84.0,"-37.546758, 143.823172"
2021-11-26T08:35:11+00:00,Fairyland,-37.546758,143.823172,60.0,78.0,"-37.546758, 143.823172"
2021-11-26T01:20:16+00:00,Fairyland,-37.546758,143.823172,60.0,76.0,"-37.546758, 143.823172"
2021-11-26T11:35:16+00:00,Fairyland,-37.546758,143.823172,60.0,78.0,"-37.546758, 143.823172"
2021-11-18T01:06:37+00:00,Fairyland,-37.546758,143.823172,60.0,72.0,"-37.546758, 143.823172"
2021-10-11T18:49:53+00:00,Fairyland,-37.546758,143.823172,61.0,70.0,"-37.546758, 143.823172"
2021-10-11T16:19:54+00:00,Fairyland,-37.546758,143.823172,61.0,73.0,"-37.546758, 143.823172"
2021-10-10T23:04:16+00:00,Fairyland,-37.546758,143.823172,61.0,73.0,"-37.546758, 143.823172"
2021-10-04T11:57:37+00:00,Fairyland,-37.546758,143.823172,60.0,89.0,"-37.546758, 143.823172"
2021-10-04T14:27:35+00:00,Fairyland,-37.546758,143.823172,61.0,79.0,"-37.546758, 143.823172"
2021-09-20T03:02:38+00:00,Fairyland,-37.546758,143.823172,62.0,79.0,"-37.546758, 143.823172"
2022-01-01T01:59:16+00:00,Fairyland,-37.546758,143.823172,61.0,72.0,"-37.546758, 143.823172"
2022-01-05T10:43:30+00:00,Fairyland,-37.546758,143.823172,68.0,82.0,"-37.546758, 143.823172"
2022-01-01T01:44:28+00:00,Fairyland,-37.546758,143.823172,60.0,69.0,"-37.546758, 143.823172"
2022-01-05T10:13:30+00:00,Fairyland,-37.546758,143.823172,71.0,86.0,"-37.546758, 143.823172"
2022-03-02T05:19:12+00:00,Fairyland,-37.546758,143.823172,60.0,70.0,"-37.546758, 143.823172"
2022-03-06T05:48:31+00:00,Fairyland,-37.546758,143.823172,63.0,81.0,"-37.546758, 143.823172"
2022-03-08T22:48:04+00:00,Fairyland,-37.546758,143.823172,66.0,90.0,"-37.546758, 143.823172"
2022-02-21T23:05:37+00:00,Fairyland,-37.546758,143.823172,63.0,74.0,"-37.546758, 143.823172"
2022-02-25T13:34:59+00:00,Fairyland,-37.546758,143.823172,65.0,77.0,"-37.546758, 143.823172"
2022-02-27T04:49:40+00:00,Fairyland,-37.546758,143.823172,66.0,75.0,"-37.546758, 143.823172"
2022-02-27T06:34:40+00:00,Fairyland,-37.546758,143.823172,62.0,70.0,"-37.546758, 143.823172"
2022-02-09T03:52:44+00:00,Fairyland,-37.546758,143.823172,60.0,74.0,"-37.546758, 143.823172"
2022-02-09T04:22:43+00:00,Fairyland,-37.546758,143.823172,61.0,74.0,"-37.546758, 143.823172"
2022-02-12T10:07:09+00:00,Fairyland,-37.546758,143.823172,62.0,72.0,"-37.546758, 143.823172"
2022-02-13T00:22:05+00:00,Fairyland,-37.546758,143.823172,60.0,79.0,"-37.546758, 143.823172"
2022-01-22T09:40:43+00:00,Fairyland,-37.546758,143.823172,62.0,76.0,"-37.546758, 143.823172"
2022-01-22T10:55:42+00:00,Fairyland,-37.546758,143.823172,61.0,72.0,"-37.546758, 143.823172"
2022-01-22T11:10:41+00:00,Fairyland,-37.546758,143.823172,61.0,73.0,"-37.546758, 143.823172"
2022-01-22T08:25:42+00:00,Fairyland,-37.546758,143.823172,64.0,74.0,"-37.546758, 143.823172"
2022-02-07T04:23:03+00:00,Fairyland,-37.546758,143.823172,60.0,70.0,"-37.546758, 143.823172"
2022-02-07T10:07:59+00:00,Fairyland,-37.546758,143.823172,62.0,78.0,"-37.546758, 143.823172"
2022-02-07T00:23:06+00:00,Fairyland,-37.546758,143.823172,60.0,68.0,"-37.546758, 143.823172"
2022-02-07T07:23:01+00:00,Fairyland,-37.546758,143.823172,63.0,73.0,"-37.546758, 143.823172"
2022-02-07T09:38:01+00:00,Fairyland,-37.546758,143.823172,63.0,76.0,"-37.546758, 143.823172"
2022-01-24T08:25:23+00:00,Fairyland,-37.546758,143.823172,66.0,76.0,"-37.546758, 143.823172"
2022-01-30T23:24:14+00:00,Fairyland,-37.546758,143.823172,64.0,72.0,"-37.546758, 143.823172"
2022-03-25T15:45:20+00:00,Fairyland,-37.546758,143.823172,60.0,72.0,"-37.546758, 143.823172"
2022-03-12T02:47:33+00:00,Fairyland,-37.546758,143.823172,62.0,72.0,"-37.546758, 143.823172"
2022-03-14T07:02:08+00:00,Fairyland,-37.546758,143.823172,68.0,81.0,"-37.546758, 143.823172"
2022-03-14T08:02:15+00:00,Fairyland,-37.546758,143.823172,66.0,81.0,"-37.546758, 143.823172"
2022-03-28T21:59:40+00:00,Fairyland,-37.546758,143.823172,60.0,66.0,"-37.546758, 143.823172"
2022-01-18T21:56:15+00:00,Fairyland,-37.546758,143.823172,65.0,80.0,"-37.546758, 143.823172"
2022-01-18T23:11:15+00:00,Fairyland,-37.546758,143.823172,70.0,85.0,"-37.546758, 143.823172"
2022-01-19T04:26:14+00:00,Fairyland,-37.546758,143.823172,71.0,82.0,"-37.546758, 143.823172"
2022-01-19T07:26:12+00:00,Fairyland,-37.546758,143.823172,70.0,88.0,"-37.546758, 143.823172"
2022-01-19T07:56:12+00:00,Fairyland,-37.546758,143.823172,77.0,90.0,"-37.546758, 143.823172"
2022-04-07T02:43:10+00:00,Fairyland,-37.546758,143.823172,60.0,66.0,"-37.546758, 143.823172"
2022-04-05T05:58:27+00:00,Fairyland,-37.546758,143.823172,61.0,69.0,"-37.546758, 143.823172"
2022-04-21T21:40:45+00:00,Fairyland,-37.546758,143.823172,67.0,75.0,"-37.546758, 143.823172"
2022-04-22T00:10:38+00:00,Fairyland,-37.546758,143.823172,60.0,73.0,"-37.546758, 143.823172"
2022-04-29T07:09:25+00:00,Fairyland,-37.546758,143.823172,66.0,84.0,"-37.546758, 143.823172"
2022-04-20T04:55:56+00:00,Fairyland,-37.546758,143.823172,60.0,73.0,"-37.546758, 143.823172"
2020-04-03T04:45:34+00:00,Fairyland,6.0,6.0,60.0,77.0,"6.0, 6.0"
2020-04-04T06:00:22+00:00,Fairyland,6.0,6.0,63.0,78.0,"6.0, 6.0"
2020-04-15T00:28:36+00:00,Fairyland,6.0,6.0,61.0,73.0,"6.0, 6.0"
2020-04-02T06:00:49+00:00,Fairyland,-37.546758,143.823172,66.0,80.0,"-37.546758, 143.823172"
2020-04-02T04:30:49+00:00,Fairyland,-37.546758,143.823172,66.0,86.0,"-37.546758, 143.823172"
2020-04-02T03:00:49+00:00,Fairyland,-37.546758,143.823172,75.0,86.0,"-37.546758, 143.823172"
2020-03-16T04:03:40+00:00,Fairyland,-37.546758,143.823172,62.0,81.0,"-37.546758, 143.823172"
2020-03-16T03:33:39+00:00,Fairyland,-37.546758,143.823172,64.0,81.0,"-37.546758, 143.823172"
2020-03-13T14:49:05+00:00,Fairyland,-37.546758,143.823172,62.0,86.0,"-37.546758, 143.823172"
2020-03-09T17:19:44+00:00,Fairyland,-37.546758,143.823172,60.0,77.0,"-37.546758, 143.823172"
2020-03-09T17:04:46+00:00,Fairyland,-37.546758,143.823172,61.0,78.0,"-37.546758, 143.823172"
2020-03-09T15:49:46+00:00,Fairyland,-37.546758,143.823172,62.0,75.0,"-37.546758, 143.823172"
2020-03-09T14:34:47+00:00,Fairyland,-37.546758,143.823172,67.0,82.0,"-37.546758, 143.823172"
2020-03-09T10:19:46+00:00,Fairyland,-37.546758,143.823172,64.0,80.0,"-37.546758, 143.823172"
2020-03-08T19:34:54+00:00,Fairyland,-37.546758,143.823172,60.0,84.0,"-37.546758, 143.823172"
2020-03-04T03:20:40+00:00,Fairyland,-37.546758,143.823172,60.0,74.0,"-37.546758, 143.823172"
2020-03-03T16:05:44+00:00,Fairyland,-37.546758,143.823172,60.0,77.0,"-37.546758, 143.823172"
2020-03-03T15:50:44+00:00,Fairyland,-37.546758,143.823172,62.0,84.0,"-37.546758, 143.823172"
2020-02-27T17:21:33+00:00,Fairyland,-37.546758,143.823172,63.0,76.0,"-37.546758, 143.823172"
2020-02-24T09:52:06+00:00,Fairyland,-37.546758,143.823172,60.0,75.0,"-37.546758, 143.823172"
2020-02-23T23:22:11+00:00,Fairyland,-37.546758,143.823172,62.0,79.0,"-37.546758, 143.823172"
2020-02-22T18:07:24+00:00,Fairyland,-37.546758,143.823172,63.0,77.0,"-37.546758, 143.823172"
2020-02-18T17:53:03+00:00,Fairyland,-37.546758,143.823172,65.0,91.0,"-37.546758, 143.823172"
2020-02-17T00:08:21+00:00,Fairyland,-37.546758,143.823172,68.0,85.0,"-37.546758, 143.823172"
2020-02-16T16:08:24+00:00,Fairyland,-37.546758,143.823172,62.0,76.0,"-37.546758, 143.823172"
2020-02-14T07:53:49+00:00,Fairyland,-37.546758,143.823172,65.0,71.0,"-37.546758, 143.823172"
2020-02-13T17:53:53+00:00,Fairyland,-37.546758,143.823172,64.0,76.0,"-37.546758, 143.823172"
2020-02-13T17:38:53+00:00,Fairyland,-37.546758,143.823172,61.0,80.0,"-37.546758, 143.823172"
2020-02-13T05:38:58+00:00,Fairyland,-37.546758,143.823172,68.0,80.0,"-37.546758, 143.823172"
2020-02-13T02:39:00+00:00,Fairyland,-37.546758,143.823172,61.0,88.0,"-37.546758, 143.823172"
2020-02-13T01:09:00+00:00,Fairyland,-37.546758,143.823172,62.0,84.0,"-37.546758, 143.823172"
2020-02-12T22:09:01+00:00,Fairyland,-37.546758,143.823172,61.0,84.0,"-37.546758, 143.823172"
2020-02-10T13:54:25+00:00,Fairyland,-37.546758,143.823172,64.0,75.0,"-37.546758, 143.823172"
2020-02-10T09:39:27+00:00,Fairyland,-37.546758,143.823172,63.0,79.0,"-37.546758, 143.823172"
2020-02-10T00:54:31+00:00,Fairyland,-37.546758,143.823172,69.0,84.0,"-37.546758, 143.823172"
2020-02-09T10:24:37+00:00,Fairyland,-37.546758,143.823172,60.0,80.0,"-37.546758, 143.823172"
2020-02-08T19:24:43+00:00,Fairyland,-37.546758,143.823172,72.0,90.0,"-37.546758, 143.823172"
2020-02-08T08:24:48+00:00,Fairyland,-37.546758,143.823172,60.0,81.0,"-37.546758, 143.823172"
2020-02-06T01:10:11+00:00,Fairyland,-37.546758,143.823172,62.0,81.0,"-37.546758, 143.823172"
2020-02-05T21:40:13+00:00,Fairyland,-37.546758,143.823172,60.0,84.0,"-37.546758, 143.823172"
2020-02-02T13:25:47+00:00,Fairyland,-37.546758,143.823172,63.0,79.0,"-37.546758, 143.823172"
2020-01-31T18:11:04+00:00,Fairyland,-37.546758,143.823172,62.0,89.0,"-37.546758, 143.823172"
2020-01-31T16:56:05+00:00,Fairyland,-37.546758,143.823172,61.0,76.0,"-37.546758, 143.823172"
2020-01-30T07:56:17+00:00,Fairyland,-37.546758,143.823172,60.0,70.0,"-37.546758, 143.823172"
2020-01-30T07:26:17+00:00,Fairyland,-37.546758,143.823172,60.0,72.0,"-37.546758, 143.823172"
2020-01-27T23:26:41+00:00,Fairyland,-37.546758,143.823172,61.0,72.0,"-37.546758, 143.823172"
2020-01-27T10:11:47+00:00,Fairyland,-37.546758,143.823172,64.0,69.0,"-37.546758, 143.823172"
2020-01-26T21:41:51+00:00,Fairyland,-37.546758,143.823172,70.0,93.0,"-37.546758, 143.823172"
2020-01-23T18:42:24+00:00,Fairyland,-37.546758,143.823172,64.0,82.0,"-37.546758, 143.823172"
2020-01-23T17:57:25+00:00,Fairyland,-37.546758,143.823172,66.0,82.0,"-37.546758, 143.823172"
2020-01-23T12:27:27+00:00,Fairyland,-37.546758,143.823172,63.0,80.0,"-37.546758, 143.823172"
2020-01-23T07:27:28+00:00,Fairyland,-37.546758,143.823172,71.0,91.0,"-37.546758, 143.823172"
2020-01-22T15:27:34+00:00,Fairyland,-37.546758,143.823172,62.0,82.0,"-37.546758, 143.823172"
2020-01-22T13:27:35+00:00,Fairyland,-37.546758,143.823172,65.0,92.0,"-37.546758, 143.823172"
2020-01-08T14:29:54+00:00,Fairyland,-37.546758,143.823172,69.0,86.0,"-37.546758, 143.823172"
2020-01-08T12:59:55+00:00,Fairyland,-37.546758,143.823172,68.0,82.0,"-37.546758, 143.823172"
2020-01-08T10:29:56+00:00,Fairyland,-37.546758,143.823172,66.0,83.0,"-37.546758, 143.823172"
2020-01-08T09:29:56+00:00,Fairyland,-37.546758,143.823172,63.0,80.0,"-37.546758, 143.823172"
2020-05-06T19:25:00+00:00,Fairyland,-37.546758,143.823172,60.0,80.0,"-37.546758, 143.823172"
2020-05-06T19:40:00+00:00,Fairyland,-37.546758,143.823172,62.0,98.0,"-37.546758, 143.823172"
2020-05-07T02:54:57+00:00,Fairyland,-37.546758,143.823172,62.0,75.0,"-37.546758, 143.823172"
2020-05-09T05:24:35+00:00,Fairyland,-37.546758,143.823172,63.0,80.0,"-37.546758, 143.823172"
2020-05-12T23:23:59+00:00,Fairyland,-37.546758,143.823172,65.0,74.0,"-37.546758, 143.823172"
2020-05-13T23:08:49+00:00,Fairyland,-37.546758,143.823172,86.0,91.0,"-37.546758, 143.823172"
2020-05-14T04:08:47+00:00,Fairyland,-37.546758,143.823172,61.0,64.0,"-37.546758, 143.823172"
2020-05-18T23:38:01+00:00,Fairyland,-37.546758,143.823172,62.0,73.0,"-37.546758, 143.823172"
2020-05-19T15:37:55+00:00,Fairyland,-37.546758,143.823172,62.0,84.0,"-37.546758, 143.823172"
2020-05-19T23:07:53+00:00,Fairyland,-37.546758,143.823172,60.0,76.0,"-37.546758, 143.823172"
2020-05-24T21:07:04+00:00,Fairyland,-37.546758,143.823172,68.0,79.0,"-37.546758, 143.823172"
2020-05-24T22:37:04+00:00,Fairyland,-37.546758,143.823172,78.0,91.0,"-37.546758, 143.823172"
2020-05-25T00:22:03+00:00,Fairyland,-37.546758,143.823172,76.0,88.0,"-37.546758, 143.823172"
2020-05-25T01:37:03+00:00,Fairyland,-37.546758,143.823172,80.0,90.0,"-37.546758, 143.823172"
2020-05-29T18:51:16+00:00,Fairyland,-37.546758,143.823172,62.0,87.0,"-37.546758, 143.823172"
2020-05-29T21:51:15+00:00,Fairyland,-37.546758,143.823172,60.0,75.0,"-37.546758, 143.823172"
2020-05-30T01:06:14+00:00,Fairyland,-37.546758,143.823172,62.0,89.0,"-37.546758, 143.823172"
2020-05-30T03:36:13+00:00,Fairyland,-37.546758,143.823172,63.0,86.0,"-37.546758, 143.823172"
2020-05-30T04:06:12+00:00,Fairyland,-37.546758,143.823172,66.0,93.0,"-37.546758, 143.823172"
2020-05-30T04:51:11+00:00,Fairyland,-37.546758,143.823172,65.0,88.0,"-37.546758, 143.823172"
2020-05-30T07:51:09+00:00,Fairyland,-37.546758,143.823172,61.0,82.0,"-37.546758, 143.823172"
2020-05-30T12:21:07+00:00,Fairyland,-37.546758,143.823172,62.0,94.0,"-37.546758, 143.823172"
2020-06-01T00:50:53+00:00,Fairyland,-37.546758,143.823172,68.0,87.0,"-37.546758, 143.823172"
2020-06-01T04:35:53+00:00,Fairyland,-37.546758,143.823172,61.0,82.0,"-37.546758, 143.823172"
2020-06-01T22:35:44+00:00,Fairyland,-37.546758,143.823172,66.0,71.0,"-37.546758, 143.823172"
2020-06-02T03:20:42+00:00,Fairyland,-37.546758,143.823172,61.0,73.0,"-37.546758, 143.823172"
2021-02-28T02:51:06+00:00,Fairyland,-37.546758,143.823172,64.0,79.0,"-37.546758, 143.823172"
2021-01-25T00:56:48+00:00,Fairyland,-37.546758,143.823172,64.0,87.0,"-37.546758, 143.823172"
2021-01-28T02:11:18+00:00,Fairyland,-37.546758,143.823172,64.0,78.0,"-37.546758, 143.823172"
2021-01-25T03:11:47+00:00,Fairyland,-37.546758,143.823172,61.0,83.0,"-37.546758, 143.823172"
2021-01-26T22:56:30+00:00,Fairyland,-37.546758,143.823172,65.0,83.0,"-37.546758, 143.823172"
2021-01-28T08:11:15+00:00,Fairyland,-37.546758,143.823172,62.0,78.0,"-37.546758, 143.823172"
2021-02-08T21:39:18+00:00,Fairyland,-37.546758,143.823172,61.0,74.0,"-37.546758, 143.823172"
2021-02-14T21:23:19+00:00,Fairyland,-37.546758,143.823172,64.0,80.0,"-37.546758, 143.823172"
2021-03-16T08:03:23+00:00,Fairyland,-37.546758,143.823172,64.0,78.0,"-37.546758, 143.823172"
2021-03-22T00:17:26+00:00,Fairyland,-37.546758,143.823172,60.0,71.0,"-37.546758, 143.823172"
2020-06-26T04:01:48+00:00,Fairyland,-37.546758,143.823172,61.0,69.0,"-37.546758, 143.823172"
2020-06-26T04:16:48+00:00,Fairyland,-37.546758,143.823172,61.0,67.0,"-37.546758, 143.823172"
2020-07-02T01:00:51+00:00,Fairyland,-37.546758,143.823172,60.0,73.0,"-37.546758, 143.823172"
2020-04-03T23:45:24+00:00,Fairyland,6.0,6.0,60.0,80.0,"6.0, 6.0"
2020-04-04T01:30:24+00:00,Fairyland,6.0,6.0,64.0,84.0,"6.0, 6.0"
2020-04-04T04:30:22+00:00,Fairyland,6.0,6.0,61.0,77.0,"6.0, 6.0"
2020-04-05T01:45:14+00:00,Fairyland,6.0,6.0,60.0,77.0,"6.0, 6.0"
2020-04-05T02:45:14+00:00,Fairyland,6.0,6.0,65.0,83.0,"6.0, 6.0"
2020-04-05T23:15:05+00:00,Fairyland,6.0,6.0,60.0,70.0,"6.0, 6.0"
2020-04-16T01:58:24+00:00,Fairyland,6.0,6.0,63.0,88.0,"6.0, 6.0"
2020-04-16T02:58:24+00:00,Fairyland,6.0,6.0,60.0,74.0,"6.0, 6.0"
2020-04-16T03:43:24+00:00,Fairyland,6.0,6.0,60.0,74.0,"6.0, 6.0"
2020-04-17T02:28:14+00:00,Fairyland,6.0,6.0,60.0,76.0,"6.0, 6.0"
2020-07-02T23:15:44+00:00,Fairyland,-37.546758,143.823172,60.0,76.0,"-37.546758, 143.823172"
2020-07-16T02:43:37+00:00,Fairyland,-37.546758,143.823172,61.0,71.0,"-37.546758, 143.823172"
2020-07-18T06:58:15+00:00,Fairyland,-37.546758,143.823172,60.0,79.0,"-37.546758, 143.823172"
2020-07-19T13:43:03+00:00,Fairyland,-37.546758,143.823172,62.0,82.0,"-37.546758, 143.823172"
2020-08-27T07:06:49+00:00,Fairyland,-37.546758,143.823172,69.0,90.0,"-37.546758, 143.823172"
2020-06-18T02:33:07+00:00,Fairyland,-37.546758,143.823172,60.0,70.0,"-37.546758, 143.823172"
2020-06-18T04:03:06+00:00,Fairyland,-37.546758,143.823172,63.0,89.0,"-37.546758, 143.823172"
2020-06-19T03:47:57+00:00,Fairyland,-37.546758,143.823172,61.0,87.0,"-37.546758, 143.823172"
2020-08-29T17:06:24+00:00,Fairyland,-37.546758,143.823172,60.0,84.0,"-37.546758, 143.823172"
2020-08-30T02:06:21+00:00,Fairyland,-37.546758,143.823172,60.0,78.0,"-37.546758, 143.823172"
2020-08-20T02:52:56+00:00,Fairyland,-37.546758,143.823172,63.0,84.0,"-37.546758, 143.823172"
2020-08-21T13:22:43+00:00,Fairyland,-37.546758,143.823172,61.0,79.0,"-37.546758, 143.823172"
2020-08-22T06:07:36+00:00,Fairyland,-37.546758,143.823172,64.0,92.0,"-37.546758, 143.823172"
2020-09-06T02:05:12+00:00,Fairyland,-37.546758,143.823172,60.0,80.0,"-37.546758, 143.823172"
2020-09-06T02:50:11+00:00,Fairyland,-37.546758,143.823172,60.0,80.0,"-37.546758, 143.823172"
2020-09-06T04:20:11+00:00,Fairyland,-37.546758,143.823172,62.0,85.0,"-37.546758, 143.823172"
2020-09-08T23:34:43+00:00,Fairyland,-37.546758,143.823172,72.0,81.0,"-37.546758, 143.823172"
2020-09-09T05:19:41+00:00,Fairyland,-37.546758,143.823172,64.0,80.0,"-37.546758, 143.823172"
2020-09-09T16:04:36+00:00,Fairyland,-37.546758,143.823172,77.0,89.0,"-37.546758, 143.823172"
2020-09-09T19:19:36+00:00,Fairyland,-37.546758,143.823172,69.0,81.0,"-37.546758, 143.823172"
2020-09-10T23:19:23+00:00,Fairyland,-37.546758,143.823172,65.0,93.0,"-37.546758, 143.823172"
2020-09-11T03:34:22+00:00,Fairyland,-37.546758,143.823172,61.0,76.0,"-37.546758, 143.823172"
2020-09-13T03:49:02+00:00,Fairyland,-37.546758,143.823172,60.0,74.0,"-37.546758, 143.823172"
2020-09-16T00:03:34+00:00,Fairyland,-37.546758,143.823172,61.0,81.0,"-37.546758, 143.823172"
2020-09-17T05:33:21+00:00,Fairyland,-37.546758,143.823172,60.0,77.0,"-37.546758, 143.823172"
2020-09-17T16:18:17+00:00,Fairyland,-37.546758,143.823172,60.0,71.0,"-37.546758, 143.823172"
2020-09-17T20:03:15+00:00,Fairyland,-37.546758,143.823172,64.0,75.0,"-37.546758, 143.823172"
2020-09-19T03:48:02+00:00,Fairyland,-37.546758,143.823172,64.0,84.0,"-37.546758, 143.823172"
2020-09-19T05:48:01+00:00,Fairyland,-37.546758,143.823172,62.0,78.0,"-37.546758, 143.823172"
2020-09-19T10:02:59+00:00,Fairyland,-37.546758,143.823172,64.0,84.0,"-37.546758, 143.823172"
2020-09-19T12:32:59+00:00,Fairyland,-37.546758,143.823172,64.0,89.0,"-37.546758, 143.823172"
2020-09-23T06:02:22+00:00,Fairyland,-37.546758,143.823172,60.0,74.0,"-37.546758, 143.823172"
2020-09-07T00:35:02+00:00,Fairyland,-37.546758,143.823172,66.0,101.0,"-37.546758, 143.823172"
2020-09-07T07:05:00+00:00,Fairyland,-37.546758,143.823172,62.0,80.0,"-37.546758, 143.823172"
2020-09-07T10:04:58+00:00,Fairyland,-37.546758,143.823172,63.0,92.0,"-37.546758, 143.823172"
2020-09-07T12:04:58+00:00,Fairyland,-37.546758,143.823172,62.0,91.0,"-37.546758, 143.823172"
2020-09-07T14:19:57+00:00,Fairyland,-37.546758,143.823172,60.0,90.0,"-37.546758, 143.823172"
2020-09-09T04:49:41+00:00,Fairyland,-37.546758,143.823172,61.0,76.0,"-37.546758, 143.823172"
2020-09-09T12:49:37+00:00,Fairyland,-37.546758,143.823172,60.0,73.0,"-37.546758, 143.823172"
2020-09-09T18:34:37+00:00,Fairyland,-37.546758,143.823172,70.0,80.0,"-37.546758, 143.823172"
2020-09-11T00:34:23+00:00,Fairyland,-37.546758,143.823172,62.0,79.0,"-37.546758, 143.823172"
2020-09-11T05:04:21+00:00,Fairyland,-37.546758,143.823172,60.0,80.0,"-37.546758, 143.823172"
2020-09-17T01:48:23+00:00,Fairyland,-37.546758,143.823172,61.0,75.0,"-37.546758, 143.823172"
2020-09-17T15:33:17+00:00,Fairyland,-37.546758,143.823172,61.0,75.0,"-37.546758, 143.823172"
2020-09-19T03:33:02+00:00,Fairyland,-37.546758,143.823172,62.0,77.0,"-37.546758, 143.823172"
2020-09-19T07:48:00+00:00,Fairyland,-37.546758,143.823172,64.0,91.0,"-37.546758, 143.823172"
2020-09-19T15:32:57+00:00,Fairyland,-37.546758,143.823172,62.0,87.0,"-37.546758, 143.823172"
2020-09-24T11:17:10+00:00,Fairyland,-37.546758,143.823172,61.0,80.0,"-37.546758, 143.823172"
2020-10-03T00:15:46+00:00,Fairyland,-37.546758,143.823172,61.0,88.0,"-37.546758, 143.823172"
2020-10-02T00:15:57+00:00,Fairyland,-37.546758,143.823172,60.0,91.0,"-37.546758, 143.823172"
2020-09-22T23:32:24+00:00,Fairyland,-37.546758,143.823172,61.0,84.0,"-37.546758, 143.823172"
2020-10-07T13:15:01+00:00,Fairyland,-37.546758,143.823172,62.0,80.0,"-37.546758, 143.823172"
2020-10-07T14:00:01+00:00,Fairyland,-37.546758,143.823172,62.0,87.0,"-37.546758, 143.823172"
2020-10-08T16:14:51+00:00,Fairyland,-37.546758,143.823172,60.0,83.0,"-37.546758, 143.823172"
2020-10-08T19:59:49+00:00,Fairyland,-37.546758,143.823172,61.0,81.0,"-37.546758, 143.823172"
2020-10-08T20:59:49+00:00,Fairyland,-37.546758,143.823172,63.0,79.0,"-37.546758, 143.823172"
2020-10-08T12:14:52+00:00,Fairyland,-37.546758,143.823172,67.0,89.0,"-37.546758, 143.823172"
2020-10-08T13:14:52+00:00,Fairyland,-37.546758,143.823172,61.0,76.0,"-37.546758, 143.823172"
2020-10-12T02:29:17+00:00,Fairyland,-37.546758,143.823172,60.0,73.0,"-37.546758, 143.823172"
2020-10-13T07:44:05+00:00,Fairyland,-37.546758,143.823172,68.0,76.0,"-37.546758, 143.823172"
2020-10-13T16:14:01+00:00,Fairyland,-37.546758,143.823172,63.0,72.0,"-37.546758, 143.823172"
2020-07-14T12:43:51+00:00,Fairyland,-37.546758,143.823172,72.0,84.0,"-37.546758, 143.823172"
2020-07-14T16:13:50+00:00,Fairyland,-37.546758,143.823172,64.0,81.0,"-37.546758, 143.823172"
2020-07-14T16:58:50+00:00,Fairyland,-37.546758,143.823172,70.0,80.0,"-37.546758, 143.823172"
2020-10-15T22:58:39+00:00,Fairyland,-37.546758,143.823172,74.0,84.0,"-37.546758, 143.823172"
2020-07-15T00:13:47+00:00,Fairyland,-37.546758,143.823172,67.0,82.0,"-37.546758, 143.823172"
2020-07-18T01:58:17+00:00,Fairyland,-37.546758,143.823172,61.0,90.0,"-37.546758, 143.823172"
2020-07-18T02:43:17+00:00,Fairyland,-37.546758,143.823172,61.0,87.0,"-37.546758, 143.823172"
2020-07-19T04:58:06+00:00,Fairyland,-37.546758,143.823172,64.0,75.0,"-37.546758, 143.823172"
2020-07-19T07:43:05+00:00,Fairyland,-37.546758,143.823172,63.0,74.0,"-37.546758, 143.823172"
2020-07-19T07:58:05+00:00,Fairyland,-37.546758,143.823172,61.0,70.0,"-37.546758, 143.823172"
2020-07-19T09:28:04+00:00,Fairyland,-37.546758,143.823172,66.0,87.0,"-37.546758, 143.823172"
2020-07-19T11:28:04+00:00,Fairyland,-37.546758,143.823172,67.0,87.0,"-37.546758, 143.823172"
2020-07-20T02:42:57+00:00,Fairyland,-37.546758,143.823172,61.0,80.0,"-37.546758, 143.823172"
2020-07-20T03:42:57+00:00,Fairyland,-37.546758,143.823172,61.0,75.0,"-37.546758, 143.823172"
2020-07-27T05:56:48+00:00,Fairyland,-37.546758,143.823172,61.0,79.0,"-37.546758, 143.823172"
2020-07-25T18:57:03+00:00,Fairyland,-37.546758,143.823172,60.0,73.0,"-37.546758, 143.823172"
2020-07-25T20:57:02+00:00,Fairyland,-37.546758,143.823172,60.0,67.0,"-37.546758, 143.823172"
2020-08-27T00:51:52+00:00,Fairyland,-37.546758,143.823172,60.0,75.0,"-37.546758, 143.823172"
2020-08-27T01:06:52+00:00,Fairyland,-37.546758,143.823172,62.0,77.0,"-37.546758, 143.823172"
2020-08-01T04:56:00+00:00,Fairyland,-37.546758,143.823172,60.0,74.0,"-37.546758, 143.823172"
2020-08-27T01:36:51+00:00,Fairyland,-37.546758,143.823172,61.0,82.0,"-37.546758, 143.823172"
2020-08-27T03:36:51+00:00,Fairyland,-37.546758,143.823172,69.0,89.0,"-37.546758, 143.823172"
2020-08-27T10:06:48+00:00,Fairyland,-37.546758,143.823172,61.0,80.0,"-37.546758, 143.823172"
2020-08-04T03:10:32+00:00,Fairyland,-37.546758,143.823172,60.0,85.0,"-37.546758, 143.823172"
2020-08-29T00:36:31+00:00,Fairyland,-37.546758,143.823172,60.0,81.0,"-37.546758, 143.823172"
2020-08-29T22:06:22+00:00,Fairyland,-37.546758,143.823172,61.0,85.0,"-37.546758, 143.823172"
2020-08-30T02:21:21+00:00,Fairyland,-37.546758,143.823172,60.0,85.0,"-37.546758, 143.823172"
2020-08-06T15:55:08+00:00,Fairyland,-37.546758,143.823172,64.0,80.0,"-37.546758, 143.823172"
2020-09-07T01:05:02+00:00,Fairyland,-37.546758,143.823172,65.0,96.0,"-37.546758, 143.823172"
2020-09-07T09:34:59+00:00,Fairyland,-37.546758,143.823172,60.0,82.0,"-37.546758, 143.823172"
2020-10-13T05:14:06+00:00,Fairyland,-37.546758,143.823172,61.0,79.0,"-37.546758, 143.823172"
2020-11-20T04:37:47+00:00,Fairyland,-37.546758,143.823172,62.0,73.0,"-37.546758, 143.823172"
2020-10-13T10:29:04+00:00,Fairyland,-37.546758,143.823172,65.0,75.0,"-37.546758, 143.823172"
2020-10-13T10:59:03+00:00,Fairyland,-37.546758,143.823172,61.0,72.0,"-37.546758, 143.823172"
2020-11-20T11:37:44+00:00,Fairyland,-37.546758,143.823172,61.0,75.0,"-37.546758, 143.823172"
2020-11-12T02:24:08+00:00,Fairyland,-37.546758,143.823172,62.0,81.0,"-37.546758, 143.823172"
2020-10-18T21:13:09+00:00,Fairyland,-37.546758,143.823172,63.0,72.0,"-37.546758, 143.823172"
2020-10-23T14:57:21+00:00,Fairyland,-37.546758,143.823172,60.0,70.0,"-37.546758, 143.823172"
2020-10-25T05:42:05+00:00,Fairyland,-37.546758,143.823172,60.0,79.0,"-37.546758, 143.823172"
2020-10-26T22:11:50+00:00,Fairyland,-37.546758,143.823172,72.0,82.0,"-37.546758, 143.823172"
2020-10-30T01:26:17+00:00,Fairyland,-37.546758,143.823172,60.0,71.0,"-37.546758, 143.823172"
2020-11-02T00:55:49+00:00,Fairyland,-37.546758,143.823172,64.0,71.0,"-37.546758, 143.823172"
2020-11-02T22:10:39+00:00,Fairyland,-37.546758,143.823172,64.0,76.0,"-37.546758, 143.823172"
2020-10-29T21:56:18+00:00,Fairyland,-37.546758,143.823172,67.0,79.0,"-37.546758, 143.823172"
2020-10-19T00:43:08+00:00,Fairyland,-37.546758,143.823172,60.0,70.0,"-37.546758, 143.823172"
2020-10-30T02:41:16+00:00,Fairyland,-37.546758,143.823172,60.0,69.0,"-37.546758, 143.823172"
2020-11-05T06:25:15+00:00,Fairyland,-37.546758,143.823172,60.0,65.0,"-37.546758, 143.823172"
2020-11-10T03:09:27+00:00,Fairyland,-37.546758,143.823172,63.0,69.0,"-37.546758, 143.823172"
2020-11-11T00:24:18+00:00,Fairyland,-37.546758,143.823172,60.0,81.0,"-37.546758, 143.823172"
2020-10-19T03:28:07+00:00,Fairyland,-37.546758,143.823172,63.0,67.0,"-37.546758, 143.823172"
2020-10-21T11:12:42+00:00,Fairyland,-37.546758,143.823172,62.0,77.0,"-37.546758, 143.823172"
2020-10-21T23:42:37+00:00,Fairyland,-37.546758,143.823172,63.0,80.0,"-37.546758, 143.823172"
2020-10-25T18:42:00+00:00,Fairyland,-37.546758,143.823172,60.0,87.0,"-37.546758, 143.823172"
2020-10-26T02:26:57+00:00,Fairyland,-37.546758,143.823172,83.0,97.0,"-37.546758, 143.823172"
2020-10-26T05:56:56+00:00,Fairyland,-37.546758,143.823172,72.0,86.0,"-37.546758, 143.823172"
2020-10-27T08:26:46+00:00,Fairyland,-37.546758,143.823172,67.0,85.0,"-37.546758, 143.823172"
2020-10-27T15:56:41+00:00,Fairyland,-37.546758,143.823172,60.0,72.0,"-37.546758, 143.823172"
2020-11-01T12:25:52+00:00,Fairyland,-37.546758,143.823172,66.0,90.0,"-37.546758, 143.823172"
2020-11-10T22:39:19+00:00,Fairyland,-37.546758,143.823172,60.0,79.0,"-37.546758, 143.823172"
2020-10-18T21:28:09+00:00,Fairyland,-37.546758,143.823172,63.0,80.0,"-37.546758, 143.823172"
2020-10-21T13:57:41+00:00,Fairyland,-37.546758,143.823172,64.0,75.0,"-37.546758, 143.823172"
2020-10-21T20:57:38+00:00,Fairyland,-37.546758,143.823172,64.0,73.0,"-37.546758, 143.823172"
2020-10-26T23:26:49+00:00,Fairyland,-37.546758,143.823172,61.0,72.0,"-37.546758, 143.823172"
2020-10-27T02:41:48+00:00,Fairyland,-37.546758,143.823172,61.0,70.0,"-37.546758, 143.823172"
2020-10-27T03:56:48+00:00,Fairyland,-37.546758,143.823172,60.0,73.0,"-37.546758, 143.823172"
2020-11-11T04:54:16+00:00,Fairyland,-37.546758,143.823172,62.0,74.0,"-37.546758, 143.823172"
2021-05-11T20:24:01+00:00,Fairyland,-37.546758,143.823172,65.0,78.0,"-37.546758, 143.823172"
2021-05-11T21:24:00+00:00,Fairyland,-37.546758,143.823172,65.0,77.0,"-37.546758, 143.823172"
2021-05-13T02:23:49+00:00,Fairyland,-37.546758,143.823172,69.0,80.0,"-37.546758, 143.823172"
2021-05-11T10:39:05+00:00,Fairyland,-37.546758,143.823172,62.0,78.0,"-37.546758, 143.823172"
2021-04-15T02:28:25+00:00,Fairyland,-37.546758,143.823172,61.0,74.0,"-37.546758, 143.823172"
2021-06-09T10:49:20+00:00,Fairyland,-37.546758,143.823172,62.0,81.0,"-37.546758, 143.823172"
2021-06-09T13:04:19+00:00,Fairyland,-37.546758,143.823172,61.0,82.0,"-37.546758, 143.823172"
2021-06-09T16:19:18+00:00,Fairyland,-37.546758,143.823172,61.0,79.0,"-37.546758, 143.823172"
2021-06-09T18:19:17+00:00,Fairyland,-37.546758,143.823172,61.0,81.0,"-37.546758, 143.823172"
2021-06-09T11:04:19+00:00,Fairyland,-37.546758,143.823172,61.0,81.0,"-37.546758, 143.823172"
2021-06-09T13:34:19+00:00,Fairyland,-37.546758,143.823172,61.0,79.0,"-37.546758, 143.823172"
2021-06-09T17:04:18+00:00,Fairyland,-37.546758,143.823172,63.0,84.0,"-37.546758, 143.823172"
2021-06-10T18:04:08+00:00,Fairyland,-37.546758,143.823172,60.0,69.0,"-37.546758, 143.823172"
2021-06-16T22:18:06+00:00,Fairyland,-37.546758,143.823172,61.0,69.0,"-37.546758, 143.823172"
2021-07-20T02:57:43+00:00,Fairyland,-37.546758,143.823172,60.0,70.0,"-37.546758, 143.823172"
2020-04-30T02:11:06+00:00,Fairyland,-37.546758,143.823172,60.0,71.0,"-37.546758, 143.823172"
2020-04-30T03:41:05+00:00,Fairyland,-37.546758,143.823172,67.0,83.0,"-37.546758, 143.823172"
2020-04-30T04:41:04+00:00,Fairyland,-37.546758,143.823172,67.0,82.0,"-37.546758, 143.823172"
2020-04-30T05:26:04+00:00,Fairyland,-37.546758,143.823172,63.0,79.0,"-37.546758, 143.823172"
2020-04-30T08:41:03+00:00,Fairyland,-37.546758,143.823172,60.0,78.0,"-37.546758, 143.823172"
2020-04-30T09:56:02+00:00,Fairyland,-37.546758,143.823172,63.0,82.0,"-37.546758, 143.823172"
2020-04-30T10:11:03+00:00,Fairyland,-37.546758,143.823172,60.0,79.0,"-37.546758, 143.823172"
2020-04-30T13:11:01+00:00,Fairyland,-37.546758,143.823172,60.0,76.0,"-37.546758, 143.823172"
2020-04-30T13:41:01+00:00,Fairyland,-37.546758,143.823172,62.0,84.0,"-37.546758, 143.823172"
2020-04-30T16:55:59+00:00,Fairyland,-37.546758,143.823172,62.0,77.0,"-37.546758, 143.823172"
2020-04-30T20:40:58+00:00,Fairyland,-37.546758,143.823172,60.0,79.0,"-37.546758, 143.823172"
2020-05-01T05:10:54+00:00,Fairyland,-37.546758,143.823172,65.0,89.0,"-37.546758, 143.823172"
2020-05-01T05:40:54+00:00,Fairyland,-37.546758,143.823172,61.0,77.0,"-37.546758, 143.823172"
2020-05-01T06:10:54+00:00,Fairyland,-37.546758,143.823172,61.0,88.0,"-37.546758, 143.823172"
2020-05-01T11:55:52+00:00,Fairyland,-37.546758,143.823172,60.0,82.0,"-37.546758, 143.823172"
2020-05-01T13:40:51+00:00,Fairyland,-37.546758,143.823172,62.0,82.0,"-37.546758, 143.823172"
2020-05-01T19:25:49+00:00,Fairyland,-37.546758,143.823172,60.0,79.0,"-37.546758, 143.823172"
2020-05-04T03:55:26+00:00,Fairyland,-37.546758,143.823172,66.0,74.0,"-37.546758, 143.823172"
2020-05-05T04:10:16+00:00,Fairyland,-37.546758,143.823172,70.0,85.0,"-37.546758, 143.823172"
2020-05-05T04:25:16+00:00,Fairyland,-37.546758,143.823172,68.0,89.0,"-37.546758, 143.823172"
2020-05-05T04:40:16+00:00,Fairyland,-37.546758,143.823172,61.0,74.0,"-37.546758, 143.823172"
2020-05-06T02:10:07+00:00,Fairyland,-37.546758,143.823172,81.0,87.0,"-37.546758, 143.823172"
2020-05-06T19:55:00+00:00,Fairyland,-37.546758,143.823172,60.0,85.0,"-37.546758, 143.823172"
2020-05-06T23:54:58+00:00,Fairyland,-37.546758,143.823172,62.0,92.0,"-37.546758, 143.823172"
2020-05-07T00:09:58+00:00,Fairyland,-37.546758,143.823172,62.0,81.0,"-37.546758, 143.823172"
2020-05-07T02:24:57+00:00,Fairyland,-37.546758,143.823172,63.0,75.0,"-37.546758, 143.823172"
2020-05-24T20:22:04+00:00,Fairyland,-37.546758,143.823172,62.0,78.0,"-37.546758, 143.823172"
2020-01-16T11:13:36+00:00,Fairyland,-37.546758,143.823172,62.0,65.0,"-37.546758, 143.823172"
2020-01-15T15:28:44+00:00,Fairyland,-37.546758,143.823172,61.0,88.0,"-37.546758, 143.823172"
2020-01-14T21:58:52+00:00,Fairyland,-37.546758,143.823172,70.0,81.0,"-37.546758, 143.823172"
2020-01-12T18:29:15+00:00,Fairyland,-37.546758,143.823172,63.0,71.0,"-37.546758, 143.823172"
2020-01-12T14:44:16+00:00,Fairyland,-37.546758,143.823172,62.0,75.0,"-37.546758, 143.823172"
2020-01-12T11:14:17+00:00,Fairyland,-37.546758,143.823172,60.0,75.0,"-37.546758, 143.823172"
2020-01-08T14:14:54+00:00,Fairyland,-37.546758,143.823172,63.0,81.0,"-37.546758, 143.823172"
2020-01-08T12:44:55+00:00,Fairyland,-37.546758,143.823172,66.0,80.0,"-37.546758, 143.823172"
2020-01-08T08:29:57+00:00,Fairyland,-37.546758,143.823172,65.0,87.0,"-37.546758, 143.823172"
2020-05-29T18:21:16+00:00,Fairyland,-37.546758,143.823172,60.0,90.0,"-37.546758, 143.823172"
2020-05-29T23:21:14+00:00,Fairyland,-37.546758,143.823172,62.0,80.0,"-37.546758, 143.823172"
2020-05-30T00:06:14+00:00,Fairyland,-37.546758,143.823172,63.0,91.0,"-37.546758, 143.823172"
2020-05-30T00:51:14+00:00,Fairyland,-37.546758,143.823172,62.0,84.0,"-37.546758, 143.823172"
2020-05-30T05:06:10+00:00,Fairyland,-37.546758,143.823172,66.0,102.0,"-37.546758, 143.823172"
2020-05-30T06:06:10+00:00,Fairyland,-37.546758,143.823172,65.0,102.0,"-37.546758, 143.823172"
2021-11-18T03:21:33+00:00,Fairyland,-37.546758,143.823172,65.0,77.0,"-37.546758, 143.823172"
2020-05-31T23:05:53+00:00,Fairyland,-37.546758,143.823172,65.0,82.0,"-37.546758, 143.823172"
2020-06-01T05:05:52+00:00,Fairyland,-37.546758,143.823172,62.0,78.0,"-37.546758, 143.823172"
2020-06-01T05:50:52+00:00,Fairyland,-37.546758,143.823172,60.0,70.0,"-37.546758, 143.823172"
2020-06-04T00:20:24+00:00,Fairyland,-37.546758,143.823172,61.0,69.0,"-37.546758, 143.823172"
2021-01-15T07:28:25+00:00,Fairyland,-37.546758,143.823172,61.0,78.0,"-37.546758, 143.823172"
2021-01-15T02:13:27+00:00,Fairyland,-37.546758,143.823172,60.0,83.0,"-37.546758, 143.823172"
2021-01-15T06:43:25+00:00,Fairyland,-37.546758,143.823172,61.0,78.0,"-37.546758, 143.823172"
2021-01-12T20:28:50+00:00,Fairyland,-37.546758,143.823172,73.0,87.0,"-37.546758, 143.823172"
2020-12-11T01:49:17+00:00,Fairyland,-37.546758,143.823172,62.0,73.0,"-37.546758, 143.823172"
2020-12-12T09:19:04+00:00,Fairyland,-37.546758,143.823172,61.0,72.0,"-37.546758, 143.823172"
2020-12-15T19:33:31+00:00,Fairyland,-37.546758,143.823172,61.0,77.0,"-37.546758, 143.823172"
2020-12-16T13:33:23+00:00,Fairyland,-37.546758,143.823172,72.0,82.0,"-37.546758, 143.823172"
2020-12-30T03:31:06+00:00,Fairyland,-37.546758,143.823172,74.0,90.0,"-37.546758, 143.823172"
2021-11-23T21:35:42+00:00,Fairyland,-37.546758,143.823172,60.0,68.0,"-37.546758, 143.823172"
2020-12-21T22:17:30+00:00,Fairyland,-37.546758,143.823172,66.0,73.0,"-37.546758, 143.823172"
2021-01-06T21:59:48+00:00,Fairyland,-37.546758,143.823172,62.0,75.0,"-37.546758, 143.823172"
2020-12-13T20:48:49+00:00,Fairyland,-37.546758,143.823172,60.0,74.0,"-37.546758, 143.823172"
2020-12-15T09:48:34+00:00,Fairyland,-37.546758,143.823172,61.0,77.0,"-37.546758, 143.823172"
2021-09-29T09:40:47+00:00,Fairyland,-37.546758,143.823172,67.0,83.0,"-37.546758, 143.823172"
2021-09-30T07:10:37+00:00,Fairyland,-37.546758,143.823172,65.0,85.0,"-37.546758, 143.823172"
2021-09-29T06:55:47+00:00,Fairyland,-37.546758,143.823172,62.0,77.0,"-37.546758, 143.823172"
2021-02-14T22:08:18+00:00,Fairyland,-37.546758,143.823172,64.0,77.0,"-37.546758, 143.823172"
2021-02-14T23:23:18+00:00,Fairyland,-37.546758,143.823172,62.0,74.0,"-37.546758, 143.823172"
2021-02-18T21:52:38+00:00,Fairyland,-37.546758,143.823172,61.0,72.0,"-37.546758, 143.823172"
2021-10-15T03:55:53+00:00,Fairyland,-37.546758,143.823172,60.0,70.0,"-37.546758, 143.823172"
2021-02-20T02:52:26+00:00,Fairyland,-37.546758,143.823172,60.0,68.0,"-37.546758, 143.823172"
2020-12-05T12:50:13+00:00,Fairyland,-37.546758,143.823172,60.0,82.0,"-37.546758, 143.823172"
2020-11-01T12:10:52+00:00,Fairyland,-37.546758,143.823172,70.0,91.0,"-37.546758, 143.823172"
2020-11-11T06:09:16+00:00,Fairyland,-37.546758,143.823172,61.0,82.0,"-37.546758, 143.823172"
2020-11-16T04:08:26+00:00,Fairyland,-37.546758,143.823172,61.0,85.0,"-37.546758, 143.823172"
2020-11-17T10:38:14+00:00,Fairyland,-37.546758,143.823172,65.0,76.0,"-37.546758, 143.823172"
2020-11-28T03:51:27+00:00,Fairyland,-37.546758,143.823172,64.0,75.0,"-37.546758, 143.823172"
2020-12-01T04:05:57+00:00,Fairyland,-37.546758,143.823172,61.0,81.0,"-37.546758, 143.823172"
2020-11-07T20:24:50+00:00,Fairyland,-37.546758,143.823172,62.0,73.0,"-37.546758, 143.823172"
2021-12-05T00:18:53+00:00,Fairyland,-37.546758,143.823172,60.0,72.0,"-37.546758, 143.823172"
2021-01-27T12:11:25+00:00,Fairyland,-37.546758,143.823172,63.0,77.0,"-37.546758, 143.823172"
2021-01-28T06:26:16+00:00,Fairyland,-37.546758,143.823172,61.0,81.0,"-37.546758, 143.823172"
2021-01-28T06:41:16+00:00,Fairyland,-37.546758,143.823172,64.0,87.0,"-37.546758, 143.823172"
2021-01-16T01:28:17+00:00,Fairyland,-37.546758,143.823172,60.0,76.0,"-37.546758, 143.823172"
2022-01-09T08:42:53+00:00,Fairyland,-37.546758,143.823172,65.0,72.0,"-37.546758, 143.823172"
2022-03-19T01:16:20+00:00,Fairyland,-37.546758,143.823172,66.0,83.0,"-37.546758, 143.823172"
2022-03-19T06:46:19+00:00,Fairyland,-37.546758,143.823172,75.0,85.0,"-37.546758, 143.823172"
2022-03-19T09:46:16+00:00,Fairyland,-37.546758,143.823172,80.0,92.0,"-37.546758, 143.823172"
2022-03-13T02:02:22+00:00,Fairyland,-37.546758,143.823172,64.0,76.0,"-37.546758, 143.823172"
2022-03-13T04:47:19+00:00,Fairyland,-37.546758,143.823172,64.0,76.0,"-37.546758, 143.823172"
2022-03-13T09:32:17+00:00,Fairyland,-37.546758,143.823172,61.0,71.0,"-37.546758, 143.823172"
2021-06-10T21:19:07+00:00,Fairyland,-37.546758,143.823172,65.0,78.0,"-37.546758, 143.823172"
2022-03-13T09:47:19+00:00,Fairyland,-37.546758,143.823172,61.0,68.0,"-37.546758, 143.823172"
2021-06-09T20:34:16+00:00,Fairyland,-37.546758,143.823172,62.0,80.0,"-37.546758, 143.823172"
2021-04-13T04:28:44+00:00,Fairyland,-37.546758,143.823172,60.0,79.0,"-37.546758, 143.823172"
2022-02-26T07:19:52+00:00,Fairyland,-37.546758,143.823172,63.0,85.0,"-37.546758, 143.823172"
2021-08-11T04:39:09+00:00,Fairyland,-37.546758,143.823172,60.0,77.0,"-37.546758, 143.823172"
2022-02-24T21:50:07+00:00,Fairyland,-37.546758,143.823172,60.0,71.0,"-37.546758, 143.823172"
2022-01-26T04:10:05+00:00,Fairyland,-37.546758,143.823172,60.0,74.0,"-37.546758, 143.823172"
2021-08-15T18:08:25+00:00,Fairyland,-37.546758,143.823172,60.0,77.0,"-37.546758, 143.823172"
2021-07-02T07:15:36+00:00,Fairyland,-37.546758,143.823172,63.0,78.0,"-37.546758, 143.823172"
2022-01-29T07:09:33+00:00,Fairyland,-37.546758,143.823172,61.0,74.0,"-37.546758, 143.823172"
2022-01-30T03:24:22+00:00,Fairyland,-37.546758,143.823172,60.0,73.0,"-37.546758, 143.823172"
2022-02-06T21:38:06+00:00,Fairyland,-37.546758,143.823172,66.0,68.0,"-37.546758, 143.823172"
2022-02-09T03:22:41+00:00,Fairyland,-37.546758,143.823172,60.0,69.0,"-37.546758, 143.823172"
2022-02-09T21:22:37+00:00,Fairyland,-37.546758,143.823172,61.0,68.0,"-37.546758, 143.823172"
2022-02-09T21:52:34+00:00,Fairyland,-37.546758,143.823172,60.0,67.0,"-37.546758, 143.823172"
2022-02-05T07:38:24+00:00,Fairyland,-37.546758,143.823172,60.0,77.0,"-37.546758, 143.823172"
2021-09-03T05:35:24+00:00,Fairyland,-37.546758,143.823172,61.0,73.0,"-37.546758, 143.823172"
2022-02-07T06:08:01+00:00,Fairyland,-37.546758,143.823172,62.0,75.0,"-37.546758, 143.823172"
2022-02-07T09:22:59+00:00,Fairyland,-37.546758,143.823172,60.0,78.0,"-37.546758, 143.823172"
2022-02-07T08:53:01+00:00,Fairyland,-37.546758,143.823172,62.0,74.0,"-37.546758, 143.823172"
2022-01-22T10:10:42+00:00,Fairyland,-37.546758,143.823172,63.0,77.0,"-37.546758, 143.823172"
2022-01-20T23:25:57+00:00,Fairyland,-37.546758,143.823172,60.0,70.0,"-37.546758, 143.823172"
2022-01-22T08:40:42+00:00,Fairyland,-37.546758,143.823172,64.0,78.0,"-37.546758, 143.823172"
2022-01-27T08:54:51+00:00,Fairyland,-37.546758,143.823172,60.0,79.0,"-37.546758, 143.823172"
2021-11-04T20:23:45+00:00,Fairyland,-37.546758,143.823172,62.0,73.0,"-37.546758, 143.823172"
2021-11-04T22:38:48+00:00,Fairyland,-37.546758,143.823172,60.0,71.0,"-37.546758, 143.823172"
2021-11-04T16:38:47+00:00,Fairyland,-37.546758,143.823172,60.0,73.0,"-37.546758, 143.823172"
2021-11-04T18:23:46+00:00,Fairyland,-37.546758,143.823172,66.0,77.0,"-37.546758, 143.823172"
2021-11-04T19:08:52+00:00,Fairyland,-37.546758,143.823172,65.0,77.0,"-37.546758, 143.823172"
2021-11-07T20:53:15+00:00,Fairyland,-37.546758,143.823172,65.0,77.0,"-37.546758, 143.823172"
2022-03-06T18:33:24+00:00,Fairyland,-37.546758,143.823172,60.0,77.0,"-37.546758, 143.823172"
2021-11-05T20:38:37+00:00,Fairyland,-37.546758,143.823172,61.0,73.0,"-37.546758, 143.823172"
2022-03-09T22:02:52+00:00,Fairyland,-37.546758,143.823172,70.0,87.0,"-37.546758, 143.823172"
2021-10-19T12:25:10+00:00,Fairyland,-37.546758,143.823172,62.0,74.0,"-37.546758, 143.823172"
2021-10-19T16:25:08+00:00,Fairyland,-37.546758,143.823172,62.0,73.0,"-37.546758, 143.823172"
2022-02-22T00:05:33+00:00,Fairyland,-37.546758,143.823172,61.0,69.0,"-37.546758, 143.823172"
2021-10-10T20:34:17+00:00,Fairyland,-37.546758,143.823172,60.0,73.0,"-37.546758, 143.823172"
2021-10-10T22:34:16+00:00,Fairyland,-37.546758,143.823172,61.0,64.0,"-37.546758, 143.823172"
2021-09-29T07:10:47+00:00,Fairyland,-37.546758,143.823172,64.0,74.0,"-37.546758, 143.823172"
2021-10-11T19:34:53+00:00,Fairyland,-37.546758,143.823172,60.0,69.0,"-37.546758, 143.823172"
2022-01-18T21:26:15+00:00,Fairyland,-37.546758,143.823172,67.0,81.0,"-37.546758, 143.823172"
2022-01-19T11:56:10+00:00,Fairyland,-37.546758,143.823172,65.0,84.0,"-37.546758, 143.823172"
2022-01-19T21:41:07+00:00,Fairyland,-37.546758,143.823172,64.0,67.0,"-37.546758, 143.823172"
2022-01-21T08:55:50+00:00,Fairyland,-37.546758,143.823172,63.0,75.0,"-37.546758, 143.823172"
2022-01-18T21:41:19+00:00,Fairyland,-37.546758,143.823172,66.0,85.0,"-37.546758, 143.823172"
2021-11-14T11:07:10+00:00,Fairyland,-37.546758,143.823172,60.0,79.0,"-37.546758, 143.823172"
2021-11-14T13:07:12+00:00,Fairyland,-37.546758,143.823172,60.0,82.0,"-37.546758, 143.823172"
2022-01-19T08:56:12+00:00,Fairyland,-37.546758,143.823172,64.0,79.0,"-37.546758, 143.823172"
2021-09-29T23:10:41+00:00,Fairyland,-37.546758,143.823172,60.0,65.0,"-37.546758, 143.823172"
2021-09-29T11:55:45+00:00,Fairyland,-37.546758,143.823172,60.0,72.0,"-37.546758, 143.823172"
2021-11-26T01:05:23+00:00,Fairyland,-37.546758,143.823172,63.0,81.0,"-37.546758, 143.823172"
2021-11-26T22:35:05+00:00,Fairyland,-37.546758,143.823172,63.0,78.0,"-37.546758, 143.823172"
2021-10-19T17:25:08+00:00,Fairyland,-37.546758,143.823172,61.0,68.0,"-37.546758, 143.823172"
2022-04-13T23:11:59+00:00,Fairyland,-37.546758,143.823172,63.0,70.0,"-37.546758, 143.823172"
2021-12-02T04:34:13+00:00,Fairyland,-37.546758,143.823172,66.0,90.0,"-37.546758, 143.823172"
2021-12-05T20:48:36+00:00,Fairyland,-37.546758,143.823172,70.0,85.0,"-37.546758, 143.823172"
2021-12-01T10:34:20+00:00,Fairyland,-37.546758,143.823172,62.0,78.0,"-37.546758, 143.823172"
2022-01-05T06:43:40+00:00,Fairyland,-37.546758,143.823172,60.0,72.0,"-37.546758, 143.823172"
2021-12-28T03:59:54+00:00,Fairyland,-37.546758,143.823172,60.0,73.0,"-37.546758, 143.823172"
2021-12-28T05:14:52+00:00,Fairyland,-37.546758,143.823172,61.0,83.0,"-37.546758, 143.823172"
2022-05-16T01:36:37+00:00,Fairyland,-37.546758,143.823172,61.0,69.0,"-37.546758, 143.823172"
2022-05-15T21:51:39+00:00,Fairyland,-37.546758,143.823172,62.0,82.0,"-37.546758, 143.823172"
2021-12-31T01:14:24+00:00,Fairyland,-37.546758,143.823172,60.0,73.0,"-37.546758, 143.823172"
2022-01-10T20:42:37+00:00,Fairyland,-37.546758,143.823172,62.0,74.0,"-37.546758, 143.823172"
2022-01-10T21:12:37+00:00,Fairyland,-37.546758,143.823172,62.0,77.0,"-37.546758, 143.823172"
2022-01-10T23:27:34+00:00,Fairyland,-37.546758,143.823172,63.0,75.0,"-37.546758, 143.823172"
2022-01-16T11:26:41+00:00,Fairyland,-37.546758,143.823172,60.0,69.0,"-37.546758, 143.823172"
2022-01-23T08:55:38+00:00,Fairyland,-37.546758,143.823172,68.0,76.0,"-37.546758, 143.823172"
2022-05-16T04:51:42+00:00,Fairyland,-37.546758,143.823172,60.0,67.0,"-37.546758, 143.823172"
2022-01-30T04:39:21+00:00,Fairyland,-37.546758,143.823172,60.0,73.0,"-37.546758, 143.823172"
2022-02-02T20:38:45+00:00,Fairyland,-37.546758,143.823172,71.0,83.0,"-37.546758, 143.823172"
2022-02-09T00:22:45+00:00,Fairyland,-37.546758,143.823172,62.0,74.0,"-37.546758, 143.823172"
2022-03-04T13:03:48+00:00,Fairyland,-37.546758,143.823172,61.0,77.0,"-37.546758, 143.823172"
2022-03-03T21:33:55+00:00,Fairyland,-37.546758,143.823172,61.0,72.0,"-37.546758, 143.823172"
2022-10-23T13:40:21+00:00,Fairyland,-37.546758,143.823172,67.0,87.0,"-37.546758, 143.823172"
2022-10-23T14:40:21+00:00,Fairyland,-37.546758,143.823172,71.0,88.0,"-37.546758, 143.823172"
2022-10-23T16:25:20+00:00,Fairyland,-37.546758,143.823172,73.0,86.0,"-37.546758, 143.823172"
2022-03-06T14:33:25+00:00,Fairyland,-37.546758,143.823172,70.0,86.0,"-37.546758, 143.823172"
2022-03-06T14:03:26+00:00,Fairyland,-37.546758,143.823172,68.0,89.0,"-37.546758, 143.823172"
2022-03-08T16:33:07+00:00,Fairyland,-37.546758,143.823172,62.0,81.0,"-37.546758, 143.823172"
2022-03-08T19:18:06+00:00,Fairyland,-37.546758,143.823172,60.0,77.0,"-37.546758, 143.823172"
2022-03-08T23:18:02+00:00,Fairyland,-37.546758,143.823172,65.0,88.0,"-37.546758, 143.823172"
2022-03-12T07:47:30+00:00,Fairyland,-37.546758,143.823172,66.0,72.0,"-37.546758, 143.823172"
2022-03-13T05:47:20+00:00,Fairyland,-37.546758,143.823172,64.0,71.0,"-37.546758, 143.823172"
2022-11-19T08:20:56+00:00,Fairyland,-37.546758,143.823172,61.0,90.0,"-37.546758, 143.823172"
2022-04-04T01:13:39+00:00,Fairyland,-37.546758,143.823172,74.0,84.0,"-37.546758, 143.823172"
2022-04-05T17:28:23+00:00,Fairyland,-37.546758,143.823172,62.0,77.0,"-37.546758, 143.823172"
2022-04-06T23:58:09+00:00,Fairyland,-37.546758,143.823172,60.0,76.0,"-37.546758, 143.823172"
2022-04-12T21:27:20+00:00,Fairyland,-37.546758,143.823172,61.0,71.0,"-37.546758, 143.823172"
2022-04-13T02:12:08+00:00,Fairyland,-37.546758,143.823172,64.0,75.0,"-37.546758, 143.823172"
2022-04-13T07:27:06+00:00,Fairyland,-37.546758,143.823172,60.0,73.0,"-37.546758, 143.823172"
2022-04-13T22:57:06+00:00,Fairyland,-37.546758,143.823172,64.0,75.0,"-37.546758, 143.823172"
2022-06-30T22:44:09+00:00,Fairyland,-37.546758,143.823172,61.0,74.0,"-37.546758, 143.823172"
2022-06-23T18:00:22+00:00,Fairyland,-37.546758,143.823172,61.0,70.0,"-37.546758, 143.823172"
2022-06-04T15:33:26+00:00,Fairyland,-37.546758,143.823172,61.0,87.0,"-37.546758, 143.823172"
2022-06-04T17:48:25+00:00,Fairyland,-37.546758,143.823172,61.0,87.0,"-37.546758, 143.823172"
2022-06-23T23:30:17+00:00,Fairyland,-37.546758,143.823172,64.0,70.0,"-37.546758, 143.823172"
2022-07-07T18:13:03+00:00,Fairyland,-37.546758,143.823172,60.0,70.0,"-37.546758, 143.823172"
2022-12-11T20:47:11+00:00,Fairyland,-37.546758,143.823172,68.0,79.0,"-37.546758, 143.823172"
2023-05-28T23:04:10+00:00,Fairyland,-37.546758,143.823172,63.0,67.0,"-37.546758, 143.823172"
2023-06-03T11:33:15+00:00,Fairyland,-37.546758,143.823172,67.0,80.0,"-37.546758, 143.823172"
2023-06-05T13:32:54+00:00,Fairyland,-37.546758,143.823172,60.0,76.0,"-37.546758, 143.823172"
2023-04-06T20:12:48+00:00,Fairyland,-37.546758,143.823172,64.0,84.0,"-37.546758, 143.823172"
2023-05-02T19:23:27+00:00,Fairyland,-37.546758,143.823172,61.0,72.0,"-37.546758, 143.823172"
2023-06-03T07:48:16+00:00,Fairyland,-37.546758,143.823172,62.0,82.0,"-37.546758, 143.823172"
2023-06-03T08:03:16+00:00,Fairyland,-37.546758,143.823172,60.0,74.0,"-37.546758, 143.823172"
2023-06-03T10:48:15+00:00,Fairyland,-37.546758,143.823172,62.0,81.0,"-37.546758, 143.823172"
2023-10-02T20:11:45+00:00,Fairyland,-37.546758,143.823172,63.0,73.0,"-37.546758, 143.823172"
2023-09-07T21:45:54+00:00,Fairyland,-37.546758,143.823172,64.0,88.0,"-37.546758, 143.823172"
2023-08-21T21:33:42+00:00,Fairyland,-37.546758,143.823172,66.0,82.0,"-37.546758, 143.823172"
2023-12-06T04:01:00+00:00,Fairyland,-37.546758,143.823172,60.0,71.0,"-37.546758, 143.823172"
2023-12-11T04:45:08+00:00,Fairyland,-37.546758,143.823172,64.0,77.0,"-37.546758, 143.823172"
2023-12-11T08:00:07+00:00,Fairyland,-37.546758,143.823172,60.0,71.0,"-37.546758, 143.823172"
2023-12-24T11:42:55+00:00,Fairyland,-37.546758,143.823172,68.0,90.0,"-37.546758, 143.823172"
2023-05-02T18:53:28+00:00,Fairyland,-37.546758,143.823172,61.0,83.0,"-37.546758, 143.823172"
2023-05-02T19:38:27+00:00,Fairyland,-37.546758,143.823172,60.0,85.0,"-37.546758, 143.823172"
2023-06-03T10:33:15+00:00,Fairyland,-37.546758,143.823172,61.0,76.0,"-37.546758, 143.823172"
2023-06-03T10:03:15+00:00,Fairyland,-37.546758,143.823172,61.0,73.0,"-37.546758, 143.823172"
2023-06-06T19:32:41+00:00,Fairyland,-37.546758,143.823172,61.0,77.0,"-37.546758, 143.823172"
2023-06-07T01:17:39+00:00,Fairyland,-37.546758,143.823172,65.0,82.0,"-37.546758, 143.823172"
2023-06-07T03:17:38+00:00,Fairyland,-37.546758,143.823172,62.0,82.0,"-37.546758, 143.823172"
2023-06-07T07:47:36+00:00,Fairyland,-37.546758,143.823172,60.0,79.0,"-37.546758, 143.823172"
2023-10-21T21:53:34+00:00,Fairyland,-37.546758,143.823172,61.0,86.0,"-37.546758, 143.823172"
2020-05-12T03:54:07+00:00,Fairyland,-37.546758,143.823172,62.0,73.0,"-37.546758, 143.823172"
2020-05-25T04:07:02+00:00,Fairyland,-37.546758,143.823172,63.0,78.0,"-37.546758, 143.823172"
2020-05-07T02:09:57+00:00,Fairyland,-37.546758,143.823172,63.0,86.0,"-37.546758, 143.823172"
2020-05-07T05:39:55+00:00,Fairyland,-37.546758,143.823172,61.0,79.0,"-37.546758, 143.823172"
2020-05-08T21:39:39+00:00,Fairyland,-37.546758,143.823172,63.0,82.0,"-37.546758, 143.823172"
2020-05-09T04:39:36+00:00,Fairyland,-37.546758,143.823172,60.0,77.0,"-37.546758, 143.823172"
2020-05-09T08:24:34+00:00,Fairyland,-37.546758,143.823172,62.0,81.0,"-37.546758, 143.823172"
2020-05-14T22:08:41+00:00,Fairyland,-37.546758,143.823172,60.0,80.0,"-37.546758, 143.823172"
2020-05-18T04:53:08+00:00,Fairyland,-37.546758,143.823172,61.0,67.0,"-37.546758, 143.823172"
2020-05-19T05:07:58+00:00,Fairyland,-37.546758,143.823172,60.0,78.0,"-37.546758, 143.823172"
2020-04-03T03:00:35+00:00,Fairyland,6.0,6.0,60.0,78.0,"6.0, 6.0"
2020-04-16T22:28:16+00:00,Fairyland,6.0,6.0,61.0,70.0,"6.0, 6.0"
2023-10-21T21:23:34+00:00,Fairyland,-37.546758,143.823172,62.0,88.0,"-37.546758, 143.823172"
2020-04-23T21:57:08+00:00,Fairyland,-37.546758,143.823172,61.0,68.0,"-37.546758, 143.823172"
2020-04-25T16:26:49+00:00,Fairyland,-37.546758,143.823172,60.0,72.0,"-37.546758, 143.823172"
2020-06-13T17:33:51+00:00,Fairyland,-37.546758,143.823172,61.0,79.0,"-37.546758, 143.823172"
2020-06-16T02:03:27+00:00,Fairyland,-37.546758,143.823172,60.0,76.0,"-37.546758, 143.823172"
2020-06-16T06:48:25+00:00,Fairyland,-37.546758,143.823172,60.0,75.0,"-37.546758, 143.823172"
2020-06-16T22:03:18+00:00,Fairyland,-37.546758,143.823172,63.0,75.0,"-37.546758, 143.823172"
2020-06-18T02:18:07+00:00,Fairyland,-37.546758,143.823172,60.0,82.0,"-37.546758, 143.823172"
2020-06-19T00:47:58+00:00,Fairyland,-37.546758,143.823172,64.0,93.0,"-37.546758, 143.823172"
2020-06-19T02:32:57+00:00,Fairyland,-37.546758,143.823172,63.0,86.0,"-37.546758, 143.823172"
2021-03-06T12:35:02+00:00,Fairyland,-37.546758,143.823172,61.0,72.0,"-37.546758, 143.823172"
2021-03-10T08:04:23+00:00,Fairyland,-37.546758,143.823172,60.0,69.0,"-37.546758, 143.823172"
2021-02-28T06:21:04+00:00,Fairyland,-37.546758,143.823172,60.0,72.0,"-37.546758, 143.823172"
2021-02-28T09:21:03+00:00,Fairyland,-37.546758,143.823172,63.0,71.0,"-37.546758, 143.823172"
2021-04-10T06:44:13+00:00,Fairyland,-37.546758,143.823172,61.0,78.0,"-37.546758, 143.823172"
2021-04-14T04:28:34+00:00,Fairyland,-37.546758,143.823172,60.0,76.0,"-37.546758, 143.823172"
2020-09-21T03:32:42+00:00,Fairyland,-37.546758,143.823172,60.0,74.0,"-37.546758, 143.823172"
2020-09-26T05:16:53+00:00,Fairyland,-37.546758,143.823172,60.0,74.0,"-37.546758, 143.823172"
2020-08-21T05:37:46+00:00,Fairyland,-37.546758,143.823172,64.0,93.0,"-37.546758, 143.823172"
2020-08-22T08:37:35+00:00,Fairyland,-37.546758,143.823172,61.0,87.0,"-37.546758, 143.823172"
2020-08-27T03:06:51+00:00,Fairyland,-37.546758,143.823172,65.0,80.0,"-37.546758, 143.823172"
2020-08-27T06:36:49+00:00,Fairyland,-37.546758,143.823172,73.0,94.0,"-37.546758, 143.823172"
2020-08-29T06:21:28+00:00,Fairyland,-37.546758,143.823172,60.0,77.0,"-37.546758, 143.823172"
2020-08-22T05:37:36+00:00,Fairyland,-37.546758,143.823172,64.0,82.0,"-37.546758, 143.823172"
2020-08-30T10:21:18+00:00,Fairyland,-37.546758,143.823172,63.0,79.0,"-37.546758, 143.823172"
2020-09-02T00:35:52+00:00,Fairyland,-37.546758,143.823172,61.0,84.0,"-37.546758, 143.823172"
2020-09-06T23:05:03+00:00,Fairyland,-37.546758,143.823172,62.0,91.0,"-37.546758, 143.823172"
2020-09-07T03:35:01+00:00,Fairyland,-37.546758,143.823172,65.0,93.0,"-37.546758, 143.823172"
2020-09-21T01:32:43+00:00,Fairyland,-37.546758,143.823172,60.0,82.0,"-37.546758, 143.823172"
2020-10-01T23:30:57+00:00,Fairyland,-37.546758,143.823172,63.0,78.0,"-37.546758, 143.823172"
2020-09-03T01:05:41+00:00,Fairyland,-37.546758,143.823172,61.0,78.0,"-37.546758, 143.823172"
2020-09-06T05:05:10+00:00,Fairyland,-37.546758,143.823172,61.0,77.0,"-37.546758, 143.823172"
2020-09-27T23:46:36+00:00,Fairyland,-37.546758,143.823172,60.0,69.0,"-37.546758, 143.823172"
2020-10-04T14:15:29+00:00,Fairyland,-37.546758,143.823172,67.0,87.0,"-37.546758, 143.823172"
2020-08-22T04:52:37+00:00,Fairyland,-37.546758,143.823172,69.0,95.0,"-37.546758, 143.823172"
2020-08-22T10:52:34+00:00,Fairyland,-37.546758,143.823172,61.0,81.0,"-37.546758, 143.823172"
2020-08-29T22:36:22+00:00,Fairyland,-37.546758,143.823172,61.0,82.0,"-37.546758, 143.823172"
2020-09-03T00:20:42+00:00,Fairyland,-37.546758,143.823172,62.0,85.0,"-37.546758, 143.823172"
2020-09-03T02:35:41+00:00,Fairyland,-37.546758,143.823172,71.0,90.0,"-37.546758, 143.823172"
2020-09-07T04:05:01+00:00,Fairyland,-37.546758,143.823172,65.0,93.0,"-37.546758, 143.823172"
2020-09-09T00:04:43+00:00,Fairyland,-37.546758,143.823172,69.0,82.0,"-37.546758, 143.823172"
2020-09-22T03:17:32+00:00,Fairyland,-37.546758,143.823172,68.0,85.0,"-37.546758, 143.823172"
2020-09-22T08:02:30+00:00,Fairyland,-37.546758,143.823172,60.0,79.0,"-37.546758, 143.823172"
2020-10-12T02:44:17+00:00,Fairyland,-37.546758,143.823172,60.0,76.0,"-37.546758, 143.823172"
2020-10-12T03:59:17+00:00,Fairyland,-37.546758,143.823172,60.0,83.0,"-37.546758, 143.823172"
2020-10-14T21:43:47+00:00,Fairyland,-37.546758,143.823172,62.0,70.0,"-37.546758, 143.823172"
2020-10-16T00:13:38+00:00,Fairyland,-37.546758,143.823172,67.0,75.0,"-37.546758, 143.823172"
2020-10-26T02:41:57+00:00,Fairyland,-37.546758,143.823172,79.0,96.0,"-37.546758, 143.823172"
2020-10-26T04:41:57+00:00,Fairyland,-37.546758,143.823172,71.0,87.0,"-37.546758, 143.823172"
2020-10-27T11:41:43+00:00,Fairyland,-37.546758,143.823172,61.0,73.0,"-37.546758, 143.823172"
2020-10-07T08:45:03+00:00,Fairyland,-37.546758,143.823172,64.0,76.0,"-37.546758, 143.823172"
2020-10-07T09:00:03+00:00,Fairyland,-37.546758,143.823172,67.0,79.0,"-37.546758, 143.823172"
2020-09-25T01:47:03+00:00,Fairyland,-37.546758,143.823172,60.0,74.0,"-37.546758, 143.823172"
2020-11-17T12:08:13+00:00,Fairyland,-37.546758,143.823172,61.0,70.0,"-37.546758, 143.823172"
2020-11-20T15:52:43+00:00,Fairyland,-37.546758,143.823172,60.0,73.0,"-37.546758, 143.823172"
2020-10-29T21:41:18+00:00,Fairyland,-37.546758,143.823172,65.0,78.0,"-37.546758, 143.823172"
2020-10-29T23:26:18+00:00,Fairyland,-37.546758,143.823172,63.0,78.0,"-37.546758, 143.823172"
2020-11-03T01:55:37+00:00,Fairyland,-37.546758,143.823172,61.0,74.0,"-37.546758, 143.823172"
2020-11-28T03:06:28+00:00,Fairyland,-37.546758,143.823172,60.0,68.0,"-37.546758, 143.823172"
2020-11-28T18:06:21+00:00,Fairyland,-37.546758,143.823172,66.0,81.0,"-37.546758, 143.823172"
2020-12-01T03:50:56+00:00,Fairyland,-37.546758,143.823172,61.0,80.0,"-37.546758, 143.823172"
2020-12-05T03:35:17+00:00,Fairyland,-37.546758,143.823172,60.0,74.0,"-37.546758, 143.823172"
2020-12-05T08:35:14+00:00,Fairyland,-37.546758,143.823172,60.0,78.0,"-37.546758, 143.823172"
2020-12-31T01:15:58+00:00,Fairyland,-37.546758,143.823172,60.0,75.0,"-37.546758, 143.823172"
2020-12-17T11:33:13+00:00,Fairyland,-37.546758,143.823172,60.0,86.0,"-37.546758, 143.823172"
2020-12-20T08:32:45+00:00,Fairyland,-37.546758,143.823172,65.0,74.0,"-37.546758, 143.823172"
2020-12-20T09:17:44+00:00,Fairyland,-37.546758,143.823172,67.0,79.0,"-37.546758, 143.823172"
2020-12-20T09:32:44+00:00,Fairyland,-37.546758,143.823172,66.0,82.0,"-37.546758, 143.823172"
2020-12-20T13:47:43+00:00,Fairyland,-37.546758,143.823172,61.0,70.0,"-37.546758, 143.823172"
2020-12-20T14:32:42+00:00,Fairyland,-37.546758,143.823172,63.0,75.0,"-37.546758, 143.823172"
2020-07-14T05:58:54+00:00,Fairyland,-37.546758,143.823172,62.0,77.0,"-37.546758, 143.823172"
2020-08-09T12:39:40+00:00,Fairyland,-37.546758,143.823172,70.0,84.0,"-37.546758, 143.823172"
2020-08-10T00:09:35+00:00,Fairyland,-37.546758,143.823172,62.0,69.0,"-37.546758, 143.823172"
2020-08-10T00:54:35+00:00,Fairyland,-37.546758,143.823172,61.0,68.0,"-37.546758, 143.823172"
2020-08-19T06:53:05+00:00,Fairyland,-37.546758,143.823172,60.0,75.0,"-37.546758, 143.823172"
2020-08-20T00:07:58+00:00,Fairyland,-37.546758,143.823172,62.0,88.0,"-37.546758, 143.823172"
2020-08-20T23:07:48+00:00,Fairyland,-37.546758,143.823172,66.0,80.0,"-37.546758, 143.823172"
2020-08-20T23:52:48+00:00,Fairyland,-37.546758,143.823172,62.0,81.0,"-37.546758, 143.823172"
2020-08-21T00:22:48+00:00,Fairyland,-37.546758,143.823172,63.0,78.0,"-37.546758, 143.823172"
2020-08-21T01:07:48+00:00,Fairyland,-37.546758,143.823172,64.0,80.0,"-37.546758, 143.823172"
2020-08-21T01:22:47+00:00,Fairyland,-37.546758,143.823172,66.0,85.0,"-37.546758, 143.823172"
2020-08-21T02:07:47+00:00,Fairyland,-37.546758,143.823172,68.0,84.0,"-37.546758, 143.823172"
2020-08-21T03:22:47+00:00,Fairyland,-37.546758,143.823172,67.0,89.0,"-37.546758, 143.823172"
2020-08-21T04:22:46+00:00,Fairyland,-37.546758,143.823172,65.0,88.0,"-37.546758, 143.823172"
2021-05-25T00:21:51+00:00,Fairyland,-37.546758,143.823172,61.0,89.0,"-37.546758, 143.823172"
2021-05-25T03:06:50+00:00,Fairyland,-37.546758,143.823172,62.0,83.0,"-37.546758, 143.823172"
2021-05-25T20:51:42+00:00,Fairyland,-37.546758,143.823172,62.0,93.0,"-37.546758, 143.823172"
2021-05-20T02:22:41+00:00,Fairyland,-37.546758,143.823172,69.0,78.0,"-37.546758, 143.823172"
2021-05-20T04:07:40+00:00,Fairyland,-37.546758,143.823172,64.0,73.0,"-37.546758, 143.823172"
2021-06-07T13:49:38+00:00,Fairyland,-37.546758,143.823172,60.0,72.0,"-37.546758, 143.823172"
2021-06-15T05:48:22+00:00,Fairyland,-37.546758,143.823172,61.0,68.0,"-37.546758, 143.823172"
2021-06-07T00:04:43+00:00,Fairyland,-37.546758,143.823172,60.0,84.0,"-37.546758, 143.823172"
2021-06-09T18:04:17+00:00,Fairyland,-37.546758,143.823172,61.0,83.0,"-37.546758, 143.823172"
2021-06-15T17:33:18+00:00,Fairyland,-37.546758,143.823172,60.0,77.0,"-37.546758, 143.823172"
2021-05-11T20:09:01+00:00,Fairyland,-37.546758,143.823172,65.0,76.0,"-37.546758, 143.823172"
2021-05-14T15:08:34+00:00,Fairyland,-37.546758,143.823172,60.0,84.0,"-37.546758, 143.823172"
2021-05-14T16:08:33+00:00,Fairyland,-37.546758,143.823172,60.0,80.0,"-37.546758, 143.823172"
2021-05-06T22:24:50+00:00,Fairyland,-37.546758,143.823172,60.0,65.0,"-37.546758, 143.823172"
2021-05-11T18:39:01+00:00,Fairyland,-37.546758,143.823172,62.0,77.0,"-37.546758, 143.823172"
2021-05-11T09:09:05+00:00,Fairyland,-37.546758,143.823172,64.0,79.0,"-37.546758, 143.823172"
2021-05-11T12:54:04+00:00,Fairyland,-37.546758,143.823172,62.0,75.0,"-37.546758, 143.823172"
2021-05-11T14:09:03+00:00,Fairyland,-37.546758,143.823172,60.0,76.0,"-37.546758, 143.823172"
2021-02-14T21:38:19+00:00,Fairyland,-37.546758,143.823172,65.0,77.0,"-37.546758, 143.823172"
2021-02-20T01:22:26+00:00,Fairyland,-37.546758,143.823172,61.0,71.0,"-37.546758, 143.823172"
2021-02-20T01:37:26+00:00,Fairyland,-37.546758,143.823172,62.0,69.0,"-37.546758, 143.823172"
2021-02-20T03:37:25+00:00,Fairyland,-37.546758,143.823172,61.0,67.0,"-37.546758, 143.823172"
2021-02-20T04:07:25+00:00,Fairyland,-37.546758,143.823172,60.0,70.0,"-37.546758, 143.823172"
2021-06-25T03:46:47+00:00,Fairyland,-37.546758,143.823172,61.0,71.0,"-37.546758, 143.823172"
2021-07-24T15:12:00+00:00,Fairyland,-37.546758,143.823172,63.0,82.0,"-37.546758, 143.823172"
2021-07-29T21:56:09+00:00,Fairyland,-37.546758,143.823172,60.0,78.0,"-37.546758, 143.823172"
2021-07-28T05:11:26+00:00,Fairyland,-37.546758,143.823172,61.0,78.0,"-37.546758, 143.823172"
2021-07-28T05:26:26+00:00,Fairyland,-37.546758,143.823172,60.0,82.0,"-37.546758, 143.823172"
2021-10-24T20:54:16+00:00,Fairyland,-37.546758,143.823172,73.0,86.0,"-37.546758, 143.823172"
2021-11-14T10:22:13+00:00,Fairyland,-37.546758,143.823172,65.0,83.0,"-37.546758, 143.823172"
2021-11-22T23:50:47+00:00,Fairyland,-37.546758,143.823172,61.0,71.0,"-37.546758, 143.823172"
2021-11-26T21:20:12+00:00,Fairyland,-37.546758,143.823172,63.0,86.0,"-37.546758, 143.823172"
2021-11-26T22:50:11+00:00,Fairyland,-37.546758,143.823172,61.0,79.0,"-37.546758, 143.823172"
2021-11-27T15:50:00+00:00,Fairyland,-37.546758,143.823172,61.0,75.0,"-37.546758, 143.823172"
2021-11-27T15:04:58+00:00,Fairyland,-37.546758,143.823172,60.0,71.0,"-37.546758, 143.823172"
2021-11-22T07:35:51+00:00,Fairyland,-37.546758,143.823172,61.0,71.0,"-37.546758, 143.823172"
2021-10-19T14:25:09+00:00,Fairyland,-37.546758,143.823172,72.0,86.0,"-37.546758, 143.823172"
2021-09-20T06:47:35+00:00,Fairyland,-37.546758,143.823172,62.0,81.0,"-37.546758, 143.823172"
2021-09-29T08:55:47+00:00,Fairyland,-37.546758,143.823172,66.0,78.0,"-37.546758, 143.823172"
2021-09-24T10:01:56+00:00,Fairyland,-37.546758,143.823172,61.0,84.0,"-37.546758, 143.823172"
2021-11-04T19:38:46+00:00,Fairyland,-37.546758,143.823172,66.0,78.0,"-37.546758, 143.823172"
2021-11-04T20:53:47+00:00,Fairyland,-37.546758,143.823172,61.0,71.0,"-37.546758, 143.823172"
2021-12-28T03:14:55+00:00,Fairyland,-37.546758,143.823172,60.0,74.0,"-37.546758, 143.823172"
